lead_id,from_status_id,from_status_name,to_status_id,to_status_name,changed_at,changed_by_user_id,changed_by_user_name
49952701,88403154,Новые заявки,88403166,Назначили показ,2026-09-21T10:15:42.000Z,14213266,Умар (оператор)
49948969,88403154,Новые заявки,143,Закрыто и не реализовано,2026-09-21T10:03:02.000Z,14213266,Умар (оператор)
49946987,88403154,Новые заявки,88403162,Квалифицирован (отправили инфо),2026-09-21T10:01:27.000Z,14213266,Умар (оператор)
49951503,88403154,Новые заявки,143,Закрыто и не реализовано,2026-09-21T09:56:23.000Z,14213266,Умар (оператор)
49950245,88403154,Новые заявки,88403162,Квалифицирован (отправили инфо),2026-09-21T09:55:51.000Z,14213266,Умар (оператор)
49745211,88594558,Взято в работу (Недозвон),143,Закрыто и не реализовано,2026-09-21T09:54:55.000Z,14213266,Умар (оператор)
49952701,88403150,Неразобранное,88403154,Новые заявки,2026-09-21T09:52:38.000Z,0,
49824597,88594558,Взято в работу (Недозвон),143,Закрыто и не реализовано,2026-09-21T09:52:19.000Z,14213266,Умар (оператор)
49882497,88594558,Взято в работу (Недозвон),143,Закрыто и не реализовано,2026-09-21T09:51:35.000Z,14213266,Умар (оператор)
49887493,88594558,Взято в работу (Недозвон),143,Закрыто и не реализовано,2026-09-21T09:50:01.000Z,14213266,Умар (оператор)
49931293,88594558,Взято в работу (Недозвон),143,Закрыто и не реализовано,2026-09-21T09:49:03.000Z,14213266,Умар (оператор)
49813549,88594558,Взято в работу (Недозвон),143,Закрыто и не реализовано,2026-09-21T09:48:32.000Z,14213266,Умар (оператор)
49641117,88594558,Взято в работу (Недозвон),143,Закрыто и не реализовано,2026-09-21T09:47:57.000Z,14213266,Умар (оператор)
49813477,88594558,Взято в работу (Недозвон),143,Закрыто и не реализовано,2026-09-21T09:47:37.000Z,14213266,Умар (оператор)
49871139,88594558,Взято в работу (Недозвон),143,Закрыто и не реализовано,2026-09-21T09:47:05.000Z,14213266,Умар (оператор)
49813815,88594558,Взято в работу (Недозвон),143,Закрыто и не реализовано,2026-09-21T09:46:34.000Z,14213266,Умар (оператор)
49873299,88594558,Взято в работу (Недозвон),143,Закрыто и не реализовано,2026-09-21T09:46:05.000Z,14213266,Умар (оператор)
49755697,88403166,Назначили показ,143,Закрыто и не реализовано,2026-09-21T09:43:53.000Z,14213266,Умар (оператор)
49452131,88539638,Ожидаем завершение объекта,88539642,Отправили предложение,2026-09-21T09:37:21.000Z,14213266,Умар (оператор)
49951503,88403150,Неразобранное,88403154,Новые заявки,2026-09-21T09:30:58.000Z,0,
49949871,82313754,Неразобранное,86701234,Переговоры,2026-09-21T09:07:48.000Z,13268930,Комола (Rooftop hall)
49946509,82313754,Неразобранное,82601126,КП / презентация,2026-09-21T08:14:36.000Z,13268930,Комола (Rooftop hall)
49731153,88594558,Взято в работу (Недозвон),143,Закрыто и не реализовано,2026-09-21T08:03:27.000Z,14213266,Умар (оператор)
49946233,86701234,Переговоры,88403166,Назначили показ,2026-09-21T07:59:20.000Z,14213266,Умар (оператор)
49861325,88594558,Взято в работу (Недозвон),143,Закрыто и не реализовано,2026-09-21T07:52:12.000Z,14213266,Умар (оператор)
49593597,88594558,Взято в работу (Недозвон),143,Закрыто и не реализовано,2026-09-21T07:48:59.000Z,14213266,Умар (оператор)
49880837,88594558,Взято в работу (Недозвон),143,Закрыто и не реализовано,2026-09-21T07:48:08.000Z,14213266,Умар (оператор)
49798987,88594558,Взято в работу (Недозвон),143,Закрыто и не реализовано,2026-09-21T07:39:55.000Z,14213266,Умар (оператор)
49900967,88594558,Взято в работу (Недозвон),143,Закрыто и не реализовано,2026-09-21T07:34:17.000Z,14213266,Умар (оператор)
49621681,88594558,Взято в работу (Недозвон),143,Закрыто и не реализовано,2026-09-21T07:33:55.000Z,14213266,Умар (оператор)
49841433,88594558,Взято в работу (Недозвон),143,Закрыто и не реализовано,2026-09-21T07:33:33.000Z,14213266,Умар (оператор)
49880835,88594558,Взято в работу (Недозвон),143,Закрыто и не реализовано,2026-09-21T07:33:06.000Z,14213266,Умар (оператор)
49902757,82313754,Неразобранное,86701234,Переговоры,2026-09-21T07:32:22.000Z,13268930,Комола (Rooftop hall)
49582683,88594558,Взято в работу (Недозвон),143,Закрыто и не реализовано,2026-09-21T07:31:40.000Z,14213266,Умар (оператор)
49907549,88594558,Взято в работу (Недозвон),143,Закрыто и не реализовано,2026-09-21T07:31:09.000Z,14213266,Умар (оператор)
49925103,88594558,Взято в работу (Недозвон),88403162,Квалифицирован (отправили инфо),2026-09-21T07:30:28.000Z,14213266,Умар (оператор)
49906071,88594558,Взято в работу (Недозвон),143,Закрыто и не реализовано,2026-09-21T07:29:47.000Z,14213266,Умар (оператор)
49931351,88594558,Взято в работу (Недозвон),143,Закрыто и не реализовано,2026-09-21T07:29:20.000Z,14213266,Умар (оператор)
49705543,88594558,Взято в работу (Недозвон),88403162,Квалифицирован (отправили инфо),2026-09-21T07:28:53.000Z,14213266,Умар (оператор)
49900903,82313754,Неразобранное,143,Закрыто и не реализовано,2026-09-21T07:27:48.000Z,13268930,Комола (Rooftop hall)
49918811,82313754,Неразобранное,143,Закрыто и не реализовано,2026-09-21T07:25:29.000Z,13268930,Комола (Rooftop hall)
49911641,82313754,Неразобранное,86701234,Переговоры,2026-09-21T07:23:21.000Z,13268930,Комола (Rooftop hall)
49881077,82313754,Неразобранное,86701234,Переговоры,2026-09-21T07:02:10.000Z,13268930,Комола (Rooftop hall)
49861517,88594558,Взято в работу (Недозвон),88403162,Квалифицирован (отправили инфо),2026-09-21T07:01:53.000Z,14213266,Умар (оператор)
49934995,82313754,Неразобранное,86701234,Переговоры,2026-09-21T06:59:42.000Z,13268930,Комола (Rooftop hall)
49753017,88594558,Взято в работу (Недозвон),88403162,Квалифицирован (отправили инфо),2026-09-21T06:58:40.000Z,14213266,Умар (оператор)
49911117,82313754,Неразобранное,86701234,Переговоры,2026-09-21T06:58:28.000Z,13268930,Комола (Rooftop hall)
49876391,82313754,Неразобранное,143,Закрыто и не реализовано,2026-09-21T06:57:25.000Z,13268930,Комола (Rooftop hall)
49871831,82313754,Неразобранное,86701234,Переговоры,2026-09-21T06:54:01.000Z,13268930,Комола (Rooftop hall)
49823403,88594558,Взято в работу (Недозвон),88403162,Квалифицирован (отправили инфо),2026-09-21T06:51:31.000Z,14213266,Умар (оператор)
49855253,82313754,Неразобранное,143,Закрыто и не реализовано,2026-09-21T06:51:10.000Z,13268930,Комола (Rooftop hall)
49851275,82313754,Неразобранное,143,Закрыто и не реализовано,2026-09-21T06:49:54.000Z,13268930,Комола (Rooftop hall)
49843797,82313754,Неразобранное,86701234,Переговоры,2026-09-21T06:47:42.000Z,13268930,Комола (Rooftop hall)
49833271,82313754,Неразобранное,86701234,Переговоры,2026-09-21T06:43:01.000Z,13268930,Комола (Rooftop hall)
49753933,88594558,Взято в работу (Недозвон),143,Закрыто и не реализовано,2026-09-21T06:42:36.000Z,14213266,Умар (оператор)
49827401,82313754,Неразобранное,143,Закрыто и не реализовано,2026-09-21T06:42:23.000Z,13268930,Комола (Rooftop hall)
49826455,82313754,Неразобранное,86701234,Переговоры,2026-09-21T06:41:25.000Z,13268930,Комола (Rooftop hall)
49825291,82313754,Неразобранное,86701234,Переговоры,2026-09-21T06:38:01.000Z,13268930,Комола (Rooftop hall)
49808469,82313754,Неразобранное,143,Закрыто и не реализовано,2026-09-21T06:35:08.000Z,13268930,Комола (Rooftop hall)
49796321,82313754,Неразобранное,143,Закрыто и не реализовано,2026-09-21T06:34:13.000Z,13268930,Комола (Rooftop hall)
49711581,88403170,Показ провели,143,Закрыто и не реализовано,2026-09-21T05:57:59.000Z,14213266,Умар (оператор)
49644159,88403170,Показ провели,143,Закрыто и не реализовано,2026-09-21T05:57:27.000Z,14213266,Умар (оператор)
49640129,88403170,Показ провели,143,Закрыто и не реализовано,2026-09-21T05:56:39.000Z,14213266,Умар (оператор)
49902203,88594558,Взято в работу (Недозвон),143,Закрыто и не реализовано,2026-09-21T05:55:39.000Z,14213266,Умар (оператор)
49875177,88594558,Взято в работу (Недозвон),143,Закрыто и не реализовано,2026-09-21T05:55:01.000Z,14213266,Умар (оператор)
49937689,88403154,Новые заявки,142,Провели мероприятие (100% оплата),2026-09-21T05:40:34.000Z,14213266,Умар (оператор)
49925773,88403154,Новые заявки,143,Закрыто и не реализовано,2026-09-21T05:38:11.000Z,14213266,Умар (оператор)
49931293,88403154,Новые заявки,88594558,Взято в работу (Недозвон),2026-09-21T05:36:58.000Z,14213266,Умар (оператор)
49925811,88403154,Новые заявки,143,Закрыто и не реализовано,2026-09-21T05:25:28.000Z,14213266,Умар (оператор)
49935575,88403154,Новые заявки,143,Закрыто и не реализовано,2026-09-21T05:21:46.000Z,14213266,Умар (оператор)
49925103,88403154,Новые заявки,88594558,Взято в работу (Недозвон),2026-09-21T05:18:31.000Z,14213266,Умар (оператор)
49931351,88403154,Новые заявки,88594558,Взято в работу (Недозвон),2026-09-21T05:17:03.000Z,14213266,Умар (оператор)
49917409,86701234,Переговоры,82601126,КП / презентация,2026-09-21T05:15:36.000Z,13268930,Комола (Rooftop hall)
49917409,82313754,Неразобранное,86701234,Переговоры,2026-09-21T05:15:26.000Z,13268930,Комола (Rooftop hall)
49935575,88403150,Неразобранное,88403154,Новые заявки,2026-09-21T04:50:30.000Z,0,
49931351,88403150,Неразобранное,88403154,Новые заявки,2026-09-20T21:47:03.000Z,0,
49931293,88403150,Неразобранное,88403154,Новые заявки,2026-09-20T21:38:39.000Z,0,
49929359,82313754,Неразобранное,85355474,Instagram,2026-09-20T19:11:07.000Z,0,
49928895,82313754,Неразобранное,85355474,Instagram,2026-09-20T18:45:10.000Z,0,
49926377,82313754,Неразобранное,85355474,Instagram,2026-09-20T17:02:08.000Z,0,
49925811,88403150,Неразобранное,88403154,Новые заявки,2026-09-20T16:38:34.000Z,0,
49925103,88403150,Неразобранное,88403154,Новые заявки,2026-09-20T16:13:02.000Z,0,
49923509,82313754,Неразобранное,85355474,Instagram,2026-09-20T15:09:07.000Z,0,
49919999,82313754,Неразобранное,85355474,Instagram,2026-09-20T13:14:10.000Z,0,
49919371,82313754,Неразобранное,85355474,Instagram,2026-09-20T12:48:10.000Z,0,
49919003,82313754,Неразобранное,85355474,Instagram,2026-09-20T12:32:08.000Z,0,
49918817,82313754,Неразобранное,85355474,Instagram,2026-09-20T12:25:13.000Z,0,
49918491,82313754,Неразобранное,85355474,Instagram,2026-09-20T12:12:07.000Z,0,
49917321,88403154,Новые заявки,88403166,Назначили показ,2026-09-20T11:55:40.000Z,13216486,Admin (тех. аккаунт)
49907549,88403154,Новые заявки,88594558,Взято в работу (Недозвон),2026-09-20T11:53:24.000Z,13216486,Admin (тех. аккаунт)
49906071,88403154,Новые заявки,88594558,Взято в работу (Недозвон),2026-09-20T11:52:54.000Z,13216486,Admin (тех. аккаунт)
49901567,88594558,Взято в работу (Недозвон),143,Закрыто и не реализовано,2026-09-20T11:52:10.000Z,13216486,Admin (тех. аккаунт)
49905391,88403154,Новые заявки,88403162,Квалифицирован (отправили инфо),2026-09-20T11:51:19.000Z,13216486,Admin (тех. аккаунт)
49905389,88403154,Новые заявки,88403166,Назначили показ,2026-09-20T11:48:07.000Z,13216486,Admin (тех. аккаунт)
49902203,88403154,Новые заявки,88594558,Взято в работу (Недозвон),2026-09-20T11:45:03.000Z,13216486,Admin (тех. аккаунт)
49902069,88403154,Новые заявки,88403162,Квалифицирован (отправили инфо),2026-09-20T11:44:07.000Z,13216486,Admin (тех. аккаунт)
49901567,88403154,Новые заявки,88594558,Взято в работу (Недозвон),2026-09-20T11:41:41.000Z,13216486,Admin (тех. аккаунт)
49900967,88403154,Новые заявки,88594558,Взято в работу (Недозвон),2026-09-20T11:37:27.000Z,13216486,Admin (тех. аккаунт)
49900433,88403154,Новые заявки,143,Закрыто и не реализовано,2026-09-20T11:36:16.000Z,13216486,Admin (тех. аккаунт)
49917321,88403150,Неразобранное,88403154,Новые заявки,2026-09-20T11:26:33.000Z,0,
49913323,82313754,Неразобранное,85355474,Instagram,2026-09-20T09:35:11.000Z,0,
49909535,82313754,Неразобранное,85355474,Instagram,2026-09-20T07:33:08.000Z,0,
49891271,88403154,Новые заявки,88403162,Квалифицирован (отправили инфо),2026-09-20T07:12:48.000Z,13216486,Admin (тех. аккаунт)
49887493,88403154,Новые заявки,88594558,Взято в работу (Недозвон),2026-09-20T07:09:17.000Z,13216486,Admin (тех. аккаунт)
49882497,88403154,Новые заявки,88594558,Взято в работу (Недозвон),2026-09-20T07:08:45.000Z,13216486,Admin (тех. аккаунт)
47828739,88403166,Назначили показ,88403162,Квалифицирован (отправили инфо),2026-09-20T07:05:25.000Z,13216486,Admin (тех. аккаунт)
49907549,88403150,Неразобранное,88403154,Новые заявки,2026-09-20T06:22:08.000Z,0,
49906071,88403150,Неразобранное,88403154,Новые заявки,2026-09-20T05:26:00.000Z,0,
49905391,88403150,Неразобранное,88403154,Новые заявки,2026-09-20T04:52:14.000Z,0,
49905389,88403150,Неразобранное,88403154,Новые заявки,2026-09-20T04:52:13.000Z,0,
49902203,88403150,Неразобранное,88403154,Новые заявки,2026-09-19T23:06:10.000Z,0,
49902069,88403150,Неразобранное,88403154,Новые заявки,2026-09-19T22:39:58.000Z,0,
49901567,88403150,Неразобранное,88403154,Новые заявки,2026-09-19T21:21:21.000Z,0,
49900967,88403150,Неразобранное,88403154,Новые заявки,2026-09-19T20:14:46.000Z,0,
49900433,88403150,Неразобранное,88403154,Новые заявки,2026-09-19T19:34:23.000Z,0,
49897877,82313754,Неразобранное,85355474,Instagram,2026-09-19T17:22:06.000Z,0,
49897759,82313754,Неразобранное,85355474,Instagram,2026-09-19T17:16:06.000Z,0,
49897405,82313754,Неразобранное,85355474,Instagram,2026-09-19T17:01:00.000Z,0,
49895595,82313754,Неразобранное,85355474,Instagram,2026-09-19T15:58:07.000Z,0,
49891271,88403150,Неразобранное,88403154,Новые заявки,2026-09-19T13:46:50.000Z,0,
49887493,88403150,Неразобранное,88403154,Новые заявки,2026-09-19T12:36:46.000Z,0,
49881985,88403154,Новые заявки,143,Закрыто и не реализовано,2026-09-19T12:00:21.000Z,14213266,Умар (оператор)
49871139,88403154,Новые заявки,88594558,Взято в работу (Недозвон),2026-09-19T11:55:59.000Z,14213266,Умар (оператор)
49861325,88403154,Новые заявки,88594558,Взято в работу (Недозвон),2026-09-19T11:55:26.000Z,14213266,Умар (оператор)
49872785,88403154,Новые заявки,143,Закрыто и не реализовано,2026-09-19T11:54:19.000Z,14213266,Умар (оператор)
49856449,88403154,Новые заявки,143,Закрыто и не реализовано,2026-09-19T11:52:51.000Z,14213266,Умар (оператор)
49881949,88403154,Новые заявки,88403162,Квалифицирован (отправили инфо),2026-09-19T11:47:36.000Z,14213266,Умар (оператор)
49880837,88403154,Новые заявки,88594558,Взято в работу (Недозвон),2026-09-19T10:26:31.000Z,14213266,Умар (оператор)
49880835,88403154,Новые заявки,88594558,Взято в работу (Недозвон),2026-09-19T10:26:00.000Z,14213266,Умар (оператор)
49881985,88403150,Неразобранное,88403154,Новые заявки,2026-09-19T10:14:25.000Z,0,
49881949,88403150,Неразобранное,88403154,Новые заявки,2026-09-19T10:13:32.000Z,0,
49880837,88403150,Неразобранное,88403154,Новые заявки,2026-09-19T09:46:22.000Z,0,
49880835,88403150,Неразобранное,88403154,Новые заявки,2026-09-19T09:46:19.000Z,0,
49872029,88403154,Новые заявки,143,Закрыто и не реализовано,2026-09-19T09:27:14.000Z,14213266,Умар (оператор)
49877729,88403154,Новые заявки,143,Закрыто и не реализовано,2026-09-19T09:25:52.000Z,14213266,Умар (оператор)
49861517,88403154,Новые заявки,88594558,Взято в работу (Недозвон),2026-09-19T09:22:21.000Z,14213266,Умар (оператор)
49873243,88403154,Новые заявки,88403162,Квалифицирован (отправили инфо),2026-09-19T08:56:36.000Z,14213266,Умар (оператор)
49877729,88403150,Неразобранное,88403154,Новые заявки,2026-09-19T08:38:08.000Z,0,
49861425,88403154,Новые заявки,88403162,Квалифицирован (отправили инфо),2026-09-19T07:56:49.000Z,14213266,Умар (оператор)
49862661,88403154,Новые заявки,143,Закрыто и не реализовано,2026-09-19T07:46:39.000Z,14213266,Умар (оператор)
49875177,88403154,Новые заявки,88594558,Взято в работу (Недозвон),2026-09-19T07:42:39.000Z,14213266,Умар (оператор)
49863649,88403154,Новые заявки,88403162,Квалифицирован (отправили инфо),2026-09-19T07:41:01.000Z,14213266,Умар (оператор)
49873299,88403154,Новые заявки,88594558,Взято в работу (Недозвон),2026-09-19T07:37:57.000Z,14213266,Умар (оператор)
49873411,88403154,Новые заявки,143,Закрыто и не реализовано,2026-09-19T07:36:40.000Z,14213266,Умар (оператор)
49852927,88403154,Новые заявки,88403162,Квалифицирован (отправили инфо),2026-09-19T07:34:11.000Z,14213266,Умар (оператор)
49875177,88403150,Неразобранное,88403154,Новые заявки,2026-09-19T07:29:30.000Z,0,
49873299,88403150,Неразобранное,88403154,Новые заявки,2026-09-19T06:37:35.000Z,0,
49873243,88403150,Неразобранное,88403154,Новые заявки,2026-09-19T06:36:15.000Z,0,
49872795,82313754,Неразобранное,85355474,Instagram,2026-09-19T06:25:11.000Z,0,
49872785,88403150,Неразобранное,88403154,Новые заявки,2026-09-19T06:23:22.000Z,0,
49872067,82313754,Неразобранное,85355474,Instagram,2026-09-19T06:02:10.000Z,0,
49872029,88403150,Неразобранное,88403154,Новые заявки,2026-09-19T05:59:05.000Z,0,
49871139,88403150,Неразобранное,88403154,Новые заявки,2026-09-19T05:31:24.000Z,0,
49866739,82313754,Неразобранное,85355474,Instagram,2026-09-19T00:44:04.000Z,0,
49866455,82313754,Неразобранное,85355474,Instagram,2026-09-18T23:32:04.000Z,0,
49863649,88403150,Неразобранное,88403154,Новые заявки,2026-09-18T20:02:26.000Z,0,
49863353,82313754,Неразобранное,85355474,Instagram,2026-09-18T19:46:05.000Z,0,
49862661,88403150,Неразобранное,88403154,Новые заявки,2026-09-18T19:13:36.000Z,0,
49861517,88403150,Неразобранное,88403154,Новые заявки,2026-09-18T18:25:09.000Z,0,
49861425,88403150,Неразобранное,88403154,Новые заявки,2026-09-18T18:20:06.000Z,0,
49861325,88403150,Неразобранное,88403154,Новые заявки,2026-09-18T18:15:35.000Z,0,
49860973,82313754,Неразобранное,85355474,Instagram,2026-09-18T18:01:59.000Z,0,
49860355,82313754,Неразобранное,85355474,Instagram,2026-09-18T17:39:07.000Z,0,
49856449,88403150,Неразобранное,88403154,Новые заявки,2026-09-18T15:31:35.000Z,0,
49852927,88403150,Неразобранное,88403154,Новые заявки,2026-09-18T13:54:56.000Z,0,
49841433,88403154,Новые заявки,88594558,Взято в работу (Недозвон),2026-09-18T11:04:41.000Z,14213266,Умар (оператор)
49841433,88403150,Неразобранное,88403154,Новые заявки,2026-09-18T10:51:02.000Z,0,
49631001,88594558,Взято в работу (Недозвон),143,Закрыто и не реализовано,2026-09-18T10:39:17.000Z,14213266,Умар (оператор)
49583099,88594558,Взято в работу (Недозвон),143,Закрыто и не реализовано,2026-09-18T10:35:49.000Z,14213266,Умар (оператор)
49746017,88594558,Взято в работу (Недозвон),143,Закрыто и не реализовано,2026-09-18T10:34:36.000Z,14213266,Умар (оператор)
49836039,88403154,Новые заявки,143,Закрыто и не реализовано,2026-09-18T10:13:09.000Z,14213266,Умар (оператор)
49836039,88403150,Неразобранное,88403154,Новые заявки,2026-09-18T09:25:56.000Z,0,
49830793,88403154,Новые заявки,143,Закрыто и не реализовано,2026-09-18T07:50:35.000Z,14213266,Умар (оператор)
49829953,82313754,Неразобранное,85355474,Instagram,2026-09-18T07:31:26.000Z,0,
49829073,88403154,Новые заявки,88403162,Квалифицирован (отправили инфо),2026-09-18T07:26:04.000Z,14213266,Умар (оператор)
49829073,88403150,Неразобранное,88403154,Новые заявки,2026-09-18T07:08:21.000Z,0,
49828525,82313754,Неразобранное,85355474,Instagram,2026-09-18T06:58:12.000Z,0,
49726305,88403166,Назначили показ,143,Закрыто и не реализовано,2026-09-18T06:56:17.000Z,14213266,Умар (оператор)
49534911,88403166,Назначили показ,143,Закрыто и не реализовано,2026-09-18T06:55:47.000Z,14213266,Умар (оператор)
49573873,88403166,Назначили показ,143,Закрыто и не реализовано,2026-09-18T06:54:55.000Z,14213266,Умар (оператор)
49798987,88403154,Новые заявки,88594558,Взято в работу (Недозвон),2026-09-18T06:38:02.000Z,14213266,Умар (оператор)
49824597,88403154,Новые заявки,88594558,Взято в работу (Недозвон),2026-09-18T05:54:10.000Z,14213266,Умар (оператор)
49824921,82313754,Неразобранное,85355474,Instagram,2026-09-18T05:29:09.000Z,0,
49824497,82313754,Неразобранное,85355474,Instagram,2026-09-18T05:26:08.000Z,0,
49619757,88403166,Назначили показ,143,Закрыто и не реализовано,2026-09-18T05:22:36.000Z,14213266,Умар (оператор)
49657127,88403166,Назначили показ,143,Закрыто и не реализовано,2026-09-18T05:19:52.000Z,14213266,Умар (оператор)
49525897,88403166,Назначили показ,143,Закрыто и не реализовано,2026-09-18T05:18:05.000Z,14213266,Умар (оператор)
49356205,88403166,Назначили показ,143,Закрыто и не реализовано,2026-09-18T05:17:15.000Z,14213266,Умар (оператор)
49700081,88594558,Взято в работу (Недозвон),143,Закрыто и не реализовано,2026-09-18T05:12:41.000Z,14213266,Умар (оператор)
49597421,88594558,Взято в работу (Недозвон),143,Закрыто и не реализовано,2026-09-18T05:12:04.000Z,14213266,Умар (оператор)
49635729,88594558,Взято в работу (Недозвон),143,Закрыто и не реализовано,2026-09-18T05:10:43.000Z,14213266,Умар (оператор)
49646857,88594558,Взято в работу (Недозвон),143,Закрыто и не реализовано,2026-09-18T05:09:50.000Z,14213266,Умар (оператор)
49813549,88403154,Новые заявки,88594558,Взято в работу (Недозвон),2026-09-18T05:05:46.000Z,14213266,Умар (оператор)
49813477,88403154,Новые заявки,88594558,Взято в работу (Недозвон),2026-09-18T05:05:19.000Z,14213266,Умар (оператор)
49813815,88403154,Новые заявки,88594558,Взято в работу (Недозвон),2026-09-18T05:05:07.000Z,14213266,Умар (оператор)
49823403,88403154,Новые заявки,88594558,Взято в работу (Недозвон),2026-09-18T05:04:54.000Z,14213266,Умар (оператор)
49588567,88594558,Взято в работу (Недозвон),143,Закрыто и не реализовано,2026-09-18T05:03:24.000Z,14213266,Умар (оператор)
49823403,88403150,Неразобранное,88403154,Новые заявки,2026-09-18T04:43:53.000Z,0,
49823075,82313754,Неразобранное,85355474,Instagram,2026-09-18T04:32:07.000Z,0,
49821619,82313754,Неразобранное,85355474,Instagram,2026-09-18T03:23:05.000Z,0,
49819909,82313754,Неразобранное,85355474,Instagram,2026-09-18T00:28:04.000Z,0,
49819493,82313754,Неразобранное,85355474,Instagram,2026-09-17T22:36:04.000Z,0,
49817151,82313754,Неразобранное,85355474,Instagram,2026-09-17T20:43:06.000Z,0,
49813815,88403150,Неразобранное,88403154,Новые заявки,2026-09-17T18:51:44.000Z,0,
49813549,88403150,Неразобранное,88403154,Новые заявки,2026-09-17T18:40:41.000Z,0,
49813477,88403150,Неразобранное,88403154,Новые заявки,2026-09-17T18:36:40.000Z,0,
49813069,82313754,Неразобранное,85355474,Instagram,2026-09-17T18:20:11.000Z,0,
49810033,82313754,Неразобранное,85355474,Instagram,2026-09-17T17:40:10.000Z,0,
49809609,82313754,Неразобранное,85355474,Instagram,2026-09-17T17:24:08.000Z,0,
49807275,82313754,Неразобранное,85355474,Instagram,2026-09-17T16:15:12.000Z,0,
49805287,82313754,Неразобранное,85355474,Instagram,2026-09-17T15:30:24.000Z,0,
49803247,82313754,Неразобранное,86701234,Переговоры,2026-09-17T14:41:19.000Z,0,
49788847,88403154,Новые заявки,143,Закрыто и не реализовано,2026-09-17T13:02:34.000Z,13216486,Admin (тех. аккаунт)
49798987,88403150,Неразобранное,88403154,Новые заявки,2026-09-17T12:58:51.000Z,0,
49794377,82313754,Неразобранное,86701234,Переговоры,2026-09-17T11:47:57.000Z,13268930,Комола (Rooftop hall)
49786951,88403154,Новые заявки,143,Закрыто и не реализовано,2026-09-17T10:43:45.000Z,13216486,Admin (тех. аккаунт)
49778623,88403154,Новые заявки,143,Закрыто и не реализовано,2026-09-17T10:35:28.000Z,13216486,Admin (тех. аккаунт)
49787321,82313754,Неразобранное,85355474,Instagram,2026-09-17T10:03:36.000Z,0,
49772579,82313754,Неразобранное,86701234,Переговоры,2026-09-17T09:17:29.000Z,13268930,Комола (Rooftop hall)
49778623,88403150,Неразобранное,88403154,Новые заявки,2026-09-17T08:08:04.000Z,0,
49775653,82313754,Неразобранное,85355474,Instagram,2026-09-17T07:23:59.000Z,0,
49773353,82313754,Неразобранное,85355474,Instagram,2026-09-17T06:38:11.000Z,0,
49773277,82313754,Неразобранное,85355474,Instagram,2026-09-17T06:37:09.000Z,0,
49755697,88403154,Новые заявки,88403166,Назначили показ,2026-09-17T06:33:25.000Z,13216486,Admin (тех. аккаунт)
49754583,88403154,Новые заявки,143,Закрыто и не реализовано,2026-09-17T06:30:58.000Z,13216486,Admin (тех. аккаунт)
49753933,88403154,Новые заявки,88594558,Взято в работу (Недозвон),2026-09-17T06:29:11.000Z,13216486,Admin (тех. аккаунт)
49753017,88403154,Новые заявки,88594558,Взято в работу (Недозвон),2026-09-17T06:01:46.000Z,13216486,Admin (тех. аккаунт)
49746017,88403154,Новые заявки,88594558,Взято в работу (Недозвон),2026-09-17T05:59:36.000Z,13216486,Admin (тех. аккаунт)
49745211,88403154,Новые заявки,88594558,Взято в работу (Недозвон),2026-09-17T05:57:14.000Z,13216486,Admin (тех. аккаунт)
49742277,88403154,Новые заявки,88403162,Квалифицирован (отправили инфо),2026-09-17T05:48:15.000Z,13216486,Admin (тех. аккаунт)
49745043,82313754,Неразобранное,86701234,Переговоры,2026-09-17T05:29:36.000Z,13268930,Комола (Rooftop hall)
49767969,82313754,Неразобранное,143,Закрыто и не реализовано,2026-09-17T05:29:05.000Z,13268930,Комола (Rooftop hall)
49767879,82313754,Неразобранное,143,Закрыто и не реализовано,2026-09-17T05:28:53.000Z,13268930,Комола (Rooftop hall)
49769067,82313754,Неразобранное,85355474,Instagram,2026-09-17T04:58:06.000Z,0,
49764693,82313754,Неразобранное,85355474,Instagram,2026-09-17T01:54:04.000Z,0,
49756875,82313754,Неразобранное,85355474,Instagram,2026-09-16T18:45:09.000Z,0,
49755697,88403150,Неразобранное,88403154,Новые заявки,2026-09-16T17:54:15.000Z,0,
49753933,88403150,Неразобранное,88403154,Новые заявки,2026-09-16T16:56:50.000Z,0,
49753017,88403150,Неразобранное,88403154,Новые заявки,2026-09-16T16:30:39.000Z,0,
49739479,142,Провели мероприятие (100% оплата),143,Закрыто и не реализовано,2026-09-16T13:40:10.000Z,14214282,Аббос (Piramit)
49734201,142,Провели мероприятие (100% оплата),143,Закрыто и не реализовано,2026-09-16T13:30:57.000Z,14214282,Аббос (Piramit)
49734067,142,Провели мероприятие (100% оплата),143,Закрыто и не реализовано,2026-09-16T13:30:26.000Z,14214282,Аббос (Piramit)
49739405,142,Провели мероприятие (100% оплата),143,Закрыто и не реализовано,2026-09-16T13:21:07.000Z,14214282,Аббос (Piramit)
49723377,142,Провели мероприятие (100% оплата),143,Закрыто и не реализовано,2026-09-16T13:12:23.000Z,14214282,Аббос (Piramit)
49723263,142,Провели мероприятие (100% оплата),143,Закрыто и не реализовано,2026-09-16T13:03:21.000Z,14214282,Аббос (Piramit)
49709711,142,Провели мероприятие (100% оплата),143,Закрыто и не реализовано,2026-09-16T12:54:16.000Z,14214282,Аббос (Piramit)
49684421,142,Провели мероприятие (100% оплата),143,Закрыто и не реализовано,2026-09-16T12:47:34.000Z,14214282,Аббос (Piramit)
49681769,142,Провели мероприятие (100% оплата),143,Закрыто и не реализовано,2026-09-16T12:38:57.000Z,14214282,Аббос (Piramit)
49680813,142,Провели мероприятие (100% оплата),143,Закрыто и не реализовано,2026-09-16T12:34:01.000Z,14214282,Аббос (Piramit)
48373181,86701234,Переговоры,143,Закрыто и не реализовано,2026-09-16T12:24:54.000Z,13268930,Комола (Rooftop hall)
49539509,86701234,Переговоры,85346514,Отложенный спрос,2026-09-16T12:24:03.000Z,13268930,Комола (Rooftop hall)
49692389,86701234,Переговоры,143,Закрыто и не реализовано,2026-09-16T12:23:11.000Z,13268930,Комола (Rooftop hall)
48364603,86701234,Переговоры,143,Закрыто и не реализовано,2026-09-16T12:22:47.000Z,13268930,Комола (Rooftop hall)
48356739,86701234,Переговоры,143,Закрыто и не реализовано,2026-09-16T12:21:19.000Z,13268930,Комола (Rooftop hall)
48348813,86701234,Переговоры,143,Закрыто и не реализовано,2026-09-16T12:15:03.000Z,13268930,Комола (Rooftop hall)
49653595,82313754,Неразобранное,143,Закрыто и не реализовано,2026-09-16T12:11:58.000Z,13268930,Комола (Rooftop hall)
49439225,86701234,Переговоры,143,Закрыто и не реализовано,2026-09-16T12:10:14.000Z,13268930,Комола (Rooftop hall)
49391209,86701234,Переговоры,143,Закрыто и не реализовано,2026-09-16T12:06:45.000Z,13268930,Комола (Rooftop hall)
48096735,86701234,Переговоры,85346514,Отложенный спрос,2026-09-16T11:58:22.000Z,13268930,Комола (Rooftop hall)
46103571,86701234,Переговоры,143,Закрыто и не реализовано,2026-09-16T11:57:04.000Z,13268930,Комола (Rooftop hall)
49739405,88403154,Новые заявки,142,Провели мероприятие (100% оплата),2026-09-16T11:55:53.000Z,14213266,Умар (оператор)
49739479,88403154,Новые заявки,142,Провели мероприятие (100% оплата),2026-09-16T11:55:23.000Z,14213266,Умар (оператор)
49679965,142,Провели мероприятие (100% оплата),143,Закрыто и не реализовано,2026-09-16T11:48:34.000Z,14214282,Аббос (Piramit)
49580223,88594558,Взято в работу (Недозвон),143,Закрыто и не реализовано,2026-09-16T11:37:23.000Z,14213266,Умар (оператор)
49734067,88403154,Новые заявки,142,Провели мероприятие (100% оплата),2026-09-16T11:36:10.000Z,14213266,Умар (оператор)
49722877,82313754,Неразобранное,86701234,Переговоры,2026-09-16T11:12:30.000Z,13268930,Комола (Rooftop hall)
49726305,88403162,Квалифицирован (отправили инфо),88403166,Назначили показ,2026-09-16T10:46:42.000Z,13216486,Admin (тех. аккаунт)
49732881,82313754,Неразобранное,143,Закрыто и не реализовано,2026-09-16T10:43:15.000Z,13268930,Комола (Rooftop hall)
49717789,82313754,Неразобранное,143,Закрыто и не реализовано,2026-09-16T10:42:56.000Z,13268930,Комола (Rooftop hall)
49489617,88403158,,88403162,Квалифицирован (отправили инфо),2026-09-16T10:41:51.000Z,13216486,Admin (тех. аккаунт)
49489481,88403158,,88403162,Квалифицирован (отправили инфо),2026-09-16T10:41:51.000Z,13216486,Admin (тех. аккаунт)
49461459,88403158,,88403162,Квалифицирован (отправили инфо),2026-09-16T10:41:51.000Z,13216486,Admin (тех. аккаунт)
49432199,88403158,,88403162,Квалифицирован (отправили инфо),2026-09-16T10:41:51.000Z,13216486,Admin (тех. аккаунт)
49426547,88403158,,88403162,Квалифицирован (отправили инфо),2026-09-16T10:41:51.000Z,13216486,Admin (тех. аккаунт)
49711371,88403158,,88403162,Квалифицирован (отправили инфо),2026-09-16T10:40:22.000Z,13216486,Admin (тех. аккаунт)
49704305,88403158,,88403162,Квалифицирован (отправили инфо),2026-09-16T10:40:22.000Z,13216486,Admin (тех. аккаунт)
49652913,88403158,,88403162,Квалифицирован (отправили инфо),2026-09-16T10:40:22.000Z,13216486,Admin (тех. аккаунт)
49542119,88403158,,88403162,Квалифицирован (отправили инфо),2026-09-16T10:40:22.000Z,13216486,Admin (тех. аккаунт)
49644439,88403158,,88403162,Квалифицирован (отправили инфо),2026-09-16T10:40:22.000Z,13216486,Admin (тех. аккаунт)
49640855,88403158,,88403162,Квалифицирован (отправили инфо),2026-09-16T10:40:22.000Z,13216486,Admin (тех. аккаунт)
49590051,88403158,,88403162,Квалифицирован (отправили инфо),2026-09-16T10:40:22.000Z,13216486,Admin (тех. аккаунт)
49587637,88403158,,88403162,Квалифицирован (отправили инфо),2026-09-16T10:40:22.000Z,13216486,Admin (тех. аккаунт)
49583065,88403158,,88403162,Квалифицирован (отправили инфо),2026-09-16T10:40:22.000Z,13216486,Admin (тех. аккаунт)
49555887,88403158,,88403162,Квалифицирован (отправили инфо),2026-09-16T10:40:22.000Z,13216486,Admin (тех. аккаунт)
49546227,88403158,,88403162,Квалифицирован (отправили инфо),2026-09-16T10:40:22.000Z,13216486,Admin (тех. аккаунт)
49536515,88403158,,88403162,Квалифицирован (отправили инфо),2026-09-16T10:40:22.000Z,13216486,Admin (тех. аккаунт)
49545717,88403158,,88403162,Квалифицирован (отправили инфо),2026-09-16T10:40:22.000Z,13216486,Admin (тех. аккаунт)
49533475,88403158,,88403162,Квалифицирован (отправили инфо),2026-09-16T10:40:21.000Z,13216486,Admin (тех. аккаунт)
49500285,88403158,,88403162,Квалифицирован (отправили инфо),2026-09-16T10:40:21.000Z,13216486,Admin (тех. аккаунт)
49495849,88403158,,88403162,Квалифицирован (отправили инфо),2026-09-16T10:40:21.000Z,13216486,Admin (тех. аккаунт)
49495699,88403158,,88403162,Квалифицирован (отправили инфо),2026-09-16T10:40:21.000Z,13216486,Admin (тех. аккаунт)
48697881,88403158,,88403162,Квалифицирован (отправили инфо),2026-09-16T10:40:21.000Z,13216486,Admin (тех. аккаунт)
48494593,88403158,,88403162,Квалифицирован (отправили инфо),2026-09-16T10:40:21.000Z,13216486,Admin (тех. аккаунт)
48090267,88403158,,88403162,Квалифицирован (отправили инфо),2026-09-16T10:40:21.000Z,13216486,Admin (тех. аккаунт)
49726305,88403158,,88403162,Квалифицирован (отправили инфо),2026-09-16T10:40:04.000Z,13216486,Admin (тех. аккаунт)
49734563,88403154,Новые заявки,143,Закрыто и не реализовано,2026-09-16T10:37:59.000Z,14213266,Умар (оператор)
49734201,88403154,Новые заявки,142,Провели мероприятие (100% оплата),2026-09-16T10:29:31.000Z,14213266,Умар (оператор)
49577885,88594558,Взято в работу (Недозвон),143,Закрыто и не реализовано,2026-09-16T10:23:55.000Z,14213266,Умар (оператор)
49560303,88594558,Взято в работу (Недозвон),143,Закрыто и не реализовано,2026-09-16T10:22:07.000Z,14213266,Умар (оператор)
49550815,88594558,Взято в работу (Недозвон),143,Закрыто и не реализовано,2026-09-16T10:21:32.000Z,14213266,Умар (оператор)
48195561,88594558,Взято в работу (Недозвон),143,Закрыто и не реализовано,2026-09-16T10:21:07.000Z,14213266,Умар (оператор)
49731153,88403154,Новые заявки,88594558,Взято в работу (Недозвон),2026-09-16T09:44:50.000Z,14213266,Умар (оператор)
49731153,88403150,Неразобранное,88403154,Новые заявки,2026-09-16T09:40:20.000Z,0,
49723263,88403154,Новые заявки,142,Провели мероприятие (100% оплата),2026-09-16T09:38:19.000Z,14213266,Умар (оператор)
49711581,88403154,Новые заявки,88403170,Показ провели,2026-09-16T09:33:48.000Z,14213266,Умар (оператор)
49709711,88403154,Новые заявки,142,Провели мероприятие (100% оплата),2026-09-16T09:30:39.000Z,14213266,Умар (оператор)
49719201,86701234,Переговоры,82601126,КП / презентация,2026-09-16T09:03:31.000Z,13268930,Комола (Rooftop hall)
49719201,82313754,Неразобранное,86701234,Переговоры,2026-09-16T09:03:26.000Z,13268930,Комола (Rooftop hall)
49726305,88403154,Новые заявки,88403158,,2026-09-16T08:59:31.000Z,14213266,Умар (оператор)
49723377,88403154,Новые заявки,142,Провели мероприятие (100% оплата),2026-09-16T07:58:11.000Z,14213266,Умар (оператор)
49711371,88403154,Новые заявки,88403158,,2026-09-16T07:19:40.000Z,14213266,Умар (оператор)
49674735,86701234,Переговоры,82601126,КП / презентация,2026-09-16T06:12:39.000Z,13268930,Комола (Rooftop hall)
49705543,88403154,Новые заявки,88594558,Взято в работу (Недозвон),2026-09-16T05:58:37.000Z,14213266,Умар (оператор)
49716527,88403154,Новые заявки,142,Провели мероприятие (100% оплата),2026-09-16T05:52:03.000Z,14213266,Умар (оператор)
49600273,86701234,Переговоры,85019690,Показ,2026-09-16T05:45:59.000Z,13268930,Комола (Rooftop hall)
49704305,88594558,Взято в работу (Недозвон),88403158,,2026-09-16T05:41:25.000Z,14213266,Умар (оператор)
49716297,82313754,Неразобранное,85355474,Instagram,2026-09-16T05:41:08.000Z,0,
49710099,86701234,Переговоры,143,Закрыто и не реализовано,2026-09-16T05:39:47.000Z,13268930,Комола (Rooftop hall)
49699235,88594558,Взято в работу (Недозвон),143,Закрыто и не реализовано,2026-09-16T05:36:39.000Z,14213266,Умар (оператор)
49710099,82313754,Неразобранное,86701234,Переговоры,2026-09-16T05:32:45.000Z,13268930,Комола (Rooftop hall)
49700081,88403154,Новые заявки,88594558,Взято в работу (Недозвон),2026-09-16T05:32:24.000Z,14213266,Умар (оператор)
49692265,82313754,Неразобранное,86701234,Переговоры,2026-09-16T05:32:21.000Z,13268930,Комола (Rooftop hall)
49704305,88403154,Новые заявки,88594558,Взято в работу (Недозвон),2026-09-16T05:30:38.000Z,14213266,Умар (оператор)
49696085,82313754,Неразобранное,86701234,Переговоры,2026-09-16T05:30:22.000Z,13268930,Комола (Rooftop hall)
49689253,82313754,Неразобранное,143,Закрыто и не реализовано,2026-09-16T05:29:31.000Z,13268930,Комола (Rooftop hall)
49684075,82313754,Неразобранное,143,Закрыто и не реализовано,2026-09-16T05:29:14.000Z,13268930,Комола (Rooftop hall)
49715213,82313754,Неразобранное,143,Закрыто и не реализовано,2026-09-16T05:27:38.000Z,13268930,Комола (Rooftop hall)
49682491,82313754,Неразобранное,143,Закрыто и не реализовано,2026-09-16T05:26:44.000Z,13268930,Комола (Rooftop hall)
49699235,88403154,Новые заявки,88594558,Взято в работу (Недозвон),2026-09-16T05:25:49.000Z,14213266,Умар (оператор)
49697629,88403154,Новые заявки,143,Закрыто и не реализовано,2026-09-16T05:24:36.000Z,14213266,Умар (оператор)
49686869,82313754,Неразобранное,86701234,Переговоры,2026-09-16T05:18:35.000Z,13268930,Комола (Rooftop hall)
49682451,82313754,Неразобранное,143,Закрыто и не реализовано,2026-09-16T05:14:31.000Z,13268930,Комола (Rooftop hall)
49711581,88403150,Неразобранное,88403154,Новые заявки,2026-09-16T04:44:33.000Z,0,
49711371,88403150,Неразобранное,88403154,Новые заявки,2026-09-16T04:37:39.000Z,0,
49710201,82313754,Неразобранное,85355474,Instagram,2026-09-16T03:51:05.000Z,0,
49707353,82313754,Неразобранное,85355474,Instagram,2026-09-16T00:00:31.000Z,0,
49705543,88403150,Неразобранное,88403154,Новые заявки,2026-09-15T20:15:32.000Z,0,
49704305,88403150,Неразобранное,88403154,Новые заявки,2026-09-15T19:01:39.000Z,0,
49699235,88403150,Неразобранное,88403154,Новые заявки,2026-09-15T17:10:58.000Z,0,
49697629,88403150,Неразобранное,88403154,Новые заявки,2026-09-15T16:23:47.000Z,0,
49693979,82313754,Неразобранное,85355474,Instagram,2026-09-15T14:53:14.000Z,0,
49654453,142,Провели мероприятие (100% оплата),88539142,Отправили предложение,2026-09-15T13:41:39.000Z,14213266,Умар (оператор)
49654453,88403154,Новые заявки,142,Провели мероприятие (100% оплата),2026-09-15T13:41:25.000Z,14213266,Умар (оператор)
49679449,88403154,Новые заявки,142,Провели мероприятие (100% оплата),2026-09-15T13:41:15.000Z,14213266,Умар (оператор)
49679965,88403154,Новые заявки,142,Провели мероприятие (100% оплата),2026-09-15T13:40:56.000Z,14213266,Умар (оператор)
49680813,88403154,Новые заявки,142,Провели мероприятие (100% оплата),2026-09-15T13:40:41.000Z,14213266,Умар (оператор)
49681769,88403154,Новые заявки,142,Провели мероприятие (100% оплата),2026-09-15T13:40:26.000Z,14213266,Умар (оператор)
49681871,88403154,Новые заявки,142,Провели мероприятие (100% оплата),2026-09-15T13:40:11.000Z,14213266,Умар (оператор)
49684421,88403154,Новые заявки,142,Провели мероприятие (100% оплата),2026-09-15T13:39:56.000Z,14213266,Умар (оператор)
49690263,82313754,Неразобранное,85355474,Instagram,2026-09-15T13:25:18.000Z,0,
49687623,82313754,Неразобранное,85355474,Instagram,2026-09-15T12:53:18.000Z,0,
49676581,86701234,Переговоры,82601126,КП / презентация,2026-09-15T11:36:15.000Z,13268930,Комола (Rooftop hall)
49675535,88403154,Новые заявки,143,Закрыто и не реализовано,2026-09-15T11:23:03.000Z,14213266,Умар (оператор)
49647281,82601126,КП / презентация,85019690,Показ,2026-09-15T11:05:16.000Z,13268930,Комола (Rooftop hall)
49647281,86701234,Переговоры,82601126,КП / презентация,2026-09-15T11:05:09.000Z,13268930,Комола (Rooftop hall)
49640129,88403158,,88403170,Показ провели,2026-09-15T10:48:26.000Z,14213266,Умар (оператор)
49676581,82313754,Неразобранное,86701234,Переговоры,2026-09-15T10:26:15.000Z,13268930,Комола (Rooftop hall)
49674735,82313754,Неразобранное,86701234,Переговоры,2026-09-15T10:25:19.000Z,13268930,Комола (Rooftop hall)
49676653,82313754,Неразобранное,143,Закрыто и не реализовано,2026-09-15T10:24:30.000Z,13268930,Комола (Rooftop hall)
49676575,82313754,Неразобранное,85355474,Instagram,2026-09-15T10:24:29.000Z,0,
49675535,88403150,Неразобранное,88403154,Новые заявки,2026-09-15T10:06:34.000Z,0,
49644159,88403166,Назначили показ,88403170,Показ провели,2026-09-15T09:59:46.000Z,14213266,Умар (оператор)
49466361,88403158,,143,Закрыто и не реализовано,2026-09-15T09:58:11.000Z,14213266,Умар (оператор)
49645247,82313754,Неразобранное,86701234,Переговоры,2026-09-15T09:22:17.000Z,13268930,Комола (Rooftop hall)
49663907,82313754,Неразобранное,143,Закрыто и не реализовано,2026-09-15T09:17:33.000Z,13268930,Комола (Rooftop hall)
47828739,88403158,,88403166,Назначили показ,2026-09-15T09:08:57.000Z,14213266,Умар (оператор)
48736029,88403162,Квалифицирован (отправили инфо),143,Закрыто и не реализовано,2026-09-15T09:04:32.000Z,14213266,Умар (оператор)
48689639,88403162,Квалифицирован (отправили инфо),143,Закрыто и не реализовано,2026-09-15T09:02:27.000Z,14213266,Умар (оператор)
48664599,88403162,Квалифицирован (отправили инфо),143,Закрыто и не реализовано,2026-09-15T09:00:03.000Z,14213266,Умар (оператор)
48659353,88403162,Квалифицирован (отправили инфо),143,Закрыто и не реализовано,2026-09-15T08:58:45.000Z,14213266,Умар (оператор)
49664907,82313754,Неразобранное,85355474,Instagram,2026-09-15T08:16:30.000Z,0,
48633127,88403162,Квалифицирован (отправили инфо),143,Закрыто и не реализовано,2026-09-15T08:03:05.000Z,14213266,Умар (оператор)
48540951,88403162,Квалифицирован (отправили инфо),143,Закрыто и не реализовано,2026-09-15T07:58:03.000Z,14213266,Умар (оператор)
48517763,88403162,Квалифицирован (отправили инфо),143,Закрыто и не реализовано,2026-09-15T07:56:13.000Z,14213266,Умар (оператор)
48516869,88403162,Квалифицирован (отправили инфо),143,Закрыто и не реализовано,2026-09-15T07:54:16.000Z,14213266,Умар (оператор)
48494853,88403162,Квалифицирован (отправили инфо),88403166,Назначили показ,2026-09-15T07:52:29.000Z,14213266,Умар (оператор)
48494593,88403162,Квалифицирован (отправили инфо),88403158,,2026-09-15T07:47:20.000Z,14213266,Умар (оператор)
48446127,88403162,Квалифицирован (отправили инфо),143,Закрыто и не реализовано,2026-09-15T07:36:29.000Z,14213266,Умар (оператор)
48415737,88403162,Квалифицирован (отправили инфо),143,Закрыто и не реализовано,2026-09-15T07:35:19.000Z,14213266,Умар (оператор)
48409149,88403162,Квалифицирован (отправили инфо),143,Закрыто и не реализовано,2026-09-15T07:33:03.000Z,14213266,Умар (оператор)
48407307,88403162,Квалифицирован (отправили инфо),143,Закрыто и не реализовано,2026-09-15T07:32:04.000Z,14213266,Умар (оператор)
48396253,88403162,Квалифицирован (отправили инфо),143,Закрыто и не реализовано,2026-09-15T07:29:56.000Z,14213266,Умар (оператор)
48347659,88403162,Квалифицирован (отправили инфо),143,Закрыто и не реализовано,2026-09-15T07:29:14.000Z,14213266,Умар (оператор)
48345313,88403162,Квалифицирован (отправили инфо),143,Закрыто и не реализовано,2026-09-15T07:26:48.000Z,14213266,Умар (оператор)
48204109,88403162,Квалифицирован (отправили инфо),143,Закрыто и не реализовано,2026-09-15T07:25:19.000Z,14213266,Умар (оператор)
48195561,88403162,Квалифицирован (отправили инфо),88594558,Взято в работу (Недозвон),2026-09-15T07:24:30.000Z,14213266,Умар (оператор)
48194143,88403162,Квалифицирован (отправили инфо),143,Закрыто и не реализовано,2026-09-15T07:23:04.000Z,14213266,Умар (оператор)
48176289,88403162,Квалифицирован (отправили инфо),143,Закрыто и не реализовано,2026-09-15T07:22:12.000Z,14213266,Умар (оператор)
48122155,88403162,Квалифицирован (отправили инфо),143,Закрыто и не реализовано,2026-09-15T07:19:16.000Z,14213266,Умар (оператор)
48121161,88403162,Квалифицирован (отправили инфо),143,Закрыто и не реализовано,2026-09-15T07:16:43.000Z,14213266,Умар (оператор)
48107623,88403162,Квалифицирован (отправили инфо),143,Закрыто и не реализовано,2026-09-15T07:15:08.000Z,14213266,Умар (оператор)
48088185,88403162,Квалифицирован (отправили инфо),143,Закрыто и не реализовано,2026-09-15T07:13:56.000Z,14213266,Умар (оператор)
47828739,88403162,Квалифицирован (отправили инфо),88403158,,2026-09-15T07:09:57.000Z,14213266,Умар (оператор)
47806613,88403162,Квалифицирован (отправили инфо),143,Закрыто и не реализовано,2026-09-15T07:08:52.000Z,14213266,Умар (оператор)
47784779,88403162,Квалифицирован (отправили инфо),143,Закрыто и не реализовано,2026-09-15T07:07:20.000Z,14213266,Умар (оператор)
47781919,88403162,Квалифицирован (отправили инфо),143,Закрыто и не реализовано,2026-09-15T07:06:05.000Z,14213266,Умар (оператор)
47779583,88403162,Квалифицирован (отправили инфо),143,Закрыто и не реализовано,2026-09-15T07:05:04.000Z,14213266,Умар (оператор)
47696559,88403162,Квалифицирован (отправили инфо),143,Закрыто и не реализовано,2026-09-15T07:03:57.000Z,14213266,Умар (оператор)
49601077,88594558,Взято в работу (Недозвон),143,Закрыто и не реализовано,2026-09-15T06:47:47.000Z,14213266,Умар (оператор)
49583065,88594558,Взято в работу (Недозвон),88403158,,2026-09-15T06:41:54.000Z,14213266,Умар (оператор)
49557019,88594558,Взято в работу (Недозвон),143,Закрыто и не реализовано,2026-09-15T06:35:45.000Z,14213266,Умар (оператор)
49476087,88403166,Назначили показ,143,Закрыто и не реализовано,2026-09-15T06:07:47.000Z,14213266,Умар (оператор)
49657887,82313754,Неразобранное,85355474,Instagram,2026-09-15T06:07:14.000Z,0,
49657861,82313754,Неразобранное,85355474,Instagram,2026-09-15T06:07:14.000Z,0,
49657127,88403154,Новые заявки,88403166,Назначили показ,2026-09-15T06:00:47.000Z,14213266,Умар (оператор)
49644159,88594558,Взято в работу (Недозвон),88403166,Назначили показ,2026-09-15T05:54:22.000Z,14213266,Умар (оператор)
49644439,88403154,Новые заявки,88403158,,2026-09-15T05:53:06.000Z,14213266,Умар (оператор)
49635729,88403154,Новые заявки,88594558,Взято в работу (Недозвон),2026-09-15T05:47:40.000Z,14213266,Умар (оператор)
49657127,88403150,Неразобранное,88403154,Новые заявки,2026-09-15T05:47:18.000Z,0,
49644159,88403154,Новые заявки,88594558,Взято в работу (Недозвон),2026-09-15T05:47:09.000Z,14213266,Умар (оператор)
49656699,82313754,Неразобранное,86701234,Переговоры,2026-09-15T05:44:09.000Z,13268930,Комола (Rooftop hall)
49640765,82313754,Неразобранное,86701234,Переговоры,2026-09-15T05:43:53.000Z,13268930,Комола (Rooftop hall)
49646857,88403154,Новые заявки,88594558,Взято в работу (Недозвон),2026-09-15T05:33:07.000Z,14213266,Умар (оператор)
49652913,88403154,Новые заявки,88403158,,2026-09-15T05:32:33.000Z,14213266,Умар (оператор)
49641117,88403154,Новые заявки,88594558,Взято в работу (Недозвон),2026-09-15T05:29:42.000Z,14213266,Умар (оператор)
49641105,88403154,Новые заявки,143,Закрыто и не реализовано,2026-09-15T05:29:10.000Z,14213266,Умар (оператор)
49640855,88403154,Новые заявки,88403158,,2026-09-15T05:25:56.000Z,14213266,Умар (оператор)
49637633,82313754,Неразобранное,143,Закрыто и не реализовано,2026-09-15T05:24:35.000Z,13268930,Комола (Rooftop hall)
49635805,82313754,Неразобранное,143,Закрыто и не реализовано,2026-09-15T05:23:24.000Z,13268930,Комола (Rooftop hall)
49640129,88403154,Новые заявки,88403158,,2026-09-15T05:22:34.000Z,14213266,Умар (оператор)
49565445,82313754,Неразобранное,143,Закрыто и не реализовано,2026-09-15T05:21:53.000Z,13268930,Комола (Rooftop hall)
49630611,82313754,Неразобранное,143,Закрыто и не реализовано,2026-09-15T05:21:38.000Z,13268930,Комола (Rooftop hall)
49647281,82313754,Неразобранное,86701234,Переговоры,2026-09-15T05:18:09.000Z,13268930,Комола (Rooftop hall)
49652913,88403150,Неразобранное,88403154,Новые заявки,2026-09-15T03:15:45.000Z,0,
49651893,82313754,Неразобранное,85355474,Instagram,2026-09-15T02:18:04.000Z,0,
49646857,88403150,Неразобранное,88403154,Новые заявки,2026-09-14T21:17:45.000Z,0,
49644439,88403150,Неразобранное,88403154,Новые заявки,2026-09-14T19:14:00.000Z,0,
49644159,88403150,Неразобранное,88403154,Новые заявки,2026-09-14T19:01:00.000Z,0,
49641117,88403150,Неразобранное,88403154,Новые заявки,2026-09-14T17:03:30.000Z,0,
49641105,88403150,Неразобранное,88403154,Новые заявки,2026-09-14T17:02:56.000Z,0,
49640855,88403150,Неразобранное,88403154,Новые заявки,2026-09-14T16:55:48.000Z,0,
49640129,88403150,Неразобранное,88403154,Новые заявки,2026-09-14T16:37:09.000Z,0,
49635729,88403150,Неразобранное,88403154,Новые заявки,2026-09-14T14:33:36.000Z,0,
49631001,88403154,Новые заявки,88594558,Взято в работу (Недозвон),2026-09-14T13:24:08.000Z,14213266,Умар (оператор)
49631001,88403150,Неразобранное,88403154,Новые заявки,2026-09-14T13:15:03.000Z,0,
49630943,82313754,Неразобранное,85355474,Instagram,2026-09-14T13:13:50.000Z,0,
49549953,88594558,Взято в работу (Недозвон),143,Закрыто и не реализовано,2026-09-14T12:59:44.000Z,14213266,Умар (оператор)
49627489,82313754,Неразобранное,143,Закрыто и не реализовано,2026-09-14T12:28:54.000Z,13268930,Комола (Rooftop hall)
49627773,82313754,Неразобранное,143,Закрыто и не реализовано,2026-09-14T12:28:23.000Z,13268930,Комола (Rooftop hall)
49627987,88403154,Новые заявки,143,Закрыто и не реализовано,2026-09-14T12:15:56.000Z,14213266,Умар (оператор)
48697881,88403162,Квалифицирован (отправили инфо),88403158,,2026-09-14T12:11:30.000Z,14213266,Умар (оператор)
48562609,88403162,Квалифицирован (отправили инфо),143,Закрыто и не реализовано,2026-09-14T12:05:22.000Z,14213266,Умар (оператор)
48090267,88403162,Квалифицирован (отправили инфо),88403158,,2026-09-14T12:02:11.000Z,14213266,Умар (оператор)
49627243,82313754,Неразобранное,85355474,Instagram,2026-09-14T11:56:18.000Z,0,
49546227,88594558,Взято в работу (Недозвон),88403158,,2026-09-14T11:19:46.000Z,14213266,Умар (оператор)
49624335,82313754,Неразобранное,86701234,Переговоры,2026-09-14T11:11:52.000Z,13268930,Комола (Rooftop hall)
49563267,88594558,Взято в работу (Недозвон),143,Закрыто и не реализовано,2026-09-14T11:11:18.000Z,14213266,Умар (оператор)
49624961,82313754,Неразобранное,143,Закрыто и не реализовано,2026-09-14T11:11:07.000Z,13268930,Комола (Rooftop hall)
49555887,88594558,Взято в работу (Недозвон),88403158,,2026-09-14T11:04:38.000Z,14213266,Умар (оператор)
49550341,88594558,Взято в работу (Недозвон),143,Закрыто и не реализовано,2026-09-14T11:01:28.000Z,14213266,Умар (оператор)
49622341,82313754,Неразобранное,86701234,Переговоры,2026-09-14T10:57:50.000Z,13268930,Комола (Rooftop hall)
49623911,88403154,Новые заявки,143,Закрыто и не реализовано,2026-09-14T10:57:18.000Z,14213266,Умар (оператор)
49619757,88594558,Взято в работу (Недозвон),88403166,Назначили показ,2026-09-14T10:53:47.000Z,14213266,Умар (оператор)
49623911,88403150,Неразобранное,88403154,Новые заявки,2026-09-14T10:49:49.000Z,0,
48008409,88403162,Квалифицирован (отправили инфо),143,Закрыто и не реализовано,2026-09-14T10:44:11.000Z,14213266,Умар (оператор)
49623149,82313754,Неразобранное,85355474,Instagram,2026-09-14T10:37:17.000Z,0,
49546227,88403154,Новые заявки,88594558,Взято в работу (Недозвон),2026-09-14T10:12:44.000Z,14213266,Умар (оператор)
49621681,88403154,Новые заявки,88594558,Взято в работу (Недозвон),2026-09-14T10:12:32.000Z,14213266,Умар (оператор)
49550981,88403154,Новые заявки,143,Закрыто и не реализовано,2026-09-14T10:11:52.000Z,14213266,Умар (оператор)
49580223,88403154,Новые заявки,88594558,Взято в работу (Недозвон),2026-09-14T10:10:51.000Z,14213266,Умар (оператор)
49588567,88403154,Новые заявки,88594558,Взято в работу (Недозвон),2026-09-14T10:10:43.000Z,14213266,Умар (оператор)
49593597,88403154,Новые заявки,88594558,Взято в работу (Недозвон),2026-09-14T10:10:35.000Z,14213266,Умар (оператор)
49597421,88403154,Новые заявки,88594558,Взято в работу (Недозвон),2026-09-14T10:10:26.000Z,14213266,Умар (оператор)
49601077,88403154,Новые заявки,88594558,Взято в работу (Недозвон),2026-09-14T10:10:18.000Z,14213266,Умар (оператор)
49619757,88403154,Новые заявки,88594558,Взято в работу (Недозвон),2026-09-14T10:10:10.000Z,14213266,Умар (оператор)
49621681,88594558,Взято в работу (Недозвон),88403154,Новые заявки,2026-09-14T10:08:17.000Z,0,
49621681,88403150,Неразобранное,88594558,Взято в работу (Недозвон),2026-09-14T10:08:09.000Z,14213266,Умар (оператор)
49583065,88403154,Новые заявки,88594558,Взято в работу (Недозвон),2026-09-14T10:06:17.000Z,14213266,Умар (оператор)
49583099,88403154,Новые заявки,88594558,Взято в работу (Недозвон),2026-09-14T10:06:15.000Z,14213266,Умар (оператор)
49582683,88403154,Новые заявки,88594558,Взято в работу (Недозвон),2026-09-14T10:06:10.000Z,14213266,Умар (оператор)
49577885,88403154,Новые заявки,88594558,Взято в работу (Недозвон),2026-09-14T10:06:08.000Z,14213266,Умар (оператор)
49563267,88403154,Новые заявки,88594558,Взято в работу (Недозвон),2026-09-14T10:06:04.000Z,14213266,Умар (оператор)
49560303,88403154,Новые заявки,88594558,Взято в работу (Недозвон),2026-09-14T10:06:03.000Z,14213266,Умар (оператор)
49557019,88403154,Новые заявки,88594558,Взято в работу (Недозвон),2026-09-14T10:05:58.000Z,14213266,Умар (оператор)
49555887,88403154,Новые заявки,88594558,Взято в работу (Недозвон),2026-09-14T10:05:55.000Z,14213266,Умар (оператор)
49550815,88403154,Новые заявки,88594558,Взято в работу (Недозвон),2026-09-14T10:05:51.000Z,14213266,Умар (оператор)
49550341,88403154,Новые заявки,88594558,Взято в работу (Недозвон),2026-09-14T10:05:49.000Z,14213266,Умар (оператор)
49549953,88403154,Новые заявки,88594558,Взято в работу (Недозвон),2026-09-14T10:05:47.000Z,14213266,Умар (оператор)
49619825,82313754,Неразобранное,86701234,Переговоры,2026-09-14T10:02:19.000Z,13268930,Комола (Rooftop hall)
49534561,86701234,Переговоры,85019690,Показ,2026-09-14T10:01:40.000Z,13268930,Комола (Rooftop hall)
49483397,82601126,КП / презентация,82601130,Согласование договора/сметы,2026-09-14T10:01:12.000Z,13268930,Комола (Rooftop hall)
47976849,88403162,Квалифицирован (отправили инфо),143,Закрыто и не реализовано,2026-09-14T09:53:16.000Z,14213266,Умар (оператор)
47870399,88403162,Квалифицирован (отправили инфо),143,Закрыто и не реализовано,2026-09-14T09:48:57.000Z,14213266,Умар (оператор)
47866929,88403162,Квалифицирован (отправили инфо),143,Закрыто и не реализовано,2026-09-14T09:46:34.000Z,14213266,Умар (оператор)
47863617,88403162,Квалифицирован (отправили инфо),143,Закрыто и не реализовано,2026-09-14T09:44:45.000Z,14213266,Умар (оператор)
49619757,88403150,Неразобранное,88403154,Новые заявки,2026-09-14T09:40:11.000Z,0,
47776007,88403162,Квалифицирован (отправили инфо),143,Закрыто и не реализовано,2026-09-14T09:38:27.000Z,14213266,Умар (оператор)
47743057,88403162,Квалифицирован (отправили инфо),143,Закрыто и не реализовано,2026-09-14T09:35:37.000Z,14213266,Умар (оператор)
49545717,88403154,Новые заявки,88403158,,2026-09-14T09:31:44.000Z,14213266,Умар (оператор)
49541587,88403154,Новые заявки,143,Закрыто и не реализовано,2026-09-14T09:16:46.000Z,14213266,Умар (оператор)
49613529,82313754,Неразобранное,143,Закрыто и не реализовано,2026-09-14T08:34:22.000Z,13268930,Комола (Rooftop hall)
49612215,82313754,Неразобранное,85355474,Instagram,2026-09-14T08:18:19.000Z,0,
49549317,88403154,Новые заявки,143,Закрыто и не реализовано,2026-09-14T07:54:04.000Z,14213266,Умар (оператор)
49546145,88403154,Новые заявки,143,Закрыто и не реализовано,2026-09-14T07:52:22.000Z,14213266,Умар (оператор)
49544017,88403154,Новые заявки,143,Закрыто и не реализовано,2026-09-14T07:49:42.000Z,14213266,Умар (оператор)
48427073,143,Закрыто и не реализовано,142,Провели мероприятие (100% оплата),2026-09-14T07:32:45.000Z,13216486,Admin (тех. аккаунт)
49536515,88403154,Новые заявки,88403158,,2026-09-14T07:32:42.000Z,14213266,Умар (оператор)
49535467,88403154,Новые заявки,143,Закрыто и не реализовано,2026-09-14T07:25:29.000Z,14213266,Умар (оператор)
49524509,88403154,Новые заявки,143,Закрыто и не реализовано,2026-09-14T07:23:20.000Z,14213266,Умар (оператор)
49520031,88403154,Новые заявки,143,Закрыто и не реализовано,2026-09-14T07:21:59.000Z,14213266,Умар (оператор)
49525897,88403158,,88403166,Назначили показ,2026-09-14T07:17:43.000Z,14213266,Умар (оператор)
49453093,88403158,,143,Закрыто и не реализовано,2026-09-14T07:10:27.000Z,14213266,Умар (оператор)
49605799,82313754,Неразобранное,85355474,Instagram,2026-09-14T07:08:15.000Z,0,
49601043,88403154,Новые заявки,143,Закрыто и не реализовано,2026-09-14T07:00:20.000Z,14213266,Умар (оператор)
49603701,82313754,Неразобранное,86701234,Переговоры,2026-09-14T06:56:54.000Z,13268930,Комола (Rooftop hall)
49602985,82313754,Неразобранное,143,Закрыто и не реализовано,2026-09-14T06:56:27.000Z,13268930,Комола (Rooftop hall)
49574349,82313754,Неразобранное,143,Закрыто и не реализовано,2026-09-14T06:56:11.000Z,13268930,Комола (Rooftop hall)
49590171,88403158,,143,Закрыто и не реализовано,2026-09-14T06:56:11.000Z,14213266,Умар (оператор)
49590171,88403154,Новые заявки,88403158,,2026-09-14T06:55:53.000Z,14213266,Умар (оператор)
49590051,88403154,Новые заявки,88403158,,2026-09-14T06:53:05.000Z,14213266,Умар (оператор)
49588305,88403154,Новые заявки,143,Закрыто и не реализовано,2026-09-14T06:49:16.000Z,14213266,Умар (оператор)
49587637,88403154,Новые заявки,88403158,,2026-09-14T06:34:11.000Z,14213266,Умар (оператор)
49583737,88403154,Новые заявки,143,Закрыто и не реализовано,2026-09-14T06:26:31.000Z,14213266,Умар (оператор)
49557157,82313754,Неразобранное,86701234,Переговоры,2026-09-14T06:18:51.000Z,13268930,Комола (Rooftop hall)
49569781,88403154,Новые заявки,143,Закрыто и не реализовано,2026-09-14T06:18:07.000Z,14213266,Умар (оператор)
49589737,82313754,Неразобранное,86701234,Переговоры,2026-09-14T06:16:10.000Z,13268930,Комола (Rooftop hall)
49580559,82313754,Неразобранное,86701234,Переговоры,2026-09-14T06:13:26.000Z,13268930,Комола (Rooftop hall)
49540195,82313754,Неразобранное,143,Закрыто и не реализовано,2026-09-14T06:06:37.000Z,13268930,Комола (Rooftop hall)
49430099,82313754,Неразобранное,143,Закрыто и не реализовано,2026-09-14T06:05:05.000Z,13268930,Комола (Rooftop hall)
49601077,88403150,Неразобранное,88403154,Новые заявки,2026-09-14T06:02:25.000Z,0,
49600273,82313754,Неразобранное,86701234,Переговоры,2026-09-14T05:59:27.000Z,13268930,Комола (Rooftop hall)
49527607,82313754,Неразобранное,143,Закрыто и не реализовано,2026-09-14T05:58:20.000Z,13268930,Комола (Rooftop hall)
49534561,82313754,Неразобранное,86701234,Переговоры,2026-09-14T05:57:49.000Z,13268930,Комола (Rooftop hall)
49598667,82313754,Неразобранное,86701234,Переговоры,2026-09-14T05:56:26.000Z,13268930,Комола (Rooftop hall)
49516547,82313754,Неразобранное,143,Закрыто и не реализовано,2026-09-14T05:44:56.000Z,13268930,Комола (Rooftop hall)
49583257,86701234,Переговоры,143,Закрыто и не реализовано,2026-09-14T05:44:39.000Z,13268930,Комола (Rooftop hall)
49597421,88403150,Неразобранное,88403154,Новые заявки,2026-09-14T04:23:51.000Z,0,
49593597,88403150,Неразобранное,88403154,Новые заявки,2026-09-13T23:03:48.000Z,0,
49590171,88403150,Неразобранное,88403154,Новые заявки,2026-09-13T18:45:51.000Z,0,
49590051,88403150,Неразобранное,88403154,Новые заявки,2026-09-13T18:41:26.000Z,0,
49588567,88403150,Неразобранное,88403154,Новые заявки,2026-09-13T17:38:28.000Z,0,
49588305,88403150,Неразобранное,88403154,Новые заявки,2026-09-13T17:27:51.000Z,0,
49587637,88403150,Неразобранное,88403154,Новые заявки,2026-09-13T17:02:28.000Z,0,
49587161,82313754,Неразобранное,85355474,Instagram,2026-09-13T16:44:08.000Z,0,
49586125,82313754,Неразобранное,85355474,Instagram,2026-09-13T16:06:07.000Z,0,
49583737,88403150,Неразобранное,88403154,Новые заявки,2026-09-13T14:49:27.000Z,0,
49583099,88403150,Неразобранное,88403154,Новые заявки,2026-09-13T14:30:35.000Z,0,
49583067,82313754,Неразобранное,85355474,Instagram,2026-09-13T14:30:27.000Z,0,
49583065,88403150,Неразобранное,88403154,Новые заявки,2026-09-13T14:29:02.000Z,0,
49582683,88403150,Неразобранное,88403154,Новые заявки,2026-09-13T14:15:25.000Z,0,
49581605,82313754,Неразобранное,85355474,Instagram,2026-09-13T13:39:08.000Z,0,
49580515,82313754,Неразобранное,85355474,Instagram,2026-09-13T13:03:09.000Z,0,
49577885,88403150,Неразобранное,88403154,Новые заявки,2026-09-13T11:36:08.000Z,0,
49577681,82313754,Неразобранное,85355474,Instagram,2026-09-13T11:32:08.000Z,0,
49575951,82313754,Неразобранное,85355474,Instagram,2026-09-13T10:49:08.000Z,0,
49551665,88403154,Новые заявки,143,Закрыто и не реализовано,2026-09-13T10:44:53.000Z,13216486,Admin (тех. аккаунт)
49555305,88403154,Новые заявки,143,Закрыто и не реализовано,2026-09-13T10:41:38.000Z,13216486,Admin (тех. аккаунт)
49535525,88403154,Новые заявки,143,Закрыто и не реализовано,2026-09-13T10:37:47.000Z,13216486,Admin (тех. аккаунт)
49567997,88403154,Новые заявки,143,Закрыто и не реализовано,2026-09-13T10:32:54.000Z,14213266,Умар (оператор)
49573873,88403154,Новые заявки,88403166,Назначили показ,2026-09-13T10:31:53.000Z,14213266,Умар (оператор)
49574441,82313754,Неразобранное,85355474,Instagram,2026-09-13T10:08:10.000Z,0,
49573873,88403150,Неразобранное,88403154,Новые заявки,2026-09-13T09:49:40.000Z,0,
49569781,88403150,Неразобранное,88403154,Новые заявки,2026-09-13T07:56:44.000Z,0,
49569343,82313754,Неразобранное,85355474,Instagram,2026-09-13T07:45:13.000Z,0,
49568251,82313754,Неразобранное,85355474,Instagram,2026-09-13T07:15:14.000Z,0,
49567997,88403150,Неразобранное,88403154,Новые заявки,2026-09-13T07:05:19.000Z,0,
49563267,88403150,Неразобранное,88403154,Новые заявки,2026-09-13T03:47:41.000Z,0,
49560303,88403150,Неразобранное,88403154,Новые заявки,2026-09-12T21:09:21.000Z,0,
49557019,88403150,Неразобранное,88403154,Новые заявки,2026-09-12T17:36:28.000Z,0,
49555887,88403150,Неразобранное,88403154,Новые заявки,2026-09-12T16:46:25.000Z,0,
49555305,88403150,Неразобранное,88403154,Новые заявки,2026-09-12T16:23:24.000Z,0,
49550815,88403150,Неразобранное,88403154,Новые заявки,2026-09-12T13:55:15.000Z,0,
49550341,88403150,Неразобранное,88403154,Новые заявки,2026-09-12T13:41:35.000Z,0,
49549953,88403150,Неразобранное,88403154,Новые заявки,2026-09-12T13:31:03.000Z,0,
49524095,88403154,Новые заявки,143,Закрыто и не реализовано,2026-09-12T12:57:39.000Z,14213266,Умар (оператор)
49521029,88403154,Новые заявки,143,Закрыто и не реализовано,2026-09-12T12:41:27.000Z,14213266,Умар (оператор)
49520913,88403154,Новые заявки,143,Закрыто и не реализовано,2026-09-12T12:38:30.000Z,14213266,Умар (оператор)
49491343,88403154,Новые заявки,143,Закрыто и не реализовано,2026-09-12T12:35:36.000Z,14213266,Умар (оператор)
49490339,88403154,Новые заявки,143,Закрыто и не реализовано,2026-09-12T12:34:34.000Z,14213266,Умар (оператор)
49477583,88403154,Новые заявки,143,Закрыто и не реализовано,2026-09-12T12:32:19.000Z,14213266,Умар (оператор)
49547131,88539138,Есть запрос на услугу,88539142,Отправили предложение,2026-09-12T12:30:48.000Z,14213266,Умар (оператор)
49546899,88403154,Новые заявки,143,Закрыто и не реализовано,2026-09-12T12:29:43.000Z,14213266,Умар (оператор)
49547445,88403154,Новые заявки,143,Закрыто и не реализовано,2026-09-12T12:29:06.000Z,14213266,Умар (оператор)
49547445,88403150,Неразобранное,88403154,Новые заявки,2026-09-12T12:09:34.000Z,0,
49546825,88539138,Есть запрос на услугу,88539142,Отправили предложение,2026-09-12T11:56:04.000Z,14213266,Умар (оператор)
49546749,88539142,Отправили предложение,143,Закрыто и не реализовано,2026-09-12T11:49:55.000Z,14213266,Умар (оператор)
49546749,88539138,Есть запрос на услугу,88539142,Отправили предложение,2026-09-12T11:48:35.000Z,14213266,Умар (оператор)
49546749,88539142,Отправили предложение,88539138,Есть запрос на услугу,2026-09-12T11:48:25.000Z,14213266,Умар (оператор)
49546227,88403150,Неразобранное,88403154,Новые заявки,2026-09-12T11:31:32.000Z,0,
49545717,88403150,Неразобранное,88403154,Новые заявки,2026-09-12T11:16:34.000Z,0,
49481149,88403154,Новые заявки,143,Закрыто и не реализовано,2026-09-12T11:05:00.000Z,14213266,Умар (оператор)
49543871,82313754,Неразобранное,85355474,Instagram,2026-09-12T10:26:13.000Z,0,
49422811,88403158,,143,Закрыто и не реализовано,2026-09-12T10:10:36.000Z,14213266,Умар (оператор)
49412575,88403158,,143,Закрыто и не реализовано,2026-09-12T10:08:29.000Z,14213266,Умар (оператор)
49369209,88403158,,143,Закрыто и не реализовано,2026-09-12T10:06:58.000Z,14213266,Умар (оператор)
49542119,88403154,Новые заявки,88403158,,2026-09-12T10:06:12.000Z,14213266,Умар (оператор)
49542119,88403150,Неразобранное,88403154,Новые заявки,2026-09-12T09:41:14.000Z,0,
49541587,88403150,Неразобранное,88403154,Новые заявки,2026-09-12T09:27:00.000Z,0,
49538991,82313754,Неразобранное,85355474,Instagram,2026-09-12T08:20:17.000Z,0,
49375731,88403166,Назначили показ,143,Закрыто и не реализовано,2026-09-12T07:24:44.000Z,14213266,Умар (оператор)
49536515,88403150,Неразобранное,88403154,Новые заявки,2026-09-12T07:12:47.000Z,0,
49535525,88403150,Неразобранное,88403154,Новые заявки,2026-09-12T06:52:51.000Z,0,
49534911,88403154,Новые заявки,88403166,Назначили показ,2026-09-12T06:36:43.000Z,14213266,Умар (оператор)
49518523,88403154,Новые заявки,143,Закрыто и не реализовано,2026-09-12T06:28:22.000Z,14213266,Умар (оператор)
49483699,88403154,Новые заявки,143,Закрыто и не реализовано,2026-09-12T06:25:07.000Z,14213266,Умар (оператор)
49475953,88403154,Новые заявки,143,Закрыто и не реализовано,2026-09-12T06:23:31.000Z,14213266,Умар (оператор)
49470403,88403154,Новые заявки,143,Закрыто и не реализовано,2026-09-12T06:22:53.000Z,14213266,Умар (оператор)
49433725,88403154,Новые заявки,143,Закрыто и не реализовано,2026-09-12T06:22:20.000Z,14213266,Умар (оператор)
49523533,88403154,Новые заявки,143,Закрыто и не реализовано,2026-09-12T06:07:10.000Z,14213266,Умар (оператор)
49533367,88403154,Новые заявки,143,Закрыто и не реализовано,2026-09-12T05:55:19.000Z,14213266,Умар (оператор)
49533475,88403154,Новые заявки,88403158,,2026-09-12T05:54:21.000Z,14213266,Умар (оператор)
49525897,88403154,Новые заявки,88403158,,2026-09-12T05:50:44.000Z,14213266,Умар (оператор)
49482277,88403158,,88403162,Квалифицирован (отправили инфо),2026-09-12T05:49:52.000Z,14213266,Умар (оператор)
49533475,88403150,Неразобранное,88403154,Новые заявки,2026-09-12T05:42:53.000Z,0,
49530685,88403154,Новые заявки,143,Закрыто и не реализовано,2026-09-12T05:19:00.000Z,14213266,Умар (оператор)
49530685,88403150,Неразобранное,88403154,Новые заявки,2026-09-12T03:32:52.000Z,0,
49529615,82313754,Неразобранное,85355474,Instagram,2026-09-12T02:27:04.000Z,0,
49528505,82313754,Неразобранное,85355474,Instagram,2026-09-11T23:25:04.000Z,0,
49525897,88403150,Неразобранное,88403154,Новые заявки,2026-09-11T18:41:43.000Z,0,
49524743,82313754,Неразобранное,85355474,Instagram,2026-09-11T17:49:06.000Z,0,
49524509,88403150,Неразобранное,88403154,Новые заявки,2026-09-11T17:39:09.000Z,0,
49524095,88403150,Неразобранное,88403154,Новые заявки,2026-09-11T17:21:25.000Z,0,
49523533,88403150,Неразобранное,88403154,Новые заявки,2026-09-11T17:01:30.000Z,0,
49522423,82313754,Неразобранное,85355474,Instagram,2026-09-11T16:25:08.000Z,0,
49521029,88403150,Неразобранное,88403154,Новые заявки,2026-09-11T15:53:44.000Z,0,
49520031,88403150,Неразобранное,88403154,Новые заявки,2026-09-11T15:29:55.000Z,0,
49518523,88403150,Неразобранное,88403154,Новые заявки,2026-09-11T14:51:11.000Z,0,
49518151,82313754,Неразобранное,85355474,Instagram,2026-09-11T14:44:10.000Z,0,
49475755,88403158,,143,Закрыто и не реализовано,2026-09-11T11:55:52.000Z,14213266,Умар (оператор)
49447229,88403158,,143,Закрыто и не реализовано,2026-09-11T11:42:17.000Z,14213266,Умар (оператор)
49431247,88403158,,143,Закрыто и не реализовано,2026-09-11T11:23:33.000Z,14213266,Умар (оператор)
49425073,88403158,,143,Закрыто и не реализовано,2026-09-11T11:19:49.000Z,14213266,Умар (оператор)
49405163,88403158,,143,Закрыто и не реализовано,2026-09-11T11:16:30.000Z,14213266,Умар (оператор)
49402573,88403158,,143,Закрыто и не реализовано,2026-09-11T11:15:05.000Z,14213266,Умар (оператор)
49386671,88403158,,143,Закрыто и не реализовано,2026-09-11T11:14:19.000Z,14213266,Умар (оператор)
49366301,88403158,,143,Закрыто и не реализовано,2026-09-11T11:13:00.000Z,14213266,Умар (оператор)
49475861,88403154,Новые заявки,143,Закрыто и не реализовано,2026-09-11T11:04:32.000Z,14213266,Умар (оператор)
49494933,88403154,Новые заявки,143,Закрыто и не реализовано,2026-09-11T11:00:41.000Z,14213266,Умар (оператор)
49495699,88403154,Новые заявки,88403158,,2026-09-11T10:52:12.000Z,14213266,Умар (оператор)
49495849,88403154,Новые заявки,88403158,,2026-09-11T10:50:57.000Z,14213266,Умар (оператор)
49496365,88403154,Новые заявки,143,Закрыто и не реализовано,2026-09-11T10:48:34.000Z,14213266,Умар (оператор)
49497991,88403154,Новые заявки,143,Закрыто и не реализовано,2026-09-11T10:42:11.000Z,14213266,Умар (оператор)
49500285,88403154,Новые заявки,88403158,,2026-09-11T10:38:28.000Z,14213266,Умар (оператор)
49284021,86701234,Переговоры,143,Закрыто и не реализовано,2026-09-11T10:21:04.000Z,13268930,Комола (Rooftop hall)
49227205,86701234,Переговоры,85346514,Отложенный спрос,2026-09-11T10:20:24.000Z,13268930,Комола (Rooftop hall)
49250555,86701234,Переговоры,143,Закрыто и не реализовано,2026-09-11T10:19:44.000Z,13268930,Комола (Rooftop hall)
49342469,86701234,Переговоры,143,Закрыто и не реализовано,2026-09-11T10:19:23.000Z,13268930,Комола (Rooftop hall)
49428151,86701234,Переговоры,143,Закрыто и не реализовано,2026-09-11T10:18:40.000Z,13268930,Комола (Rooftop hall)
49289399,86701234,Переговоры,143,Закрыто и не реализовано,2026-09-11T10:18:14.000Z,13268930,Комола (Rooftop hall)
49311019,86701234,Переговоры,143,Закрыто и не реализовано,2026-09-11T10:16:54.000Z,13268930,Комола (Rooftop hall)
48724129,86701234,Переговоры,143,Закрыто и не реализовано,2026-09-11T10:16:27.000Z,13268930,Комола (Rooftop hall)
49502785,88539138,Есть запрос на услугу,88539758,Готов оформить,2026-09-11T09:50:02.000Z,13216486,Admin (тех. аккаунт)
49493803,82313754,Неразобранное,143,Закрыто и не реализовано,2026-09-11T09:45:15.000Z,13268930,Комола (Rooftop hall)
49496015,82313754,Неразобранное,143,Закрыто и не реализовано,2026-09-11T09:44:31.000Z,13268930,Комола (Rooftop hall)
49501263,88539386,Взято в работу,142,Провели мероприятие (100% оплата),2026-09-11T09:44:24.000Z,13216486,Admin (тех. аккаунт)
49501263,142,Провели мероприятие (100% оплата),88539386,Взято в работу,2026-09-11T09:37:32.000Z,14213266,Умар (оператор)
49470403,88403150,Неразобранное,88403154,Новые заявки,2026-09-11T09:31:16.000Z,13216486,Admin (тех. аккаунт)
49475861,88403150,Неразобранное,88403154,Новые заявки,2026-09-11T09:31:16.000Z,13216486,Admin (тех. аккаунт)
49475953,88403150,Неразобранное,88403154,Новые заявки,2026-09-11T09:31:14.000Z,13216486,Admin (тех. аккаунт)
49477583,88403150,Неразобранное,88403154,Новые заявки,2026-09-11T09:31:13.000Z,13216486,Admin (тех. аккаунт)
49481149,88403150,Неразобранное,88403154,Новые заявки,2026-09-11T09:31:13.000Z,13216486,Admin (тех. аккаунт)
49490339,88403150,Неразобранное,88403154,Новые заявки,2026-09-11T09:31:11.000Z,13216486,Admin (тех. аккаунт)
49492517,88403154,Новые заявки,88403162,Квалифицирован (отправили инфо),2026-09-11T09:28:18.000Z,13216486,Admin (тех. аккаунт)
49492517,88403158,,88403154,Новые заявки,2026-09-11T09:26:21.000Z,13216486,Admin (тех. аккаунт)
49501263,88539382,Новая заявка,142,Провели мероприятие (100% оплата),2026-09-11T09:20:10.000Z,13216486,Admin (тех. аккаунт)
49500285,88403174,Готов к оформлению,88403154,Новые заявки,2026-09-11T09:18:53.000Z,13216486,Admin (тех. аккаунт)
49500285,88403170,Показ провели,88403174,Готов к оформлению,2026-09-11T09:18:20.000Z,13216486,Admin (тех. аккаунт)
49500285,88403166,Назначили показ,88403170,Показ провели,2026-09-11T09:17:04.000Z,13216486,Admin (тех. аккаунт)
49500285,88403154,Новые заявки,88403166,Назначили показ,2026-09-11T09:16:34.000Z,13216486,Admin (тех. аккаунт)
49500285,88403150,Неразобранное,88403154,Новые заявки,2026-09-11T09:10:38.000Z,0,
49460027,88403158,,88539638,Ожидаем завершение объекта,2026-09-11T09:08:48.000Z,13216486,Admin (тех. аккаунт)
49459937,88403158,,88539638,Ожидаем завершение объекта,2026-09-11T09:08:48.000Z,13216486,Admin (тех. аккаунт)
49459869,88403158,,88539638,Ожидаем завершение объекта,2026-09-11T09:08:48.000Z,13216486,Admin (тех. аккаунт)
49452755,88403158,,88539638,Ожидаем завершение объекта,2026-09-11T09:08:48.000Z,13216486,Admin (тех. аккаунт)
49451939,88403158,,88539638,Ожидаем завершение объекта,2026-09-11T09:08:48.000Z,13216486,Admin (тех. аккаунт)
49451697,88403158,,88539638,Ожидаем завершение объекта,2026-09-11T09:08:48.000Z,13216486,Admin (тех. аккаунт)
49450327,88403162,Квалифицирован (отправили инфо),88539638,Ожидаем завершение объекта,2026-09-11T09:08:47.000Z,13216486,Admin (тех. аккаунт)
49460103,88403162,Квалифицирован (отправили инфо),88539638,Ожидаем завершение объекта,2026-09-11T09:08:47.000Z,13216486,Admin (тех. аккаунт)
49450161,88403162,Квалифицирован (отправили инфо),88539638,Ожидаем завершение объекта,2026-09-11T09:08:47.000Z,13216486,Admin (тех. аккаунт)
49459557,88403162,Квалифицирован (отправили инфо),88539638,Ожидаем завершение объекта,2026-09-11T09:08:47.000Z,13216486,Admin (тех. аккаунт)
49453013,88403162,Квалифицирован (отправили инфо),88539638,Ожидаем завершение объекта,2026-09-11T09:08:47.000Z,13216486,Admin (тех. аккаунт)
49452131,88403162,Квалифицирован (отправили инфо),88539638,Ожидаем завершение объекта,2026-09-11T09:08:47.000Z,13216486,Admin (тех. аккаунт)
49451461,88403162,Квалифицирован (отправили инфо),88539638,Ожидаем завершение объекта,2026-09-11T09:08:47.000Z,13216486,Admin (тех. аккаунт)
49450859,88403162,Квалифицирован (отправили инфо),88539638,Ожидаем завершение объекта,2026-09-11T09:08:47.000Z,13216486,Admin (тех. аккаунт)
49450681,88403162,Квалифицирован (отправили инфо),88539638,Ожидаем завершение объекта,2026-09-11T09:08:47.000Z,13216486,Admin (тех. аккаунт)
49408463,88403162,Квалифицирован (отправили инфо),88539638,Ожидаем завершение объекта,2026-09-11T09:08:46.000Z,13216486,Admin (тех. аккаунт)
49450035,88403162,Квалифицирован (отправили инфо),88539638,Ожидаем завершение объекта,2026-09-11T09:08:46.000Z,13216486,Admin (тех. аккаунт)
49449939,88403162,Квалифицирован (отправили инфо),88539638,Ожидаем завершение объекта,2026-09-11T09:08:46.000Z,13216486,Admin (тех. аккаунт)
49449709,88403162,Квалифицирован (отправили инфо),88539638,Ожидаем завершение объекта,2026-09-11T09:08:46.000Z,13216486,Admin (тех. аккаунт)
49405159,88403162,Квалифицирован (отправили инфо),88539638,Ожидаем завершение объекта,2026-09-11T09:08:46.000Z,13216486,Admin (тех. аккаунт)
49449427,88403162,Квалифицирован (отправили инфо),88539638,Ожидаем завершение объекта,2026-09-11T09:08:46.000Z,13216486,Admin (тех. аккаунт)
49449127,88403162,Квалифицирован (отправили инфо),88539638,Ожидаем завершение объекта,2026-09-11T09:08:46.000Z,13216486,Admin (тех. аккаунт)
49447769,88403162,Квалифицирован (отправили инфо),88539638,Ожидаем завершение объекта,2026-09-11T09:08:46.000Z,13216486,Admin (тех. аккаунт)
49447325,88403162,Квалифицирован (отправили инфо),88539638,Ожидаем завершение объекта,2026-09-11T09:08:46.000Z,13216486,Admin (тех. аккаунт)
49447091,88403162,Квалифицирован (отправили инфо),88539638,Ожидаем завершение объекта,2026-09-11T09:08:46.000Z,13216486,Admin (тех. аккаунт)
49446733,88403162,Квалифицирован (отправили инфо),88539638,Ожидаем завершение объекта,2026-09-11T09:08:46.000Z,13216486,Admin (тех. аккаунт)
49412417,88403162,Квалифицирован (отправили инфо),88539638,Ожидаем завершение объекта,2026-09-11T09:08:46.000Z,13216486,Admin (тех. аккаунт)
49412035,88403162,Квалифицирован (отправили инфо),88539638,Ожидаем завершение объекта,2026-09-11T09:08:46.000Z,13216486,Admin (тех. аккаунт)
49408829,88403162,Квалифицирован (отправили инфо),88539638,Ожидаем завершение объекта,2026-09-11T09:08:46.000Z,13216486,Admin (тех. аккаунт)
49405079,88403162,Квалифицирован (отправили инфо),88539638,Ожидаем завершение объекта,2026-09-11T09:08:45.000Z,13216486,Admin (тех. аккаунт)
49404963,88403162,Квалифицирован (отправили инфо),88539638,Ожидаем завершение объекта,2026-09-11T09:08:45.000Z,13216486,Admin (тех. аккаунт)
49404751,88403162,Квалифицирован (отправили инфо),88539638,Ожидаем завершение объекта,2026-09-11T09:08:45.000Z,13216486,Admin (тех. аккаунт)
49404659,88403162,Квалифицирован (отправили инфо),88539638,Ожидаем завершение объекта,2026-09-11T09:08:45.000Z,13216486,Admin (тех. аккаунт)
49404203,88403162,Квалифицирован (отправили инфо),88539638,Ожидаем завершение объекта,2026-09-11T09:08:45.000Z,13216486,Admin (тех. аккаунт)
49348961,88403162,Квалифицирован (отправили инфо),88539638,Ожидаем завершение объекта,2026-09-11T09:08:45.000Z,13216486,Admin (тех. аккаунт)
49338969,88403162,Квалифицирован (отправили инфо),88539638,Ожидаем завершение объекта,2026-09-11T09:08:45.000Z,13216486,Admin (тех. аккаунт)
49330893,88403162,Квалифицирован (отправили инфо),88539638,Ожидаем завершение объекта,2026-09-11T09:08:45.000Z,13216486,Admin (тех. аккаунт)
49328221,88403162,Квалифицирован (отправили инфо),88539638,Ожидаем завершение объекта,2026-09-11T09:08:45.000Z,13216486,Admin (тех. аккаунт)
42886525,88403162,Квалифицирован (отправили инфо),88539638,Ожидаем завершение объекта,2026-09-11T09:08:45.000Z,13216486,Admin (тех. аккаунт)
49497991,88403150,Неразобранное,88403154,Новые заявки,2026-09-11T08:41:00.000Z,0,
49496365,88403150,Неразобранное,88403154,Новые заявки,2026-09-11T08:22:42.000Z,0,
49495849,88403150,Неразобранное,88403154,Новые заявки,2026-09-11T08:14:37.000Z,0,
49495699,88403150,Неразобранное,88403154,Новые заявки,2026-09-11T08:10:53.000Z,0,
49494933,88403150,Неразобранное,88403154,Новые заявки,2026-09-11T07:54:19.000Z,0,
49306263,86701234,Переговоры,143,Закрыто и не реализовано,2026-09-11T07:29:55.000Z,13268930,Комола (Rooftop hall)
48549747,86701234,Переговоры,143,Закрыто и не реализовано,2026-09-11T07:29:29.000Z,13268930,Комола (Rooftop hall)
49492517,88403150,Неразобранное,88403158,,2026-09-11T07:27:20.000Z,14213266,Умар (оператор)
48739313,86701234,Переговоры,143,Закрыто и не реализовано,2026-09-11T07:25:43.000Z,13268930,Комола (Rooftop hall)
48282737,86701234,Переговоры,143,Закрыто и не реализовано,2026-09-11T07:24:58.000Z,13268930,Комола (Rooftop hall)
49447447,143,Закрыто и не реализовано,143,Закрыто и не реализовано,2026-09-11T07:24:00.000Z,13216486,Admin (тех. аккаунт)
49446509,143,Закрыто и не реализовано,143,Закрыто и не реализовано,2026-09-11T07:23:59.000Z,13216486,Admin (тех. аккаунт)
49409383,143,Закрыто и не реализовано,143,Закрыто и не реализовано,2026-09-11T07:23:59.000Z,13216486,Admin (тех. аккаунт)
49347731,143,Закрыто и не реализовано,143,Закрыто и не реализовано,2026-09-11T07:23:59.000Z,13216486,Admin (тех. аккаунт)
49346973,143,Закрыто и не реализовано,143,Закрыто и не реализовано,2026-09-11T07:23:59.000Z,13216486,Admin (тех. аккаунт)
49339971,143,Закрыто и не реализовано,143,Закрыто и не реализовано,2026-09-11T07:23:59.000Z,13216486,Admin (тех. аккаунт)
49331327,143,Закрыто и не реализовано,143,Закрыто и не реализовано,2026-09-11T07:23:59.000Z,13216486,Admin (тех. аккаунт)
49331053,143,Закрыто и не реализовано,143,Закрыто и не реализовано,2026-09-11T07:23:59.000Z,13216486,Admin (тех. аккаунт)
49329787,143,Закрыто и не реализовано,143,Закрыто и не реализовано,2026-09-11T07:23:59.000Z,13216486,Admin (тех. аккаунт)
49308423,143,Закрыто и не реализовано,143,Закрыто и не реализовано,2026-09-11T07:23:59.000Z,13216486,Admin (тех. аккаунт)
49328127,143,Закрыто и не реализовано,143,Закрыто и не реализовано,2026-09-11T07:23:59.000Z,13216486,Admin (тех. аккаунт)
49323655,143,Закрыто и не реализовано,143,Закрыто и не реализовано,2026-09-11T07:23:59.000Z,13216486,Admin (тех. аккаунт)
49322565,143,Закрыто и не реализовано,143,Закрыто и не реализовано,2026-09-11T07:23:59.000Z,13216486,Admin (тех. аккаунт)
49321725,143,Закрыто и не реализовано,143,Закрыто и не реализовано,2026-09-11T07:23:59.000Z,13216486,Admin (тех. аккаунт)
49320031,143,Закрыто и не реализовано,143,Закрыто и не реализовано,2026-09-11T07:23:59.000Z,13216486,Admin (тех. аккаунт)
49319425,143,Закрыто и не реализовано,143,Закрыто и не реализовано,2026-09-11T07:23:59.000Z,13216486,Admin (тех. аккаунт)
49316513,143,Закрыто и не реализовано,143,Закрыто и не реализовано,2026-09-11T07:23:59.000Z,13216486,Admin (тех. аккаунт)
49306615,143,Закрыто и не реализовано,143,Закрыто и не реализовано,2026-09-11T07:23:59.000Z,13216486,Admin (тех. аккаунт)
49316123,143,Закрыто и не реализовано,143,Закрыто и не реализовано,2026-09-11T07:23:59.000Z,13216486,Admin (тех. аккаунт)
49315827,143,Закрыто и не реализовано,143,Закрыто и не реализовано,2026-09-11T07:23:59.000Z,13216486,Admin (тех. аккаунт)
49312227,143,Закрыто и не реализовано,143,Закрыто и не реализовано,2026-09-11T07:23:59.000Z,13216486,Admin (тех. аккаунт)
49306439,143,Закрыто и не реализовано,143,Закрыто и не реализовано,2026-09-11T07:23:58.000Z,13216486,Admin (тех. аккаунт)
49452507,143,Закрыто и не реализовано,143,Закрыто и не реализовано,2026-09-11T07:23:42.000Z,13216486,Admin (тех. аккаунт)
49451697,87644138,Недозвон,88403158,,2026-09-11T07:23:22.000Z,13216486,Admin (тех. аккаунт)
49452755,87644138,Недозвон,88403158,,2026-09-11T07:23:22.000Z,13216486,Admin (тех. аккаунт)
49451939,87644138,Недозвон,88403158,,2026-09-11T07:23:22.000Z,13216486,Admin (тех. аккаунт)
49460027,87644138,Недозвон,88403158,,2026-09-11T07:23:22.000Z,13216486,Admin (тех. аккаунт)
49459937,87644138,Недозвон,88403158,,2026-09-11T07:23:22.000Z,13216486,Admin (тех. аккаунт)
49459869,87644138,Недозвон,88403158,,2026-09-11T07:23:22.000Z,13216486,Admin (тех. аккаунт)
49449709,85378210,переговоры,88403162,Квалифицирован (отправили инфо),2026-09-11T07:22:25.000Z,13216486,Admin (тех. аккаунт)
49460103,85378210,переговоры,88403162,Квалифицирован (отправили инфо),2026-09-11T07:22:25.000Z,13216486,Admin (тех. аккаунт)
49459557,85378210,переговоры,88403162,Квалифицирован (отправили инфо),2026-09-11T07:22:25.000Z,13216486,Admin (тех. аккаунт)
49453013,85378210,переговоры,88403162,Квалифицирован (отправили инфо),2026-09-11T07:22:25.000Z,13216486,Admin (тех. аккаунт)
49452131,85378210,переговоры,88403162,Квалифицирован (отправили инфо),2026-09-11T07:22:25.000Z,13216486,Admin (тех. аккаунт)
49451461,85378210,переговоры,88403162,Квалифицирован (отправили инфо),2026-09-11T07:22:25.000Z,13216486,Admin (тех. аккаунт)
49450859,85378210,переговоры,88403162,Квалифицирован (отправили инфо),2026-09-11T07:22:25.000Z,13216486,Admin (тех. аккаунт)
49450681,85378210,переговоры,88403162,Квалифицирован (отправили инфо),2026-09-11T07:22:25.000Z,13216486,Admin (тех. аккаунт)
49450327,85378210,переговоры,88403162,Квалифицирован (отправили инфо),2026-09-11T07:22:25.000Z,13216486,Admin (тех. аккаунт)
49450161,85378210,переговоры,88403162,Квалифицирован (отправили инфо),2026-09-11T07:22:25.000Z,13216486,Admin (тех. аккаунт)
49450035,85378210,переговоры,88403162,Квалифицирован (отправили инфо),2026-09-11T07:22:25.000Z,13216486,Admin (тех. аккаунт)
49449939,85378210,переговоры,88403162,Квалифицирован (отправили инфо),2026-09-11T07:22:25.000Z,13216486,Admin (тех. аккаунт)
49405079,85378210,переговоры,88403162,Квалифицирован (отправили инфо),2026-09-11T07:22:24.000Z,13216486,Admin (тех. аккаунт)
49449427,85378210,переговоры,88403162,Квалифицирован (отправили инфо),2026-09-11T07:22:24.000Z,13216486,Admin (тех. аккаунт)
49449127,85378210,переговоры,88403162,Квалифицирован (отправили инфо),2026-09-11T07:22:24.000Z,13216486,Admin (тех. аккаунт)
49447769,85378210,переговоры,88403162,Квалифицирован (отправили инфо),2026-09-11T07:22:24.000Z,13216486,Admin (тех. аккаунт)
49447325,85378210,переговоры,88403162,Квалифицирован (отправили инфо),2026-09-11T07:22:24.000Z,13216486,Admin (тех. аккаунт)
49447091,85378210,переговоры,88403162,Квалифицирован (отправили инфо),2026-09-11T07:22:24.000Z,13216486,Admin (тех. аккаунт)
49446733,85378210,переговоры,88403162,Квалифицирован (отправили инфо),2026-09-11T07:22:24.000Z,13216486,Admin (тех. аккаунт)
49412417,85378210,переговоры,88403162,Квалифицирован (отправили инфо),2026-09-11T07:22:24.000Z,13216486,Admin (тех. аккаунт)
49412035,85378210,переговоры,88403162,Квалифицирован (отправили инфо),2026-09-11T07:22:24.000Z,13216486,Admin (тех. аккаунт)
49404963,85378210,переговоры,88403162,Квалифицирован (отправили инфо),2026-09-11T07:22:24.000Z,13216486,Admin (тех. аккаунт)
49408829,85378210,переговоры,88403162,Квалифицирован (отправили инфо),2026-09-11T07:22:24.000Z,13216486,Admin (тех. аккаунт)
49408463,85378210,переговоры,88403162,Квалифицирован (отправили инфо),2026-09-11T07:22:24.000Z,13216486,Admin (тех. аккаунт)
49405159,85378210,переговоры,88403162,Квалифицирован (отправили инфо),2026-09-11T07:22:24.000Z,13216486,Admin (тех. аккаунт)
49404751,85378210,переговоры,88403162,Квалифицирован (отправили инфо),2026-09-11T07:22:23.000Z,13216486,Admin (тех. аккаунт)
49404659,85378210,переговоры,88403162,Квалифицирован (отправили инфо),2026-09-11T07:22:23.000Z,13216486,Admin (тех. аккаунт)
49404203,85378210,переговоры,88403162,Квалифицирован (отправили инфо),2026-09-11T07:22:23.000Z,13216486,Admin (тех. аккаунт)
49348961,85378210,переговоры,88403162,Квалифицирован (отправили инфо),2026-09-11T07:22:23.000Z,13216486,Admin (тех. аккаунт)
49338969,85378210,переговоры,88403162,Квалифицирован (отправили инфо),2026-09-11T07:22:23.000Z,13216486,Admin (тех. аккаунт)
49330893,85378210,переговоры,88403162,Квалифицирован (отправили инфо),2026-09-11T07:22:23.000Z,13216486,Admin (тех. аккаунт)
49328221,85378210,переговоры,88403162,Квалифицирован (отправили инфо),2026-09-11T07:22:23.000Z,13216486,Admin (тех. аккаунт)
42886525,85378210,переговоры,88403162,Квалифицирован (отправили инфо),2026-09-11T07:22:23.000Z,13216486,Admin (тех. аккаунт)
49492535,88403150,Неразобранное,143,Закрыто и не реализовано,2026-09-11T07:19:35.000Z,14213266,Умар (оператор)
49375731,88403158,,88403166,Назначили показ,2026-09-11T07:12:13.000Z,14213266,Умар (оператор)
49356205,88403158,,88403166,Назначили показ,2026-09-11T07:11:38.000Z,14213266,Умар (оператор)
49476087,88403150,Неразобранное,88403166,Назначили показ,2026-09-11T07:11:15.000Z,14213266,Умар (оператор)
49475755,88403150,Неразобранное,88403158,,2026-09-11T06:39:41.000Z,14213266,Умар (оператор)
49490053,82313754,Неразобранное,143,Закрыто и не реализовано,2026-09-11T06:36:30.000Z,13268930,Комола (Rooftop hall)
49490511,82313754,Неразобранное,86701234,Переговоры,2026-09-11T06:36:03.000Z,13268930,Комола (Rooftop hall)
49474245,88403150,Неразобранное,143,Закрыто и не реализовано,2026-09-11T06:33:02.000Z,14213266,Умар (оператор)
49482277,88403150,Неразобранное,88403158,,2026-09-11T06:31:55.000Z,14213266,Умар (оператор)
49466361,88403150,Неразобранное,88403158,,2026-09-11T06:24:47.000Z,14213266,Умар (оператор)
49483699,88403158,,88403154,Новые заявки,2026-09-11T06:16:59.000Z,14213266,Умар (оператор)
49483699,88403150,Неразобранное,88403158,,2026-09-11T06:16:14.000Z,14213266,Умар (оператор)
49489617,88403150,Неразобранное,88403158,,2026-09-11T06:14:22.000Z,14213266,Умар (оператор)
49489481,88403162,Квалифицирован (отправили инфо),88403158,,2026-09-11T06:09:32.000Z,14213266,Умар (оператор)
49489481,88403150,Неразобранное,88403162,Квалифицирован (отправили инфо),2026-09-11T06:09:19.000Z,14213266,Умар (оператор)
49471489,82313754,Неразобранное,143,Закрыто и не реализовано,2026-09-11T06:06:24.000Z,13268930,Комола (Rooftop hall)
49347973,82601126,КП / презентация,82601130,Согласование договора/сметы,2026-09-11T06:03:22.000Z,13268930,Комола (Rooftop hall)
49483397,86701234,Переговоры,82601126,КП / презентация,2026-09-11T06:02:59.000Z,13268930,Комола (Rooftop hall)
49427145,88403150,Неразобранное,143,Закрыто и не реализовано,2026-09-11T05:59:10.000Z,14213266,Умар (оператор)
49424247,88403150,Неразобранное,143,Закрыто и не реализовано,2026-09-11T05:58:29.000Z,14213266,Умар (оператор)
49483335,88403150,Неразобранное,143,Закрыто и не реализовано,2026-09-11T05:55:55.000Z,14213266,Умар (оператор)
49487287,88403150,Неразобранное,143,Закрыто и не реализовано,2026-09-11T05:53:26.000Z,14213266,Умар (оператор)
49483397,82313754,Неразобранное,86701234,Переговоры,2026-09-11T05:26:19.000Z,13268930,Комола (Rooftop hall)
49487137,82313754,Неразобранное,85355474,Instagram,2026-09-11T05:01:33.000Z,0,
49461459,88403150,Неразобранное,88403158,,2026-09-10T13:46:03.000Z,14213266,Умар (оператор)
49458225,88403154,Новые заявки,143,Закрыто и не реализовано,2026-09-10T13:36:44.000Z,14213266,Умар (оператор)
49417195,88403154,Новые заявки,143,Закрыто и не реализовано,2026-09-10T13:34:51.000Z,14213266,Умар (оператор)
49433449,88403154,Новые заявки,143,Закрыто и не реализовано,2026-09-10T13:31:25.000Z,14213266,Умар (оператор)
49438267,88403150,Неразобранное,143,Закрыто и не реализовано,2026-09-10T13:30:14.000Z,14213266,Умар (оператор)
49460213,88403150,Неразобранное,143,Закрыто и не реализовано,2026-09-10T13:22:24.000Z,14213266,Умар (оператор)
49460145,88403150,Неразобранное,143,Закрыто и не реализовано,2026-09-10T13:20:30.000Z,14213266,Умар (оператор)
49460033,88403150,Неразобранное,143,Закрыто и не реализовано,2026-09-10T13:19:28.000Z,14213266,Умар (оператор)
49460103,87644138,Недозвон,85378210,переговоры,2026-09-10T13:16:16.000Z,14213266,Умар (оператор)
49459557,87644138,Недозвон,85378210,переговоры,2026-09-10T13:06:23.000Z,14213266,Умар (оператор)
49426547,88403150,Неразобранное,88403158,,2026-09-10T12:48:47.000Z,14213266,Умар (оператор)
49457599,82313754,Неразобранное,143,Закрыто и не реализовано,2026-09-10T12:46:39.000Z,13268930,Комола (Rooftop hall)
49424091,88403150,Неразобранное,143,Закрыто и не реализовано,2026-09-10T12:39:52.000Z,14213266,Умар (оператор)
49422779,88403150,Неразобранное,143,Закрыто и не реализовано,2026-09-10T12:37:16.000Z,14213266,Умар (оператор)
49422653,88403150,Неразобранное,143,Закрыто и не реализовано,2026-09-10T12:36:16.000Z,14213266,Умар (оператор)
49453013,87644138,Недозвон,85378210,переговоры,2026-09-10T12:27:21.000Z,14213266,Умар (оператор)
41926277,86701234,Переговоры,143,Закрыто и не реализовано,2026-09-10T12:16:34.000Z,13268930,Комола (Rooftop hall)
49443015,86701234,Переговоры,143,Закрыто и не реализовано,2026-09-10T12:15:33.000Z,13268930,Комола (Rooftop hall)
49003819,88403162,Квалифицирован (отправили инфо),143,Закрыто и не реализовано,2026-09-10T11:35:53.000Z,13216486,Admin (тех. аккаунт)
49453093,88403150,Неразобранное,88403158,,2026-09-10T11:29:41.000Z,14213266,Умар (оператор)
49452507,87644138,Недозвон,143,Закрыто и не реализовано,2026-09-10T10:55:18.000Z,14213266,Умар (оператор)
49020365,88403162,Квалифицирован (отправили инфо),143,Закрыто и не реализовано,2026-09-10T10:52:21.000Z,13216486,Admin (тех. аккаунт)
49024357,88403162,Квалифицирован (отправили инфо),143,Закрыто и не реализовано,2026-09-10T10:51:16.000Z,13216486,Admin (тех. аккаунт)
49452131,87644138,Недозвон,85378210,переговоры,2026-09-10T10:50:36.000Z,14213266,Умар (оператор)
49025153,88403162,Квалифицирован (отправили инфо),143,Закрыто и не реализовано,2026-09-10T10:48:39.000Z,13216486,Admin (тех. аккаунт)
49030379,88403162,Квалифицирован (отправили инфо),143,Закрыто и не реализовано,2026-09-10T10:47:12.000Z,13216486,Admin (тех. аккаунт)
49287525,86701234,Переговоры,143,Закрыто и не реализовано,2026-09-10T10:44:54.000Z,13268930,Комола (Rooftop hall)
49184711,86701234,Переговоры,143,Закрыто и не реализовано,2026-09-10T10:44:39.000Z,13268930,Комола (Rooftop hall)
49294879,88403162,Квалифицирован (отправили инфо),143,Закрыто и не реализовано,2026-09-10T10:43:26.000Z,13216486,Admin (тех. аккаунт)
46256925,88403162,Квалифицирован (отправили инфо),143,Закрыто и не реализовано,2026-09-10T10:41:11.000Z,13216486,Admin (тех. аккаунт)
49451537,82313754,Неразобранное,86701234,Переговоры,2026-09-10T10:38:14.000Z,13268930,Комола (Rooftop hall)
49451461,87644138,Недозвон,85378210,переговоры,2026-09-10T10:36:54.000Z,14213266,Умар (оператор)
49450859,87644138,Недозвон,85378210,переговоры,2026-09-10T10:33:54.000Z,14213266,Умар (оператор)
49443015,82313754,Неразобранное,86701234,Переговоры,2026-09-10T10:21:46.000Z,13268930,Комола (Rooftop hall)
49450681,87644138,Недозвон,85378210,переговоры,2026-09-10T10:21:13.000Z,14213266,Умар (оператор)
49450327,87644138,Недозвон,85378210,переговоры,2026-09-10T10:15:07.000Z,14213266,Умар (оператор)
49450161,87644138,Недозвон,85378210,переговоры,2026-09-10T10:09:40.000Z,14213266,Умар (оператор)
49450035,87644138,Недозвон,85378210,переговоры,2026-09-10T10:06:42.000Z,14213266,Умар (оператор)
49449939,87644138,Недозвон,85378210,переговоры,2026-09-10T10:03:41.000Z,14213266,Умар (оператор)
49449709,87644138,Недозвон,85378210,переговоры,2026-09-10T10:01:40.000Z,14213266,Умар (оператор)
49449427,87644138,Недозвон,85378210,переговоры,2026-09-10T09:57:15.000Z,14213266,Умар (оператор)
49449127,87644138,Недозвон,85378210,переговоры,2026-09-10T09:51:07.000Z,14213266,Умар (оператор)
49221645,86701234,Переговоры,143,Закрыто и не реализовано,2026-09-10T09:48:27.000Z,13268930,Комола (Rooftop hall)
49447229,88403150,Неразобранное,88403158,,2026-09-10T09:47:47.000Z,14213266,Умар (оператор)
48952369,86701234,Переговоры,143,Закрыто и не реализовано,2026-09-10T09:47:20.000Z,13268930,Комола (Rooftop hall)
49080343,86701234,Переговоры,143,Закрыто и не реализовано,2026-09-10T09:45:16.000Z,13268930,Комола (Rooftop hall)
48789009,86701234,Переговоры,143,Закрыто и не реализовано,2026-09-10T09:43:22.000Z,13268930,Комола (Rooftop hall)
48681989,86701234,Переговоры,143,Закрыто и не реализовано,2026-09-10T09:42:36.000Z,13268930,Комола (Rooftop hall)
48449347,86701234,Переговоры,143,Закрыто и не реализовано,2026-09-10T09:42:18.000Z,13268930,Комола (Rooftop hall)
48653803,86701234,Переговоры,143,Закрыто и не реализовано,2026-09-10T09:38:15.000Z,13268930,Комола (Rooftop hall)
48511731,86701234,Переговоры,143,Закрыто и не реализовано,2026-09-10T09:37:26.000Z,13268930,Комола (Rooftop hall)
49447769,87644138,Недозвон,85378210,переговоры,2026-09-10T09:33:58.000Z,14213266,Умар (оператор)
48343873,82601126,КП / презентация,143,Закрыто и не реализовано,2026-09-10T09:33:05.000Z,13268930,Комола (Rooftop hall)
49447447,87644138,Недозвон,143,Закрыто и не реализовано,2026-09-10T09:28:28.000Z,14213266,Умар (оператор)
48421055,86701234,Переговоры,143,Закрыто и не реализовано,2026-09-10T09:26:48.000Z,13268930,Комола (Rooftop hall)
48400611,86701234,Переговоры,143,Закрыто и не реализовано,2026-09-10T09:26:13.000Z,13268930,Комола (Rooftop hall)
49447325,87644138,Недозвон,85378210,переговоры,2026-09-10T09:25:01.000Z,14213266,Умар (оператор)
49447091,87644138,Недозвон,85378210,переговоры,2026-09-10T09:22:14.000Z,14213266,Умар (оператор)
48315053,86701234,Переговоры,143,Закрыто и не реализовано,2026-09-10T09:19:57.000Z,13268930,Комола (Rooftop hall)
48260849,86701234,Переговоры,143,Закрыто и не реализовано,2026-09-10T09:19:32.000Z,13268930,Комола (Rooftop hall)
48235117,86701234,Переговоры,143,Закрыто и не реализовано,2026-09-10T09:18:57.000Z,13268930,Комола (Rooftop hall)
46783777,85019690,Показ,143,Закрыто и не реализовано,2026-09-10T09:17:56.000Z,13268930,Комола (Rooftop hall)
49446733,87644138,Недозвон,85378210,переговоры,2026-09-10T09:17:50.000Z,14213266,Умар (оператор)
49446509,87644138,Недозвон,143,Закрыто и не реализовано,2026-09-10T09:15:18.000Z,14213266,Умар (оператор)
41369505,85346514,Отложенный спрос,143,Закрыто и не реализовано,2026-09-10T09:08:52.000Z,13268930,Комола (Rooftop hall)
49442871,82313754,Неразобранное,85355474,Instagram,2026-09-10T08:22:24.000Z,0,
49423173,88403150,Неразобранное,143,Закрыто и не реализовано,2026-09-10T07:48:41.000Z,14213266,Умар (оператор)
48672979,88403166,Назначили показ,143,Закрыто и не реализовано,2026-09-10T07:48:14.000Z,13216486,Admin (тех. аккаунт)
48170769,88403166,Назначили показ,143,Закрыто и не реализовано,2026-09-10T07:46:39.000Z,13216486,Admin (тех. аккаунт)
47989899,88403166,Назначили показ,143,Закрыто и не реализовано,2026-09-10T07:45:49.000Z,13216486,Admin (тех. аккаунт)
49422873,88403150,Неразобранное,143,Закрыто и не реализовано,2026-09-10T07:44:22.000Z,14213266,Умар (оператор)
49422811,88403150,Неразобранное,88403158,,2026-09-10T07:40:19.000Z,14213266,Умар (оператор)
49437063,88403154,Новые заявки,143,Закрыто и не реализовано,2026-09-10T07:37:35.000Z,14213266,Умар (оператор)
49432199,88403150,Неразобранное,88403158,,2026-09-10T07:33:23.000Z,14213266,Умар (оператор)
49436963,82313754,Неразобранное,86701234,Переговоры,2026-09-10T07:29:06.000Z,13268930,Комола (Rooftop hall)
49439225,82313754,Неразобранное,86701234,Переговоры,2026-09-10T07:28:28.000Z,13268930,Комола (Rooftop hall)
47844869,88403166,Назначили показ,143,Закрыто и не реализовано,2026-09-10T07:15:53.000Z,13216486,Admin (тех. аккаунт)
49433709,82313754,Неразобранное,86701234,Переговоры,2026-09-10T06:34:58.000Z,13268930,Комола (Rooftop hall)
49423439,82313754,Неразобранное,143,Закрыто и не реализовано,2026-09-10T05:29:21.000Z,13268930,Комола (Rooftop hall)
49423157,82313754,Неразобранное,143,Закрыто и не реализовано,2026-09-10T05:29:06.000Z,13268930,Комола (Rooftop hall)
49425073,88403150,Неразобранное,88403158,,2026-09-10T05:28:33.000Z,14213266,Умар (оператор)
49419773,88403150,Неразобранное,143,Закрыто и не реализовано,2026-09-10T05:21:25.000Z,14213266,Умар (оператор)
49414545,88403150,Неразобранное,143,Закрыто и не реализовано,2026-09-10T05:19:52.000Z,14213266,Умар (оператор)
49431247,88403150,Неразобранное,88403158,,2026-09-10T05:16:01.000Z,14213266,Умар (оператор)
49423819,82313754,Неразобранное,85355474,Instagram,2026-09-09T18:05:14.000Z,0,
49418153,82313754,Неразобранное,85355474,Instagram,2026-09-09T15:13:11.000Z,0,
49414727,82313754,Неразобранное,85355474,Instagram,2026-09-09T13:59:15.000Z,0,
49411817,88403154,Новые заявки,143,Закрыто и не реализовано,2026-09-09T13:39:52.000Z,14213266,Умар (оператор)
49412575,88403150,Неразобранное,88403158,,2026-09-09T13:39:17.000Z,14213266,Умар (оператор)
49412417,87644138,Недозвон,85378210,переговоры,2026-09-09T13:19:11.000Z,14213266,Умар (оператор)
49412035,87644138,Недозвон,85378210,переговоры,2026-09-09T13:15:31.000Z,14213266,Умар (оператор)
49407489,88403150,Неразобранное,143,Закрыто и не реализовано,2026-09-09T12:54:10.000Z,13216486,Admin (тех. аккаунт)
49409819,88403150,Неразобранное,143,Закрыто и не реализовано,2026-09-09T12:40:20.000Z,14213266,Умар (оператор)
49410129,88403150,Неразобранное,143,Закрыто и не реализовано,2026-09-09T12:37:58.000Z,14213266,Умар (оператор)
49409383,87644138,Недозвон,143,Закрыто и не реализовано,2026-09-09T12:24:37.000Z,14213266,Умар (оператор)
49408829,87644138,Недозвон,85378210,переговоры,2026-09-09T12:17:28.000Z,14213266,Умар (оператор)
49395903,88403154,Новые заявки,143,Закрыто и не реализовано,2026-09-09T12:06:20.000Z,14213266,Умар (оператор)
49193721,86701234,Переговоры,143,Закрыто и не реализовано,2026-09-09T12:03:47.000Z,13268930,Комола (Rooftop hall)
49408463,87644138,Недозвон,85378210,переговоры,2026-09-09T12:03:19.000Z,14213266,Умар (оператор)
49406893,88403154,Новые заявки,143,Закрыто и не реализовано,2026-09-09T11:58:11.000Z,14213266,Умар (оператор)
49407115,88403154,Новые заявки,143,Закрыто и не реализовано,2026-09-09T11:57:19.000Z,14213266,Умар (оператор)
49399733,88403154,Новые заявки,143,Закрыто и не реализовано,2026-09-09T11:40:25.000Z,14213266,Умар (оператор)
49399311,88403154,Новые заявки,143,Закрыто и не реализовано,2026-09-09T11:40:12.000Z,14213266,Умар (оператор)
49386671,88403150,Неразобранное,88403158,,2026-09-09T11:36:59.000Z,14213266,Умар (оператор)
49406311,82313754,Неразобранное,143,Закрыто и не реализовано,2026-09-09T11:34:38.000Z,13268930,Комола (Rooftop hall)
49406265,82313754,Неразобранное,143,Закрыто и не реализовано,2026-09-09T11:33:51.000Z,13268930,Комола (Rooftop hall)
49381889,88403150,Неразобранное,143,Закрыто и не реализовано,2026-09-09T11:28:22.000Z,14213266,Умар (оператор)
49368339,88403150,Неразобранное,143,Закрыто и не реализовано,2026-09-09T11:27:36.000Z,14213266,Умар (оператор)
49402573,88403150,Неразобранное,88403158,,2026-09-09T11:26:32.000Z,14213266,Умар (оператор)
49392319,82313754,Неразобранное,143,Закрыто и не реализовано,2026-09-09T11:24:51.000Z,13268930,Комола (Rooftop hall)
49385611,82313754,Неразобранное,143,Закрыто и не реализовано,2026-09-09T11:22:13.000Z,13268930,Комола (Rooftop hall)
49405163,88403150,Неразобранное,88403158,,2026-09-09T11:20:52.000Z,14213266,Умар (оператор)
49400247,86701234,Переговоры,143,Закрыто и не реализовано,2026-09-09T11:19:36.000Z,13268930,Комола (Rooftop hall)
49404089,86701234,Переговоры,143,Закрыто и не реализовано,2026-09-09T11:18:31.000Z,13268930,Комола (Rooftop hall)
49393569,86701234,Переговоры,143,Закрыто и не реализовано,2026-09-09T11:15:19.000Z,13268930,Комола (Rooftop hall)
49405159,87644138,Недозвон,85378210,переговоры,2026-09-09T11:12:15.000Z,14213266,Умар (оператор)
49405079,87644138,Недозвон,85378210,переговоры,2026-09-09T11:06:04.000Z,14213266,Умар (оператор)
49404963,87644138,Недозвон,85378210,переговоры,2026-09-09T11:03:55.000Z,14213266,Умар (оператор)
49404751,87644138,Недозвон,85378210,переговоры,2026-09-09T11:01:28.000Z,14213266,Умар (оператор)
49404659,87644138,Недозвон,85378210,переговоры,2026-09-09T10:57:24.000Z,14213266,Умар (оператор)
49404203,87644138,Недозвон,85378210,переговоры,2026-09-09T10:53:37.000Z,14213266,Умар (оператор)
49378221,82313754,Неразобранное,86701234,Переговоры,2026-09-09T10:53:25.000Z,13268930,Комола (Rooftop hall)
49370513,82313754,Неразобранное,143,Закрыто и не реализовано,2026-09-09T10:38:43.000Z,13268930,Комола (Rooftop hall)
42886525,84174878,Уточнение / Консультация,85378210,переговоры,2026-09-09T10:28:53.000Z,14213266,Умар (оператор)
42886525,143,Закрыто и не реализовано,84174878,Уточнение / Консультация,2026-09-09T10:27:30.000Z,14213266,Умар (оператор)
47671411,88403162,Квалифицирован (отправили инфо),143,Закрыто и не реализовано,2026-09-09T10:24:27.000Z,13216486,Admin (тех. аккаунт)
49400029,88403150,Неразобранное,143,Закрыто и не реализовано,2026-09-09T10:17:20.000Z,14213266,Умар (оператор)
49370409,88403150,Неразобранное,143,Закрыто и не реализовано,2026-09-09T09:34:40.000Z,14213266,Умар (оператор)
49394001,82313754,Неразобранное,86701234,Переговоры,2026-09-09T09:32:31.000Z,13268930,Комола (Rooftop hall)
49394381,88403150,Неразобранное,143,Закрыто и не реализовано,2026-09-09T09:31:42.000Z,14213266,Умар (оператор)
49395197,88403150,Неразобранное,143,Закрыто и не реализовано,2026-09-09T09:29:17.000Z,14213266,Умар (оператор)
49399079,88403150,Неразобранное,143,Закрыто и не реализовано,2026-09-09T09:27:28.000Z,14213266,Умар (оператор)
49380095,88403150,Неразобранное,143,Закрыто и не реализовано,2026-09-09T09:25:18.000Z,14213266,Умар (оператор)
49376917,88403150,Неразобранное,143,Закрыто и не реализовано,2026-09-09T09:23:55.000Z,14213266,Умар (оператор)
49378603,88403150,Неразобранное,143,Закрыто и не реализовано,2026-09-09T09:23:29.000Z,14213266,Умар (оператор)
49333693,82313754,Неразобранное,143,Закрыто и не реализовано,2026-09-09T07:50:36.000Z,13268930,Комола (Rooftop hall)
49325281,82313754,Неразобранное,143,Закрыто и не реализовано,2026-09-09T07:50:21.000Z,13268930,Комола (Rooftop hall)
49269347,82313754,Неразобранное,143,Закрыто и не реализовано,2026-09-09T07:49:56.000Z,13268930,Комола (Rooftop hall)
49364013,82313754,Неразобранное,143,Закрыто и не реализовано,2026-09-09T07:49:38.000Z,13268930,Комола (Rooftop hall)
49349871,82313754,Неразобранное,143,Закрыто и не реализовано,2026-09-09T07:48:54.000Z,13268930,Комола (Rooftop hall)
49375731,88403150,Неразобранное,88403158,,2026-09-09T07:19:24.000Z,14213266,Умар (оператор)
49373653,82313754,Неразобранное,143,Закрыто и не реализовано,2026-09-09T07:18:39.000Z,13268930,Комола (Rooftop hall)
49375001,88403150,Неразобранное,143,Закрыто и не реализовано,2026-09-09T07:13:44.000Z,14213266,Умар (оператор)
49369209,88403150,Неразобранное,88403158,,2026-09-09T07:12:27.000Z,14213266,Умар (оператор)
49391209,82313754,Неразобранное,86701234,Переговоры,2026-09-09T07:09:51.000Z,13268930,Комола (Rooftop hall)
49366301,88403150,Неразобранное,88403158,,2026-09-09T07:06:26.000Z,14213266,Умар (оператор)
49351555,82313754,Неразобранное,143,Закрыто и не реализовано,2026-09-09T07:04:36.000Z,13268930,Комола (Rooftop hall)
49347973,82313754,Неразобранное,82601126,КП / презентация,2026-09-09T07:03:52.000Z,13268930,Комола (Rooftop hall)
49389359,82313754,Неразобранное,85355474,Instagram,2026-09-09T06:30:24.000Z,0,
49374115,82313754,Неразобранное,143,Закрыто и не реализовано,2026-09-09T05:46:09.000Z,13268930,Комола (Rooftop hall)
49373675,82313754,Неразобранное,85355474,Instagram,2026-09-08T16:57:07.000Z,0,
49362483,88403150,Неразобранное,143,Закрыто и не реализовано,2026-09-08T12:54:22.000Z,14213266,Умар (оператор)
49361315,88403154,Новые заявки,143,Закрыто и не реализовано,2026-09-08T12:47:27.000Z,14213266,Умар (оператор)
49355507,88403150,Неразобранное,143,Закрыто и не реализовано,2026-09-08T11:42:30.000Z,14213266,Умар (оператор)
49356651,88403154,Новые заявки,143,Закрыто и не реализовано,2026-09-08T11:38:43.000Z,14213266,Умар (оператор)
49356651,88403150,Неразобранное,88403154,Новые заявки,2026-09-08T11:38:36.000Z,14213266,Умар (оператор)
49356205,88403150,Неразобранное,88403158,,2026-09-08T11:38:04.000Z,14213266,Умар (оператор)
49353611,88403150,Неразобранное,143,Закрыто и не реализовано,2026-09-08T11:02:26.000Z,14213266,Умар (оператор)
49350285,88403150,Неразобранное,143,Закрыто и не реализовано,2026-09-08T09:43:42.000Z,14213266,Умар (оператор)
49348961,85378206,Неразобранное,85378210,переговоры,2026-09-08T09:22:21.000Z,14213266,Умар (оператор)
49347731,85378206,Неразобранное,143,Закрыто и не реализовано,2026-09-08T09:08:15.000Z,14213266,Умар (оператор)
49346973,85378206,Неразобранное,143,Закрыто и не реализовано,2026-09-08T09:07:08.000Z,14213266,Умар (оператор)
49342469,82313754,Неразобранное,86701234,Переговоры,2026-09-08T07:52:06.000Z,13268930,Комола (Rooftop hall)
49341751,82313754,Неразобранное,85355474,Instagram,2026-09-08T07:42:35.000Z,0,
49339971,85378206,Неразобранное,143,Закрыто и не реализовано,2026-09-08T07:22:35.000Z,14213266,Умар (оператор)
49301913,82313754,Неразобранное,143,Закрыто и не реализовано,2026-09-08T07:01:12.000Z,13268930,Комола (Rooftop hall)
49338969,85378206,Неразобранное,85378210,переговоры,2026-09-08T07:00:59.000Z,14213266,Умар (оператор)
49263289,82313754,Неразобранное,143,Закрыто и не реализовано,2026-09-08T06:59:36.000Z,13268930,Комола (Rooftop hall)
49331327,85378206,Неразобранное,143,Закрыто и не реализовано,2026-09-08T05:54:15.000Z,14213266,Умар (оператор)
49331053,85378206,Неразобранное,143,Закрыто и не реализовано,2026-09-08T05:53:14.000Z,14213266,Умар (оператор)
49330893,85378206,Неразобранное,85378210,переговоры,2026-09-08T05:51:35.000Z,14213266,Умар (оператор)
49329787,85378206,Неразобранное,143,Закрыто и не реализовано,2026-09-08T05:46:43.000Z,14213266,Умар (оператор)
49328127,85378206,Неразобранное,143,Закрыто и не реализовано,2026-09-08T05:45:42.000Z,14213266,Умар (оператор)
49323655,85378206,Неразобранное,143,Закрыто и не реализовано,2026-09-08T05:44:43.000Z,14213266,Умар (оператор)
49321725,85378206,Неразобранное,143,Закрыто и не реализовано,2026-09-08T05:42:39.000Z,14213266,Умар (оператор)
49319425,85378206,Неразобранное,143,Закрыто и не реализовано,2026-09-08T05:42:28.000Z,14213266,Умар (оператор)
49316513,85378206,Неразобранное,143,Закрыто и не реализовано,2026-09-08T05:42:16.000Z,14213266,Умар (оператор)
49316123,85378206,Неразобранное,143,Закрыто и не реализовано,2026-09-08T05:42:04.000Z,14213266,Умар (оператор)
49315827,85378206,Неразобранное,143,Закрыто и не реализовано,2026-09-08T05:41:51.000Z,14213266,Умар (оператор)
49312227,85378206,Неразобранное,143,Закрыто и не реализовано,2026-09-08T05:40:52.000Z,14213266,Умар (оператор)
49308423,85378206,Неразобранное,143,Закрыто и не реализовано,2026-09-08T05:40:28.000Z,14213266,Умар (оператор)
49306615,85378206,Неразобранное,143,Закрыто и не реализовано,2026-09-08T05:39:54.000Z,14213266,Умар (оператор)
49328221,85378206,Неразобранное,85378210,переговоры,2026-09-08T05:39:26.000Z,14213266,Умар (оператор)
49333143,82313754,Неразобранное,86701234,Переговоры,2026-09-08T05:35:33.000Z,13268930,Комола (Rooftop hall)
49322565,85378206,Неразобранное,143,Закрыто и не реализовано,2026-09-08T05:27:55.000Z,14213266,Умар (оператор)
49324855,82313754,Неразобранное,143,Закрыто и не реализовано,2026-09-08T05:25:45.000Z,13268930,Комола (Rooftop hall)
49320031,85378206,Неразобранное,143,Закрыто и не реализовано,2026-09-08T05:23:48.000Z,14213266,Умар (оператор)
49326879,82313754,Неразобранное,85355474,Instagram,2026-09-07T20:15:06.000Z,0,
49311019,82313754,Неразобранное,86701234,Переговоры,2026-09-07T13:09:39.000Z,13268930,Комола (Rooftop hall)
49298899,82313754,Неразобранное,143,Закрыто и не реализовано,2026-09-07T11:52:18.000Z,13268930,Комола (Rooftop hall)
49302071,82313754,Неразобранное,143,Закрыто и не реализовано,2026-09-07T11:49:16.000Z,13268930,Комола (Rooftop hall)
49306887,86701234,Переговоры,143,Закрыто и не реализовано,2026-09-07T11:20:23.000Z,14213266,Умар (оператор)
49306439,85378206,Неразобранное,143,Закрыто и не реализовано,2026-09-07T11:15:37.000Z,14213266,Умар (оператор)
49306375,86701234,Переговоры,143,Закрыто и не реализовано,2026-09-07T11:11:12.000Z,13216486,Admin (тех. аккаунт)
41926277,143,Закрыто и не реализовано,86701234,Переговоры,2026-09-07T11:09:59.000Z,13216486,Admin (тех. аккаунт)
49301575,88403154,Новые заявки,143,Закрыто и не реализовано,2026-09-07T11:08:06.000Z,14213266,Умар (оператор)
49303489,88403154,Новые заявки,143,Закрыто и не реализовано,2026-09-07T10:53:11.000Z,14213266,Умар (оператор)
49300567,88403154,Новые заявки,143,Закрыто и не реализовано,2026-09-07T10:53:00.000Z,14213266,Умар (оператор)
49296693,88403154,Новые заявки,143,Закрыто и не реализовано,2026-09-07T10:52:47.000Z,14213266,Умар (оператор)
46023463,143,Закрыто и не реализовано,143,Закрыто и не реализовано,2026-09-07T10:19:40.000Z,13216486,Admin (тех. аккаунт)
46023251,143,Закрыто и не реализовано,143,Закрыто и не реализовано,2026-09-07T10:19:39.000Z,13216486,Admin (тех. аккаунт)
46020465,143,Закрыто и не реализовано,143,Закрыто и не реализовано,2026-09-07T10:19:39.000Z,13216486,Admin (тех. аккаунт)
46016641,143,Закрыто и не реализовано,143,Закрыто и не реализовано,2026-09-07T10:19:39.000Z,13216486,Admin (тех. аккаунт)
46004221,143,Закрыто и не реализовано,143,Закрыто и не реализовано,2026-09-07T10:19:39.000Z,13216486,Admin (тех. аккаунт)
46002617,143,Закрыто и не реализовано,143,Закрыто и не реализовано,2026-09-07T10:19:39.000Z,13216486,Admin (тех. аккаунт)
46001749,143,Закрыто и не реализовано,143,Закрыто и не реализовано,2026-09-07T10:19:39.000Z,13216486,Admin (тех. аккаунт)
45998691,143,Закрыто и не реализовано,143,Закрыто и не реализовано,2026-09-07T10:19:39.000Z,13216486,Admin (тех. аккаунт)
45984135,143,Закрыто и не реализовано,143,Закрыто и не реализовано,2026-09-07T10:19:39.000Z,13216486,Admin (тех. аккаунт)
45928787,143,Закрыто и не реализовано,143,Закрыто и не реализовано,2026-09-07T10:19:39.000Z,13216486,Admin (тех. аккаунт)
45928019,143,Закрыто и не реализовано,143,Закрыто и не реализовано,2026-09-07T10:19:39.000Z,13216486,Admin (тех. аккаунт)
45903851,143,Закрыто и не реализовано,143,Закрыто и не реализовано,2026-09-07T10:19:39.000Z,13216486,Admin (тех. аккаунт)
45903011,143,Закрыто и не реализовано,143,Закрыто и не реализовано,2026-09-07T10:19:39.000Z,13216486,Admin (тех. аккаунт)
45900289,143,Закрыто и не реализовано,143,Закрыто и не реализовано,2026-09-07T10:19:39.000Z,13216486,Admin (тех. аккаунт)
45899971,143,Закрыто и не реализовано,143,Закрыто и не реализовано,2026-09-07T10:19:39.000Z,13216486,Admin (тех. аккаунт)
45898693,143,Закрыто и не реализовано,143,Закрыто и не реализовано,2026-09-07T10:19:38.000Z,13216486,Admin (тех. аккаунт)
45897223,143,Закрыто и не реализовано,143,Закрыто и не реализовано,2026-09-07T10:19:38.000Z,13216486,Admin (тех. аккаунт)
45894297,143,Закрыто и не реализовано,143,Закрыто и не реализовано,2026-09-07T10:19:38.000Z,13216486,Admin (тех. аккаунт)
45770069,143,Закрыто и не реализовано,143,Закрыто и не реализовано,2026-09-07T10:19:38.000Z,13216486,Admin (тех. аккаунт)
45887519,143,Закрыто и не реализовано,143,Закрыто и не реализовано,2026-09-07T10:19:38.000Z,13216486,Admin (тех. аккаунт)
45873609,143,Закрыто и не реализовано,143,Закрыто и не реализовано,2026-09-07T10:19:38.000Z,13216486,Admin (тех. аккаунт)
45857179,143,Закрыто и не реализовано,143,Закрыто и не реализовано,2026-09-07T10:19:38.000Z,13216486,Admin (тех. аккаунт)
45853605,143,Закрыто и не реализовано,143,Закрыто и не реализовано,2026-09-07T10:19:38.000Z,13216486,Admin (тех. аккаунт)
45771805,143,Закрыто и не реализовано,143,Закрыто и не реализовано,2026-09-07T10:19:38.000Z,13216486,Admin (тех. аккаунт)
45852159,143,Закрыто и не реализовано,143,Закрыто и не реализовано,2026-09-07T10:19:38.000Z,13216486,Admin (тех. аккаунт)
45850815,143,Закрыто и не реализовано,143,Закрыто и не реализовано,2026-09-07T10:19:38.000Z,13216486,Admin (тех. аккаунт)
45845203,143,Закрыто и не реализовано,143,Закрыто и не реализовано,2026-09-07T10:19:38.000Z,13216486,Admin (тех. аккаунт)
45833679,143,Закрыто и не реализовано,143,Закрыто и не реализовано,2026-09-07T10:19:38.000Z,13216486,Admin (тех. аккаунт)
45814479,143,Закрыто и не реализовано,143,Закрыто и не реализовано,2026-09-07T10:19:38.000Z,13216486,Admin (тех. аккаунт)
45769833,143,Закрыто и не реализовано,143,Закрыто и не реализовано,2026-09-07T10:19:37.000Z,13216486,Admin (тех. аккаунт)
47102931,143,Закрыто и не реализовано,143,Закрыто и не реализовано,2026-09-07T10:19:37.000Z,13216486,Admin (тех. аккаунт)
46845349,143,Закрыто и не реализовано,143,Закрыто и не реализовано,2026-09-07T10:19:37.000Z,13216486,Admin (тех. аккаунт)
46572787,143,Закрыто и не реализовано,143,Закрыто и не реализовано,2026-09-07T10:19:37.000Z,13216486,Admin (тех. аккаунт)
46802289,143,Закрыто и не реализовано,143,Закрыто и не реализовано,2026-09-07T10:19:37.000Z,13216486,Admin (тех. аккаунт)
46802101,143,Закрыто и не реализовано,143,Закрыто и не реализовано,2026-09-07T10:19:37.000Z,13216486,Admin (тех. аккаунт)
46572755,143,Закрыто и не реализовано,143,Закрыто и не реализовано,2026-09-07T10:19:37.000Z,13216486,Admin (тех. аккаунт)
46572939,143,Закрыто и не реализовано,143,Закрыто и не реализовано,2026-09-07T10:19:37.000Z,13216486,Admin (тех. аккаунт)
46572837,143,Закрыто и не реализовано,143,Закрыто и не реализовано,2026-09-07T10:19:37.000Z,13216486,Admin (тех. аккаунт)
46480753,143,Закрыто и не реализовано,143,Закрыто и не реализовано,2026-09-07T10:19:36.000Z,13216486,Admin (тех. аккаунт)
46480289,143,Закрыто и не реализовано,143,Закрыто и не реализовано,2026-09-07T10:19:36.000Z,13216486,Admin (тех. аккаунт)
46474431,143,Закрыто и не реализовано,143,Закрыто и не реализовано,2026-09-07T10:19:36.000Z,13216486,Admin (тех. аккаунт)
46464595,143,Закрыто и не реализовано,143,Закрыто и не реализовано,2026-09-07T10:19:36.000Z,13216486,Admin (тех. аккаунт)
46460097,143,Закрыто и не реализовано,143,Закрыто и не реализовано,2026-09-07T10:19:36.000Z,13216486,Admin (тех. аккаунт)
46451793,143,Закрыто и не реализовано,143,Закрыто и не реализовано,2026-09-07T10:19:36.000Z,13216486,Admin (тех. аккаунт)
46448859,143,Закрыто и не реализовано,143,Закрыто и не реализовано,2026-09-07T10:19:36.000Z,13216486,Admin (тех. аккаунт)
46437359,143,Закрыто и не реализовано,143,Закрыто и не реализовано,2026-09-07T10:19:36.000Z,13216486,Admin (тех. аккаунт)
46430381,143,Закрыто и не реализовано,143,Закрыто и не реализовано,2026-09-07T10:19:36.000Z,13216486,Admin (тех. аккаунт)
46348775,143,Закрыто и не реализовано,143,Закрыто и не реализовано,2026-09-07T10:19:36.000Z,13216486,Admin (тех. аккаунт)
46341047,143,Закрыто и не реализовано,143,Закрыто и не реализовано,2026-09-07T10:19:36.000Z,13216486,Admin (тех. аккаунт)
46414413,143,Закрыто и не реализовано,143,Закрыто и не реализовано,2026-09-07T10:19:36.000Z,13216486,Admin (тех. аккаунт)
46388031,143,Закрыто и не реализовано,143,Закрыто и не реализовано,2026-09-07T10:19:36.000Z,13216486,Admin (тех. аккаунт)
46356493,143,Закрыто и не реализовано,143,Закрыто и не реализовано,2026-09-07T10:19:36.000Z,13216486,Admin (тех. аккаунт)
46349681,143,Закрыто и не реализовано,143,Закрыто и не реализовано,2026-09-07T10:19:36.000Z,13216486,Admin (тех. аккаунт)
46334647,143,Закрыто и не реализовано,143,Закрыто и не реализовано,2026-09-07T10:19:35.000Z,13216486,Admin (тех. аккаунт)
46311219,143,Закрыто и не реализовано,143,Закрыто и не реализовано,2026-09-07T10:19:35.000Z,13216486,Admin (тех. аккаунт)
46297299,143,Закрыто и не реализовано,143,Закрыто и не реализовано,2026-09-07T10:19:35.000Z,13216486,Admin (тех. аккаунт)
46294011,143,Закрыто и не реализовано,143,Закрыто и не реализовано,2026-09-07T10:19:35.000Z,13216486,Admin (тех. аккаунт)
46123643,143,Закрыто и не реализовано,143,Закрыто и не реализовано,2026-09-07T10:19:35.000Z,13216486,Admin (тех. аккаунт)
46285131,143,Закрыто и не реализовано,143,Закрыто и не реализовано,2026-09-07T10:19:35.000Z,13216486,Admin (тех. аккаунт)
46268495,143,Закрыто и не реализовано,143,Закрыто и не реализовано,2026-09-07T10:19:35.000Z,13216486,Admin (тех. аккаунт)
46257195,143,Закрыто и не реализовано,143,Закрыто и не реализовано,2026-09-07T10:19:35.000Z,13216486,Admin (тех. аккаунт)
46219381,143,Закрыто и не реализовано,143,Закрыто и не реализовано,2026-09-07T10:19:35.000Z,13216486,Admin (тех. аккаунт)
46213239,143,Закрыто и не реализовано,143,Закрыто и не реализовано,2026-09-07T10:19:35.000Z,13216486,Admin (тех. аккаунт)
46209915,143,Закрыто и не реализовано,143,Закрыто и не реализовано,2026-09-07T10:19:35.000Z,13216486,Admin (тех. аккаунт)
46209173,143,Закрыто и не реализовано,143,Закрыто и не реализовано,2026-09-07T10:19:35.000Z,13216486,Admin (тех. аккаунт)
46170387,143,Закрыто и не реализовано,143,Закрыто и не реализовано,2026-09-07T10:19:35.000Z,13216486,Admin (тех. аккаунт)
46169697,143,Закрыто и не реализовано,143,Закрыто и не реализовано,2026-09-07T10:19:35.000Z,13216486,Admin (тех. аккаунт)
46135897,143,Закрыто и не реализовано,143,Закрыто и не реализовано,2026-09-07T10:19:35.000Z,13216486,Admin (тех. аккаунт)
46119467,143,Закрыто и не реализовано,143,Закрыто и не реализовано,2026-09-07T10:19:34.000Z,13216486,Admin (тех. аккаунт)
46109915,143,Закрыто и не реализовано,143,Закрыто и не реализовано,2026-09-07T10:19:34.000Z,13216486,Admin (тех. аккаунт)
46040461,143,Закрыто и не реализовано,143,Закрыто и не реализовано,2026-09-07T10:19:34.000Z,13216486,Admin (тех. аккаунт)
46108761,143,Закрыто и не реализовано,143,Закрыто и не реализовано,2026-09-07T10:19:34.000Z,13216486,Admin (тех. аккаунт)
46099181,143,Закрыто и не реализовано,143,Закрыто и не реализовано,2026-09-07T10:19:34.000Z,13216486,Admin (тех. аккаунт)
46082939,143,Закрыто и не реализовано,143,Закрыто и не реализовано,2026-09-07T10:19:34.000Z,13216486,Admin (тех. аккаунт)
46082363,143,Закрыто и не реализовано,143,Закрыто и не реализовано,2026-09-07T10:19:34.000Z,13216486,Admin (тех. аккаунт)
46082205,143,Закрыто и не реализовано,143,Закрыто и не реализовано,2026-09-07T10:19:34.000Z,13216486,Admin (тех. аккаунт)
46059909,143,Закрыто и не реализовано,143,Закрыто и не реализовано,2026-09-07T10:19:34.000Z,13216486,Admin (тех. аккаунт)
46044719,143,Закрыто и не реализовано,143,Закрыто и не реализовано,2026-09-07T10:19:34.000Z,13216486,Admin (тех. аккаунт)
46041207,143,Закрыто и не реализовано,143,Закрыто и не реализовано,2026-09-07T10:19:34.000Z,13216486,Admin (тех. аккаунт)
46029187,143,Закрыто и не реализовано,143,Закрыто и не реализовано,2026-09-07T10:19:34.000Z,13216486,Admin (тех. аккаунт)
47360141,143,Закрыто и не реализовано,143,Закрыто и не реализовано,2026-09-07T10:19:33.000Z,13216486,Admin (тех. аккаунт)
47406933,143,Закрыто и не реализовано,143,Закрыто и не реализовано,2026-09-07T10:19:33.000Z,13216486,Admin (тех. аккаунт)
47404605,143,Закрыто и не реализовано,143,Закрыто и не реализовано,2026-09-07T10:19:33.000Z,13216486,Admin (тех. аккаунт)
47403149,143,Закрыто и не реализовано,143,Закрыто и не реализовано,2026-09-07T10:19:33.000Z,13216486,Admin (тех. аккаунт)
47395499,143,Закрыто и не реализовано,143,Закрыто и не реализовано,2026-09-07T10:19:33.000Z,13216486,Admin (тех. аккаунт)
47395147,143,Закрыто и не реализовано,143,Закрыто и не реализовано,2026-09-07T10:19:33.000Z,13216486,Admin (тех. аккаунт)
47392699,143,Закрыто и не реализовано,143,Закрыто и не реализовано,2026-09-07T10:19:33.000Z,13216486,Admin (тех. аккаунт)
47390907,143,Закрыто и не реализовано,143,Закрыто и не реализовано,2026-09-07T10:19:33.000Z,13216486,Admin (тех. аккаунт)
47384609,143,Закрыто и не реализовано,143,Закрыто и не реализовано,2026-09-07T10:19:33.000Z,13216486,Admin (тех. аккаунт)
47354511,143,Закрыто и не реализовано,143,Закрыто и не реализовано,2026-09-07T10:19:33.000Z,13216486,Admin (тех. аккаунт)
47383137,143,Закрыто и не реализовано,143,Закрыто и не реализовано,2026-09-07T10:19:33.000Z,13216486,Admin (тех. аккаунт)
47373975,143,Закрыто и не реализовано,143,Закрыто и не реализовано,2026-09-07T10:19:33.000Z,13216486,Admin (тех. аккаунт)
47366699,143,Закрыто и не реализовано,143,Закрыто и не реализовано,2026-09-07T10:19:33.000Z,13216486,Admin (тех. аккаунт)
47348603,143,Закрыто и не реализовано,143,Закрыто и не реализовано,2026-09-07T10:19:32.000Z,13216486,Admin (тех. аккаунт)
47347339,143,Закрыто и не реализовано,143,Закрыто и не реализовано,2026-09-07T10:19:32.000Z,13216486,Admin (тех. аккаунт)
47344409,143,Закрыто и не реализовано,143,Закрыто и не реализовано,2026-09-07T10:19:32.000Z,13216486,Admin (тех. аккаунт)
47339335,143,Закрыто и не реализовано,143,Закрыто и не реализовано,2026-09-07T10:19:32.000Z,13216486,Admin (тех. аккаунт)
47332769,143,Закрыто и не реализовано,143,Закрыто и не реализовано,2026-09-07T10:19:32.000Z,13216486,Admin (тех. аккаунт)
47330571,143,Закрыто и не реализовано,143,Закрыто и не реализовано,2026-09-07T10:19:32.000Z,13216486,Admin (тех. аккаунт)
47324651,143,Закрыто и не реализовано,143,Закрыто и не реализовано,2026-09-07T10:19:32.000Z,13216486,Admin (тех. аккаунт)
47312929,143,Закрыто и не реализовано,143,Закрыто и не реализовано,2026-09-07T10:19:32.000Z,13216486,Admin (тех. аккаунт)
47312745,143,Закрыто и не реализовано,143,Закрыто и не реализовано,2026-09-07T10:19:32.000Z,13216486,Admin (тех. аккаунт)
47305279,143,Закрыто и не реализовано,143,Закрыто и не реализовано,2026-09-07T10:19:32.000Z,13216486,Admin (тех. аккаунт)
47303989,143,Закрыто и не реализовано,143,Закрыто и не реализовано,2026-09-07T10:19:32.000Z,13216486,Admin (тех. аккаунт)
47303599,143,Закрыто и не реализовано,143,Закрыто и не реализовано,2026-09-07T10:19:32.000Z,13216486,Admin (тех. аккаунт)
47301563,143,Закрыто и не реализовано,143,Закрыто и не реализовано,2026-09-07T10:19:32.000Z,13216486,Admin (тех. аккаунт)
47300101,143,Закрыто и не реализовано,143,Закрыто и не реализовано,2026-09-07T10:19:32.000Z,13216486,Admin (тех. аккаунт)
47298865,143,Закрыто и не реализовано,143,Закрыто и не реализовано,2026-09-07T10:19:32.000Z,13216486,Admin (тех. аккаунт)
47298089,143,Закрыто и не реализовано,143,Закрыто и не реализовано,2026-09-07T10:19:32.000Z,13216486,Admin (тех. аккаунт)
47296551,143,Закрыто и не реализовано,143,Закрыто и не реализовано,2026-09-07T10:19:32.000Z,13216486,Admin (тех. аккаунт)
47295359,143,Закрыто и не реализовано,143,Закрыто и не реализовано,2026-09-07T10:19:31.000Z,13216486,Admin (тех. аккаунт)
47292553,143,Закрыто и не реализовано,143,Закрыто и не реализовано,2026-09-07T10:19:31.000Z,13216486,Admin (тех. аккаунт)
47290677,143,Закрыто и не реализовано,143,Закрыто и не реализовано,2026-09-07T10:19:31.000Z,13216486,Admin (тех. аккаунт)
47287105,143,Закрыто и не реализовано,143,Закрыто и не реализовано,2026-09-07T10:19:31.000Z,13216486,Admin (тех. аккаунт)
47286765,143,Закрыто и не реализовано,143,Закрыто и не реализовано,2026-09-07T10:19:31.000Z,13216486,Admin (тех. аккаунт)
47282573,143,Закрыто и не реализовано,143,Закрыто и не реализовано,2026-09-07T10:19:31.000Z,13216486,Admin (тех. аккаунт)
47246985,143,Закрыто и не реализовано,143,Закрыто и не реализовано,2026-09-07T10:19:31.000Z,13216486,Admin (тех. аккаунт)
47242239,143,Закрыто и не реализовано,143,Закрыто и не реализовано,2026-09-07T10:19:31.000Z,13216486,Admin (тех. аккаунт)
47200052,143,Закрыто и не реализовано,143,Закрыто и не реализовано,2026-09-07T10:19:31.000Z,13216486,Admin (тех. аккаунт)
47198200,143,Закрыто и не реализовано,143,Закрыто и не реализовано,2026-09-07T10:19:31.000Z,13216486,Admin (тех. аккаунт)
47184775,143,Закрыто и не реализовано,143,Закрыто и не реализовано,2026-09-07T10:19:31.000Z,13216486,Admin (тех. аккаунт)
47190461,143,Закрыто и не реализовано,143,Закрыто и не реализовано,2026-09-07T10:19:31.000Z,13216486,Admin (тех. аккаунт)
47176675,143,Закрыто и не реализовано,143,Закрыто и не реализовано,2026-09-07T10:19:30.000Z,13216486,Admin (тех. аккаунт)
47162657,143,Закрыто и не реализовано,143,Закрыто и не реализовано,2026-09-07T10:19:30.000Z,13216486,Admin (тех. аккаунт)
47146537,143,Закрыто и не реализовано,143,Закрыто и не реализовано,2026-09-07T10:19:30.000Z,13216486,Admin (тех. аккаунт)
47126113,143,Закрыто и не реализовано,143,Закрыто и не реализовано,2026-09-07T10:19:30.000Z,13216486,Admin (тех. аккаунт)
47115795,143,Закрыто и не реализовано,143,Закрыто и не реализовано,2026-09-07T10:19:30.000Z,13216486,Admin (тех. аккаунт)
47109501,143,Закрыто и не реализовано,143,Закрыто и не реализовано,2026-09-07T10:19:30.000Z,13216486,Admin (тех. аккаунт)
47103813,143,Закрыто и не реализовано,143,Закрыто и не реализовано,2026-09-07T10:19:30.000Z,13216486,Admin (тех. аккаунт)
47103085,143,Закрыто и не реализовано,143,Закрыто и не реализовано,2026-09-07T10:19:30.000Z,13216486,Admin (тех. аккаунт)
47732677,143,Закрыто и не реализовано,143,Закрыто и не реализовано,2026-09-07T10:19:30.000Z,13216486,Admin (тех. аккаунт)
47730539,143,Закрыто и не реализовано,143,Закрыто и не реализовано,2026-09-07T10:19:29.000Z,13216486,Admin (тех. аккаунт)
47727755,143,Закрыто и не реализовано,143,Закрыто и не реализовано,2026-09-07T10:19:29.000Z,13216486,Admin (тех. аккаунт)
47727485,143,Закрыто и не реализовано,143,Закрыто и не реализовано,2026-09-07T10:19:29.000Z,13216486,Admin (тех. аккаунт)
47726575,143,Закрыто и не реализовано,143,Закрыто и не реализовано,2026-09-07T10:19:29.000Z,13216486,Admin (тех. аккаунт)
47724149,143,Закрыто и не реализовано,143,Закрыто и не реализовано,2026-09-07T10:19:29.000Z,13216486,Admin (тех. аккаунт)
47723235,143,Закрыто и не реализовано,143,Закрыто и не реализовано,2026-09-07T10:19:29.000Z,13216486,Admin (тех. аккаунт)
47714969,143,Закрыто и не реализовано,143,Закрыто и не реализовано,2026-09-07T10:19:29.000Z,13216486,Admin (тех. аккаунт)
47711619,143,Закрыто и не реализовано,143,Закрыто и не реализовано,2026-09-07T10:19:29.000Z,13216486,Admin (тех. аккаунт)
47706509,143,Закрыто и не реализовано,143,Закрыто и не реализовано,2026-09-07T10:19:29.000Z,13216486,Admin (тех. аккаунт)
47690303,143,Закрыто и не реализовано,143,Закрыто и не реализовано,2026-09-07T10:19:29.000Z,13216486,Admin (тех. аккаунт)
47685011,143,Закрыто и не реализовано,143,Закрыто и не реализовано,2026-09-07T10:19:28.000Z,13216486,Admin (тех. аккаунт)
47683467,143,Закрыто и не реализовано,143,Закрыто и не реализовано,2026-09-07T10:19:28.000Z,13216486,Admin (тех. аккаунт)
47677077,143,Закрыто и не реализовано,143,Закрыто и не реализовано,2026-09-07T10:19:28.000Z,13216486,Admin (тех. аккаунт)
47629787,143,Закрыто и не реализовано,143,Закрыто и не реализовано,2026-09-07T10:19:28.000Z,13216486,Admin (тех. аккаунт)
47676327,143,Закрыто и не реализовано,143,Закрыто и не реализовано,2026-09-07T10:19:28.000Z,13216486,Admin (тех. аккаунт)
47673801,143,Закрыто и не реализовано,143,Закрыто и не реализовано,2026-09-07T10:19:28.000Z,13216486,Admin (тех. аккаунт)
47672947,143,Закрыто и не реализовано,143,Закрыто и не реализовано,2026-09-07T10:19:28.000Z,13216486,Admin (тех. аккаунт)
47670311,143,Закрыто и не реализовано,143,Закрыто и не реализовано,2026-09-07T10:19:28.000Z,13216486,Admin (тех. аккаунт)
47670307,143,Закрыто и не реализовано,143,Закрыто и не реализовано,2026-09-07T10:19:28.000Z,13216486,Admin (тех. аккаунт)
47665405,143,Закрыто и не реализовано,143,Закрыто и не реализовано,2026-09-07T10:19:28.000Z,13216486,Admin (тех. аккаунт)
47648613,143,Закрыто и не реализовано,143,Закрыто и не реализовано,2026-09-07T10:19:28.000Z,13216486,Admin (тех. аккаунт)
47641809,143,Закрыто и не реализовано,143,Закрыто и не реализовано,2026-09-07T10:19:28.000Z,13216486,Admin (тех. аккаунт)
47621911,143,Закрыто и не реализовано,143,Закрыто и не реализовано,2026-09-07T10:19:28.000Z,13216486,Admin (тех. аккаунт)
47632891,143,Закрыто и не реализовано,143,Закрыто и не реализовано,2026-09-07T10:19:28.000Z,13216486,Admin (тех. аккаунт)
47631099,143,Закрыто и не реализовано,143,Закрыто и не реализовано,2026-09-07T10:19:28.000Z,13216486,Admin (тех. аккаунт)
47621857,143,Закрыто и не реализовано,143,Закрыто и не реализовано,2026-09-07T10:19:27.000Z,13216486,Admin (тех. аккаунт)
47605821,143,Закрыто и не реализовано,143,Закрыто и не реализовано,2026-09-07T10:19:27.000Z,13216486,Admin (тех. аккаунт)
47590921,143,Закрыто и не реализовано,143,Закрыто и не реализовано,2026-09-07T10:19:27.000Z,13216486,Admin (тех. аккаунт)
47590067,143,Закрыто и не реализовано,143,Закрыто и не реализовано,2026-09-07T10:19:27.000Z,13216486,Admin (тех. аккаунт)
47464705,143,Закрыто и не реализовано,143,Закрыто и не реализовано,2026-09-07T10:19:27.000Z,13216486,Admin (тех. аккаунт)
47584529,143,Закрыто и не реализовано,143,Закрыто и не реализовано,2026-09-07T10:19:27.000Z,13216486,Admin (тех. аккаунт)
47582193,143,Закрыто и не реализовано,143,Закрыто и не реализовано,2026-09-07T10:19:27.000Z,13216486,Admin (тех. аккаунт)
47576471,143,Закрыто и не реализовано,143,Закрыто и не реализовано,2026-09-07T10:19:27.000Z,13216486,Admin (тех. аккаунт)
47457285,143,Закрыто и не реализовано,143,Закрыто и не реализовано,2026-09-07T10:19:27.000Z,13216486,Admin (тех. аккаунт)
47574025,143,Закрыто и не реализовано,143,Закрыто и не реализовано,2026-09-07T10:19:27.000Z,13216486,Admin (тех. аккаунт)
47565303,143,Закрыто и не реализовано,143,Закрыто и не реализовано,2026-09-07T10:19:27.000Z,13216486,Admin (тех. аккаунт)
47487767,143,Закрыто и не реализовано,143,Закрыто и не реализовано,2026-09-07T10:19:27.000Z,13216486,Admin (тех. аккаунт)
47470465,143,Закрыто и не реализовано,143,Закрыто и не реализовано,2026-09-07T10:19:27.000Z,13216486,Admin (тех. аккаунт)
47469441,143,Закрыто и не реализовано,143,Закрыто и не реализовано,2026-09-07T10:19:27.000Z,13216486,Admin (тех. аккаунт)
47456375,143,Закрыто и не реализовано,143,Закрыто и не реализовано,2026-09-07T10:19:26.000Z,13216486,Admin (тех. аккаунт)
47407063,143,Закрыто и не реализовано,143,Закрыто и не реализовано,2026-09-07T10:19:26.000Z,13216486,Admin (тех. аккаунт)
47449515,143,Закрыто и не реализовано,143,Закрыто и не реализовано,2026-09-07T10:19:26.000Z,13216486,Admin (тех. аккаунт)
47429617,143,Закрыто и не реализовано,143,Закрыто и не реализовано,2026-09-07T10:19:26.000Z,13216486,Admin (тех. аккаунт)
47428437,143,Закрыто и не реализовано,143,Закрыто и не реализовано,2026-09-07T10:19:26.000Z,13216486,Admin (тех. аккаунт)
47422511,143,Закрыто и не реализовано,143,Закрыто и не реализовано,2026-09-07T10:19:26.000Z,13216486,Admin (тех. аккаунт)
47422355,143,Закрыто и не реализовано,143,Закрыто и не реализовано,2026-09-07T10:19:26.000Z,13216486,Admin (тех. аккаунт)
47421337,143,Закрыто и не реализовано,143,Закрыто и не реализовано,2026-09-07T10:19:26.000Z,13216486,Admin (тех. аккаунт)
47419445,143,Закрыто и не реализовано,143,Закрыто и не реализовано,2026-09-07T10:19:26.000Z,13216486,Admin (тех. аккаунт)
47419411,143,Закрыто и не реализовано,143,Закрыто и не реализовано,2026-09-07T10:19:26.000Z,13216486,Admin (тех. аккаунт)
48054985,143,Закрыто и не реализовано,143,Закрыто и не реализовано,2026-09-07T10:19:25.000Z,13216486,Admin (тех. аккаунт)
48194137,143,Закрыто и не реализовано,143,Закрыто и не реализовано,2026-09-07T10:19:25.000Z,13216486,Admin (тех. аккаунт)
48162079,143,Закрыто и не реализовано,143,Закрыто и не реализовано,2026-09-07T10:19:25.000Z,13216486,Admin (тех. аккаунт)
48154617,143,Закрыто и не реализовано,143,Закрыто и не реализовано,2026-09-07T10:19:25.000Z,13216486,Admin (тех. аккаунт)
48122211,143,Закрыто и не реализовано,143,Закрыто и не реализовано,2026-09-07T10:19:25.000Z,13216486,Admin (тех. аккаунт)
48122113,143,Закрыто и не реализовано,143,Закрыто и не реализовано,2026-09-07T10:19:25.000Z,13216486,Admin (тех. аккаунт)
48117109,143,Закрыто и не реализовано,143,Закрыто и не реализовано,2026-09-07T10:19:25.000Z,13216486,Admin (тех. аккаунт)
48032987,143,Закрыто и не реализовано,143,Закрыто и не реализовано,2026-09-07T10:19:25.000Z,13216486,Admin (тех. аккаунт)
48107221,143,Закрыто и не реализовано,143,Закрыто и не реализовано,2026-09-07T10:19:25.000Z,13216486,Admin (тех. аккаунт)
48099109,143,Закрыто и не реализовано,143,Закрыто и не реализовано,2026-09-07T10:19:25.000Z,13216486,Admin (тех. аккаунт)
48093475,143,Закрыто и не реализовано,143,Закрыто и не реализовано,2026-09-07T10:19:25.000Z,13216486,Admin (тех. аккаунт)
48072831,143,Закрыто и не реализовано,143,Закрыто и не реализовано,2026-09-07T10:19:25.000Z,13216486,Admin (тех. аккаунт)
48071541,143,Закрыто и не реализовано,143,Закрыто и не реализовано,2026-09-07T10:19:25.000Z,13216486,Admin (тех. аккаунт)
47996137,143,Закрыто и не реализовано,143,Закрыто и не реализовано,2026-09-07T10:19:24.000Z,13216486,Admin (тех. аккаунт)
47984261,143,Закрыто и не реализовано,143,Закрыто и не реализовано,2026-09-07T10:19:24.000Z,13216486,Admin (тех. аккаунт)
47982721,143,Закрыто и не реализовано,143,Закрыто и не реализовано,2026-09-07T10:19:24.000Z,13216486,Admin (тех. аккаунт)
47981565,143,Закрыто и не реализовано,143,Закрыто и не реализовано,2026-09-07T10:19:24.000Z,13216486,Admin (тех. аккаунт)
47940447,143,Закрыто и не реализовано,143,Закрыто и не реализовано,2026-09-07T10:19:24.000Z,13216486,Admin (тех. аккаунт)
47911039,143,Закрыто и не реализовано,143,Закрыто и не реализовано,2026-09-07T10:19:24.000Z,13216486,Admin (тех. аккаунт)
47899901,143,Закрыто и не реализовано,143,Закрыто и не реализовано,2026-09-07T10:19:24.000Z,13216486,Admin (тех. аккаунт)
47854043,143,Закрыто и не реализовано,143,Закрыто и не реализовано,2026-09-07T10:19:24.000Z,13216486,Admin (тех. аккаунт)
47850213,143,Закрыто и не реализовано,143,Закрыто и не реализовано,2026-09-07T10:19:24.000Z,13216486,Admin (тех. аккаунт)
47839729,143,Закрыто и не реализовано,143,Закрыто и не реализовано,2026-09-07T10:19:24.000Z,13216486,Admin (тех. аккаунт)
47843439,143,Закрыто и не реализовано,143,Закрыто и не реализовано,2026-09-07T10:19:24.000Z,13216486,Admin (тех. аккаунт)
47840255,143,Закрыто и не реализовано,143,Закрыто и не реализовано,2026-09-07T10:19:24.000Z,13216486,Admin (тех. аккаунт)
47765953,143,Закрыто и не реализовано,143,Закрыто и не реализовано,2026-09-07T10:19:23.000Z,13216486,Admin (тех. аккаунт)
47836791,143,Закрыто и не реализовано,143,Закрыто и не реализовано,2026-09-07T10:19:23.000Z,13216486,Admin (тех. аккаунт)
47835839,143,Закрыто и не реализовано,143,Закрыто и не реализовано,2026-09-07T10:19:23.000Z,13216486,Admin (тех. аккаунт)
47808617,143,Закрыто и не реализовано,143,Закрыто и не реализовано,2026-09-07T10:19:23.000Z,13216486,Admin (тех. аккаунт)
47782329,143,Закрыто и не реализовано,143,Закрыто и не реализовано,2026-09-07T10:19:23.000Z,13216486,Admin (тех. аккаунт)
47780685,143,Закрыто и не реализовано,143,Закрыто и не реализовано,2026-09-07T10:19:23.000Z,13216486,Admin (тех. аккаунт)
47780165,143,Закрыто и не реализовано,143,Закрыто и не реализовано,2026-09-07T10:19:23.000Z,13216486,Admin (тех. аккаунт)
47779763,143,Закрыто и не реализовано,143,Закрыто и не реализовано,2026-09-07T10:19:23.000Z,13216486,Admin (тех. аккаунт)
47779419,143,Закрыто и не реализовано,143,Закрыто и не реализовано,2026-09-07T10:19:23.000Z,13216486,Admin (тех. аккаунт)
47765399,143,Закрыто и не реализовано,143,Закрыто и не реализовано,2026-09-07T10:19:23.000Z,13216486,Admin (тех. аккаунт)
47779351,143,Закрыто и не реализовано,143,Закрыто и не реализовано,2026-09-07T10:19:23.000Z,13216486,Admin (тех. аккаунт)
47768147,143,Закрыто и не реализовано,143,Закрыто и не реализовано,2026-09-07T10:19:23.000Z,13216486,Admin (тех. аккаунт)
47766699,143,Закрыто и не реализовано,143,Закрыто и не реализовано,2026-09-07T10:19:23.000Z,13216486,Admin (тех. аккаунт)
47764765,143,Закрыто и не реализовано,143,Закрыто и не реализовано,2026-09-07T10:19:22.000Z,13216486,Admin (тех. аккаунт)
47764715,143,Закрыто и не реализовано,143,Закрыто и не реализовано,2026-09-07T10:19:22.000Z,13216486,Admin (тех. аккаунт)
47764489,143,Закрыто и не реализовано,143,Закрыто и не реализовано,2026-09-07T10:19:22.000Z,13216486,Admin (тех. аккаунт)
47763461,143,Закрыто и не реализовано,143,Закрыто и не реализовано,2026-09-07T10:19:22.000Z,13216486,Admin (тех. аккаунт)
47756689,143,Закрыто и не реализовано,143,Закрыто и не реализовано,2026-09-07T10:19:22.000Z,13216486,Admin (тех. аккаунт)
47735511,143,Закрыто и не реализовано,143,Закрыто и не реализовано,2026-09-07T10:19:22.000Z,13216486,Admin (тех. аккаунт)
47750055,143,Закрыто и не реализовано,143,Закрыто и не реализовано,2026-09-07T10:19:22.000Z,13216486,Admin (тех. аккаунт)
47746921,143,Закрыто и не реализовано,143,Закрыто и не реализовано,2026-09-07T10:19:22.000Z,13216486,Admin (тех. аккаунт)
47739797,143,Закрыто и не реализовано,143,Закрыто и не реализовано,2026-09-07T10:19:22.000Z,13216486,Admin (тех. аккаунт)
47738789,143,Закрыто и не реализовано,143,Закрыто и не реализовано,2026-09-07T10:19:22.000Z,13216486,Admin (тех. аккаунт)
47737619,143,Закрыто и не реализовано,143,Закрыто и не реализовано,2026-09-07T10:19:22.000Z,13216486,Admin (тех. аккаунт)
47735633,143,Закрыто и не реализовано,143,Закрыто и не реализовано,2026-09-07T10:19:22.000Z,13216486,Admin (тех. аккаунт)
48766937,143,Закрыто и не реализовано,143,Закрыто и не реализовано,2026-09-07T10:19:21.000Z,13216486,Admin (тех. аккаунт)
48754147,143,Закрыто и не реализовано,143,Закрыто и не реализовано,2026-09-07T10:19:21.000Z,13216486,Admin (тех. аккаунт)
48753699,143,Закрыто и не реализовано,143,Закрыто и не реализовано,2026-09-07T10:19:21.000Z,13216486,Admin (тех. аккаунт)
48746161,143,Закрыто и не реализовано,143,Закрыто и не реализовано,2026-09-07T10:19:21.000Z,13216486,Admin (тех. аккаунт)
48743727,143,Закрыто и не реализовано,143,Закрыто и не реализовано,2026-09-07T10:19:21.000Z,13216486,Admin (тех. аккаунт)
48743371,143,Закрыто и не реализовано,143,Закрыто и не реализовано,2026-09-07T10:19:21.000Z,13216486,Admin (тех. аккаунт)
48742875,143,Закрыто и не реализовано,143,Закрыто и не реализовано,2026-09-07T10:19:20.000Z,13216486,Admin (тех. аккаунт)
48737669,143,Закрыто и не реализовано,143,Закрыто и не реализовано,2026-09-07T10:19:20.000Z,13216486,Admin (тех. аккаунт)
48737579,143,Закрыто и не реализовано,143,Закрыто и не реализовано,2026-09-07T10:19:20.000Z,13216486,Admin (тех. аккаунт)
48734979,143,Закрыто и не реализовано,143,Закрыто и не реализовано,2026-09-07T10:19:20.000Z,13216486,Admin (тех. аккаунт)
48650889,143,Закрыто и не реализовано,143,Закрыто и не реализовано,2026-09-07T10:19:20.000Z,13216486,Admin (тех. аккаунт)
48734037,143,Закрыто и не реализовано,143,Закрыто и не реализовано,2026-09-07T10:19:20.000Z,13216486,Admin (тех. аккаунт)
48724771,143,Закрыто и не реализовано,143,Закрыто и не реализовано,2026-09-07T10:19:20.000Z,13216486,Admin (тех. аккаунт)
48716739,143,Закрыто и не реализовано,143,Закрыто и не реализовано,2026-09-07T10:19:20.000Z,13216486,Admin (тех. аккаунт)
48711127,143,Закрыто и не реализовано,143,Закрыто и не реализовано,2026-09-07T10:19:20.000Z,13216486,Admin (тех. аккаунт)
48699439,143,Закрыто и не реализовано,143,Закрыто и не реализовано,2026-09-07T10:19:20.000Z,13216486,Admin (тех. аккаунт)
48697061,143,Закрыто и не реализовано,143,Закрыто и не реализовано,2026-09-07T10:19:20.000Z,13216486,Admin (тех. аккаунт)
48641063,143,Закрыто и не реализовано,143,Закрыто и не реализовано,2026-09-07T10:19:20.000Z,13216486,Admin (тех. аккаунт)
48692581,143,Закрыто и не реализовано,143,Закрыто и не реализовано,2026-09-07T10:19:20.000Z,13216486,Admin (тех. аккаунт)
48689789,143,Закрыто и не реализовано,143,Закрыто и не реализовано,2026-09-07T10:19:20.000Z,13216486,Admin (тех. аккаунт)
48677821,143,Закрыто и не реализовано,143,Закрыто и не реализовано,2026-09-07T10:19:20.000Z,13216486,Admin (тех. аккаунт)
48615519,143,Закрыто и не реализовано,143,Закрыто и не реализовано,2026-09-07T10:19:19.000Z,13216486,Admin (тех. аккаунт)
48566705,143,Закрыто и не реализовано,143,Закрыто и не реализовано,2026-09-07T10:19:19.000Z,13216486,Admin (тех. аккаунт)
48494841,143,Закрыто и не реализовано,143,Закрыто и не реализовано,2026-09-07T10:19:19.000Z,13216486,Admin (тех. аккаунт)
48557433,143,Закрыто и не реализовано,143,Закрыто и не реализовано,2026-09-07T10:19:19.000Z,13216486,Admin (тех. аккаунт)
48552979,143,Закрыто и не реализовано,143,Закрыто и не реализовано,2026-09-07T10:19:19.000Z,13216486,Admin (тех. аккаунт)
48549947,143,Закрыто и не реализовано,143,Закрыто и не реализовано,2026-09-07T10:19:19.000Z,13216486,Admin (тех. аккаунт)
48546111,143,Закрыто и не реализовано,143,Закрыто и не реализовано,2026-09-07T10:19:19.000Z,13216486,Admin (тех. аккаунт)
48528535,143,Закрыто и не реализовано,143,Закрыто и не реализовано,2026-09-07T10:19:19.000Z,13216486,Admin (тех. аккаунт)
48494139,143,Закрыто и не реализовано,143,Закрыто и не реализовано,2026-09-07T10:19:19.000Z,13216486,Admin (тех. аккаунт)
48516455,143,Закрыто и не реализовано,143,Закрыто и не реализовано,2026-09-07T10:19:19.000Z,13216486,Admin (тех. аккаунт)
48515373,143,Закрыто и не реализовано,143,Закрыто и не реализовано,2026-09-07T10:19:19.000Z,13216486,Admin (тех. аккаунт)
48501445,143,Закрыто и не реализовано,143,Закрыто и не реализовано,2026-09-07T10:19:19.000Z,13216486,Admin (тех. аккаунт)
48496955,143,Закрыто и не реализовано,143,Закрыто и не реализовано,2026-09-07T10:19:19.000Z,13216486,Admin (тех. аккаунт)
48492219,143,Закрыто и не реализовано,143,Закрыто и не реализовано,2026-09-07T10:19:18.000Z,13216486,Admin (тех. аккаунт)
48491763,143,Закрыто и не реализовано,143,Закрыто и не реализовано,2026-09-07T10:19:18.000Z,13216486,Admin (тех. аккаунт)
48338175,143,Закрыто и не реализовано,143,Закрыто и не реализовано,2026-09-07T10:19:18.000Z,13216486,Admin (тех. аккаунт)
48490143,143,Закрыто и не реализовано,143,Закрыто и не реализовано,2026-09-07T10:19:18.000Z,13216486,Admin (тех. аккаунт)
48344641,143,Закрыто и не реализовано,143,Закрыто и не реализовано,2026-09-07T10:19:18.000Z,13216486,Admin (тех. аккаунт)
48451175,143,Закрыто и не реализовано,143,Закрыто и не реализовано,2026-09-07T10:19:18.000Z,13216486,Admin (тех. аккаунт)
48427073,143,Закрыто и не реализовано,143,Закрыто и не реализовано,2026-09-07T10:19:18.000Z,13216486,Admin (тех. аккаунт)
48423591,143,Закрыто и не реализовано,143,Закрыто и не реализовано,2026-09-07T10:19:18.000Z,13216486,Admin (тех. аккаунт)
48422059,143,Закрыто и не реализовано,143,Закрыто и не реализовано,2026-09-07T10:19:18.000Z,13216486,Admin (тех. аккаунт)
48421549,143,Закрыто и не реализовано,143,Закрыто и не реализовано,2026-09-07T10:19:18.000Z,13216486,Admin (тех. аккаунт)
48415229,143,Закрыто и не реализовано,143,Закрыто и не реализовано,2026-09-07T10:19:18.000Z,13216486,Admin (тех. аккаунт)
48394931,143,Закрыто и не реализовано,143,Закрыто и не реализовано,2026-09-07T10:19:18.000Z,13216486,Admin (тех. аккаунт)
48392779,143,Закрыто и не реализовано,143,Закрыто и не реализовано,2026-09-07T10:19:18.000Z,13216486,Admin (тех. аккаунт)
48363575,143,Закрыто и не реализовано,143,Закрыто и не реализовано,2026-09-07T10:19:18.000Z,13216486,Admin (тех. аккаунт)
48328561,143,Закрыто и не реализовано,143,Закрыто и не реализовано,2026-09-07T10:19:17.000Z,13216486,Admin (тех. аккаунт)
49028025,143,Закрыто и не реализовано,143,Закрыто и не реализовано,2026-09-07T10:19:17.000Z,13216486,Admin (тех. аккаунт)
48202849,143,Закрыто и не реализовано,143,Закрыто и не реализовано,2026-09-07T10:19:17.000Z,13216486,Admin (тех. аккаунт)
49042529,143,Закрыто и не реализовано,143,Закрыто и не реализовано,2026-09-07T10:19:17.000Z,13216486,Admin (тех. аккаунт)
49034229,143,Закрыто и не реализовано,143,Закрыто и не реализовано,2026-09-07T10:19:17.000Z,13216486,Admin (тех. аккаунт)
49027987,143,Закрыто и не реализовано,143,Закрыто и не реализовано,2026-09-07T10:19:17.000Z,13216486,Admin (тех. аккаунт)
49032805,143,Закрыто и не реализовано,143,Закрыто и не реализовано,2026-09-07T10:19:17.000Z,13216486,Admin (тех. аккаунт)
49029247,143,Закрыто и не реализовано,143,Закрыто и не реализовано,2026-09-07T10:19:17.000Z,13216486,Admin (тех. аккаунт)
49026287,143,Закрыто и не реализовано,143,Закрыто и не реализовано,2026-09-07T10:19:16.000Z,13216486,Admin (тех. аккаунт)
49021103,143,Закрыто и не реализовано,143,Закрыто и не реализовано,2026-09-07T10:19:16.000Z,13216486,Admin (тех. аккаунт)
49018455,143,Закрыто и не реализовано,143,Закрыто и не реализовано,2026-09-07T10:19:16.000Z,13216486,Admin (тех. аккаунт)
48924493,143,Закрыто и не реализовано,143,Закрыто и не реализовано,2026-09-07T10:19:16.000Z,13216486,Admin (тех. аккаунт)
49010973,143,Закрыто и не реализовано,143,Закрыто и не реализовано,2026-09-07T10:19:16.000Z,13216486,Admin (тех. аккаунт)
49010945,143,Закрыто и не реализовано,143,Закрыто и не реализовано,2026-09-07T10:19:16.000Z,13216486,Admin (тех. аккаунт)
49009451,143,Закрыто и не реализовано,143,Закрыто и не реализовано,2026-09-07T10:19:16.000Z,13216486,Admin (тех. аккаунт)
49006077,143,Закрыто и не реализовано,143,Закрыто и не реализовано,2026-09-07T10:19:16.000Z,13216486,Admin (тех. аккаунт)
48993909,143,Закрыто и не реализовано,143,Закрыто и не реализовано,2026-09-07T10:19:16.000Z,13216486,Admin (тех. аккаунт)
48985331,143,Закрыто и не реализовано,143,Закрыто и не реализовано,2026-09-07T10:19:16.000Z,13216486,Admin (тех. аккаунт)
48963131,143,Закрыто и не реализовано,143,Закрыто и не реализовано,2026-09-07T10:19:16.000Z,13216486,Admin (тех. аккаунт)
48946881,143,Закрыто и не реализовано,143,Закрыто и не реализовано,2026-09-07T10:19:16.000Z,13216486,Admin (тех. аккаунт)
48927113,143,Закрыто и не реализовано,143,Закрыто и не реализовано,2026-09-07T10:19:16.000Z,13216486,Admin (тех. аккаунт)
48859055,143,Закрыто и не реализовано,143,Закрыто и не реализовано,2026-09-07T10:19:15.000Z,13216486,Admin (тех. аккаунт)
48923673,143,Закрыто и не реализовано,143,Закрыто и не реализовано,2026-09-07T10:19:15.000Z,13216486,Admin (тех. аккаунт)
48923081,143,Закрыто и не реализовано,143,Закрыто и не реализовано,2026-09-07T10:19:15.000Z,13216486,Admin (тех. аккаунт)
48917303,143,Закрыто и не реализовано,143,Закрыто и не реализовано,2026-09-07T10:19:15.000Z,13216486,Admin (тех. аккаунт)
48912119,143,Закрыто и не реализовано,143,Закрыто и не реализовано,2026-09-07T10:19:15.000Z,13216486,Admin (тех. аккаунт)
48911625,143,Закрыто и не реализовано,143,Закрыто и не реализовано,2026-09-07T10:19:15.000Z,13216486,Admin (тех. аккаунт)
48909857,143,Закрыто и не реализовано,143,Закрыто и не реализовано,2026-09-07T10:19:15.000Z,13216486,Admin (тех. аккаунт)
48895727,143,Закрыто и не реализовано,143,Закрыто и не реализовано,2026-09-07T10:19:15.000Z,13216486,Admin (тех. аккаунт)
48877511,143,Закрыто и не реализовано,143,Закрыто и не реализовано,2026-09-07T10:19:15.000Z,13216486,Admin (тех. аккаунт)
48870755,143,Закрыто и не реализовано,143,Закрыто и не реализовано,2026-09-07T10:19:15.000Z,13216486,Admin (тех. аккаунт)
48861127,143,Закрыто и не реализовано,143,Закрыто и не реализовано,2026-09-07T10:19:15.000Z,13216486,Admin (тех. аккаунт)
48856091,143,Закрыто и не реализовано,143,Закрыто и не реализовано,2026-09-07T10:19:14.000Z,13216486,Admin (тех. аккаунт)
48853585,143,Закрыто и не реализовано,143,Закрыто и не реализовано,2026-09-07T10:19:14.000Z,13216486,Admin (тех. аккаунт)
48853513,143,Закрыто и не реализовано,143,Закрыто и не реализовано,2026-09-07T10:19:14.000Z,13216486,Admin (тех. аккаунт)
48849437,143,Закрыто и не реализовано,143,Закрыто и не реализовано,2026-09-07T10:19:14.000Z,13216486,Admin (тех. аккаунт)
48827531,143,Закрыто и не реализовано,143,Закрыто и не реализовано,2026-09-07T10:19:14.000Z,13216486,Admin (тех. аккаунт)
48848849,143,Закрыто и не реализовано,143,Закрыто и не реализовано,2026-09-07T10:19:14.000Z,13216486,Admin (тех. аккаунт)
48847493,143,Закрыто и не реализовано,143,Закрыто и не реализовано,2026-09-07T10:19:14.000Z,13216486,Admin (тех. аккаунт)
48847331,143,Закрыто и не реализовано,143,Закрыто и не реализовано,2026-09-07T10:19:14.000Z,13216486,Admin (тех. аккаунт)
48847299,143,Закрыто и не реализовано,143,Закрыто и не реализовано,2026-09-07T10:19:14.000Z,13216486,Admin (тех. аккаунт)
48846665,143,Закрыто и не реализовано,143,Закрыто и не реализовано,2026-09-07T10:19:14.000Z,13216486,Admin (тех. аккаунт)
48836995,143,Закрыто и не реализовано,143,Закрыто и не реализовано,2026-09-07T10:19:14.000Z,13216486,Admin (тех. аккаунт)
48823399,143,Закрыто и не реализовано,143,Закрыто и не реализовано,2026-09-07T10:19:14.000Z,13216486,Admin (тех. аккаунт)
48821911,143,Закрыто и не реализовано,143,Закрыто и не реализовано,2026-09-07T10:19:13.000Z,13216486,Admin (тех. аккаунт)
48820909,143,Закрыто и не реализовано,143,Закрыто и не реализовано,2026-09-07T10:19:13.000Z,13216486,Admin (тех. аккаунт)
48819283,143,Закрыто и не реализовано,143,Закрыто и не реализовано,2026-09-07T10:19:13.000Z,13216486,Admin (тех. аккаунт)
48796669,143,Закрыто и не реализовано,143,Закрыто и не реализовано,2026-09-07T10:19:13.000Z,13216486,Admin (тех. аккаунт)
48795409,143,Закрыто и не реализовано,143,Закрыто и не реализовано,2026-09-07T10:19:13.000Z,13216486,Admin (тех. аккаунт)
48793945,143,Закрыто и не реализовано,143,Закрыто и не реализовано,2026-09-07T10:19:13.000Z,13216486,Admin (тех. аккаунт)
48793355,143,Закрыто и не реализовано,143,Закрыто и не реализовано,2026-09-07T10:19:13.000Z,13216486,Admin (тех. аккаунт)
48793037,143,Закрыто и не реализовано,143,Закрыто и не реализовано,2026-09-07T10:19:13.000Z,13216486,Admin (тех. аккаунт)
49002233,142,Провели мероприятие (100% оплата),142,Провели мероприятие (100% оплата),2026-09-07T10:18:38.000Z,13216486,Admin (тех. аккаунт)
49001739,142,Провели мероприятие (100% оплата),142,Провели мероприятие (100% оплата),2026-09-07T10:18:38.000Z,13216486,Admin (тех. аккаунт)
48415921,142,Провели мероприятие (100% оплата),142,Провели мероприятие (100% оплата),2026-09-07T10:18:37.000Z,13216486,Admin (тех. аккаунт)
47903241,142,Провели мероприятие (100% оплата),142,Провели мероприятие (100% оплата),2026-09-07T10:18:37.000Z,13216486,Admin (тех. аккаунт)
47222665,142,Провели мероприятие (100% оплата),142,Провели мероприятие (100% оплата),2026-09-07T10:18:37.000Z,13216486,Admin (тех. аккаунт)
47214485,142,Провели мероприятие (100% оплата),142,Провели мероприятие (100% оплата),2026-09-07T10:18:37.000Z,13216486,Admin (тех. аккаунт)
49301575,87644138,Недозвон,88403154,Новые заявки,2026-09-07T10:18:15.000Z,13216486,Admin (тех. аккаунт)
49301575,85378206,Неразобранное,87644138,Недозвон,2026-09-07T10:18:09.000Z,13216486,Admin (тех. аккаунт)
48672979,85378218,Принимают решение,88403166,Назначили показ,2026-09-07T10:18:00.000Z,13216486,Admin (тех. аккаунт)
48170769,85378218,Принимают решение,88403166,Назначили показ,2026-09-07T10:18:00.000Z,13216486,Admin (тех. аккаунт)
47989899,85378218,Принимают решение,88403166,Назначили показ,2026-09-07T10:18:00.000Z,13216486,Admin (тех. аккаунт)
47844869,85378218,Принимают решение,88403166,Назначили показ,2026-09-07T10:18:00.000Z,13216486,Admin (тех. аккаунт)
49030379,85378210,переговоры,88403162,Квалифицирован (отправили инфо),2026-09-07T10:17:27.000Z,13216486,Admin (тех. аккаунт)
48409149,85378210,переговоры,88403162,Квалифицирован (отправили инфо),2026-09-07T10:17:14.000Z,13216486,Admin (тех. аккаунт)
48407307,85378210,переговоры,88403162,Квалифицирован (отправили инфо),2026-09-07T10:17:14.000Z,13216486,Admin (тех. аккаунт)
48396253,85378210,переговоры,88403162,Квалифицирован (отправили инфо),2026-09-07T10:17:14.000Z,13216486,Admin (тех. аккаунт)
48347659,85378210,переговоры,88403162,Квалифицирован (отправили инфо),2026-09-07T10:17:14.000Z,13216486,Admin (тех. аккаунт)
48345313,85378210,переговоры,88403162,Квалифицирован (отправили инфо),2026-09-07T10:17:14.000Z,13216486,Admin (тех. аккаунт)
48204109,85378210,переговоры,88403162,Квалифицирован (отправили инфо),2026-09-07T10:17:14.000Z,13216486,Admin (тех. аккаунт)
48195561,85378210,переговоры,88403162,Квалифицирован (отправили инфо),2026-09-07T10:17:14.000Z,13216486,Admin (тех. аккаунт)
48194143,85378210,переговоры,88403162,Квалифицирован (отправили инфо),2026-09-07T10:17:13.000Z,13216486,Admin (тех. аккаунт)
48176289,85378210,переговоры,88403162,Квалифицирован (отправили инфо),2026-09-07T10:17:13.000Z,13216486,Admin (тех. аккаунт)
48167455,85378210,переговоры,88403162,Квалифицирован (отправили инфо),2026-09-07T10:17:13.000Z,13216486,Admin (тех. аккаунт)
48122155,85378210,переговоры,88403162,Квалифицирован (отправили инфо),2026-09-07T10:17:13.000Z,13216486,Admin (тех. аккаунт)
48121161,85378210,переговоры,88403162,Квалифицирован (отправили инфо),2026-09-07T10:17:13.000Z,13216486,Admin (тех. аккаунт)
48107623,85378210,переговоры,88403162,Квалифицирован (отправили инфо),2026-09-07T10:17:13.000Z,13216486,Admin (тех. аккаунт)
48090267,85378210,переговоры,88403162,Квалифицирован (отправили инфо),2026-09-07T10:17:13.000Z,13216486,Admin (тех. аккаунт)
48088185,85378210,переговоры,88403162,Квалифицирован (отправили инфо),2026-09-07T10:17:13.000Z,13216486,Admin (тех. аккаунт)
48042149,85378210,переговоры,88403162,Квалифицирован (отправили инфо),2026-09-07T10:17:13.000Z,13216486,Admin (тех. аккаунт)
48008409,85378210,переговоры,88403162,Квалифицирован (отправили инфо),2026-09-07T10:17:13.000Z,13216486,Admin (тех. аккаунт)
47976849,85378210,переговоры,88403162,Квалифицирован (отправили инфо),2026-09-07T10:17:12.000Z,13216486,Admin (тех. аккаунт)
47870399,85378210,переговоры,88403162,Квалифицирован (отправили инфо),2026-09-07T10:17:12.000Z,13216486,Admin (тех. аккаунт)
47866929,85378210,переговоры,88403162,Квалифицирован (отправили инфо),2026-09-07T10:17:12.000Z,13216486,Admin (тех. аккаунт)
47863617,85378210,переговоры,88403162,Квалифицирован (отправили инфо),2026-09-07T10:17:12.000Z,13216486,Admin (тех. аккаунт)
47828739,85378210,переговоры,88403162,Квалифицирован (отправили инфо),2026-09-07T10:17:12.000Z,13216486,Admin (тех. аккаунт)
47806613,85378210,переговоры,88403162,Квалифицирован (отправили инфо),2026-09-07T10:17:12.000Z,13216486,Admin (тех. аккаунт)
47784779,85378210,переговоры,88403162,Квалифицирован (отправили инфо),2026-09-07T10:17:12.000Z,13216486,Admin (тех. аккаунт)
47781919,85378210,переговоры,88403162,Квалифицирован (отправили инфо),2026-09-07T10:17:12.000Z,13216486,Admin (тех. аккаунт)
47779583,85378210,переговоры,88403162,Квалифицирован (отправили инфо),2026-09-07T10:17:12.000Z,13216486,Admin (тех. аккаунт)
47776007,85378210,переговоры,88403162,Квалифицирован (отправили инфо),2026-09-07T10:17:12.000Z,13216486,Admin (тех. аккаунт)
47743057,85378210,переговоры,88403162,Квалифицирован (отправили инфо),2026-09-07T10:17:12.000Z,13216486,Admin (тех. аккаунт)
47696559,85378210,переговоры,88403162,Квалифицирован (отправили инфо),2026-09-07T10:17:11.000Z,13216486,Admin (тех. аккаунт)
47671411,85378210,переговоры,88403162,Квалифицирован (отправили инфо),2026-09-07T10:17:11.000Z,13216486,Admin (тех. аккаунт)
46256925,85378210,переговоры,88403162,Квалифицирован (отправили инфо),2026-09-07T10:17:11.000Z,13216486,Admin (тех. аккаунт)
49294879,85378210,переговоры,88403162,Квалифицирован (отправили инфо),2026-09-07T10:17:10.000Z,13216486,Admin (тех. аккаунт)
49033793,85378210,переговоры,88403162,Квалифицирован (отправили инфо),2026-09-07T10:17:10.000Z,13216486,Admin (тех. аккаунт)
48920997,85378210,переговоры,88403162,Квалифицирован (отправили инфо),2026-09-07T10:17:10.000Z,13216486,Admin (тех. аккаунт)
49025153,85378210,переговоры,88403162,Квалифицирован (отправили инфо),2026-09-07T10:17:10.000Z,13216486,Admin (тех. аккаунт)
49024357,85378210,переговоры,88403162,Квалифицирован (отправили инфо),2026-09-07T10:17:10.000Z,13216486,Admin (тех. аккаунт)
49020365,85378210,переговоры,88403162,Квалифицирован (отправили инфо),2026-09-07T10:17:10.000Z,13216486,Admin (тех. аккаунт)
49003819,85378210,переговоры,88403162,Квалифицирован (отправили инфо),2026-09-07T10:17:10.000Z,13216486,Admin (тех. аккаунт)
49002091,85378210,переговоры,88403162,Квалифицирован (отправили инфо),2026-09-07T10:17:10.000Z,13216486,Admin (тех. аккаунт)
48996487,85378210,переговоры,88403162,Квалифицирован (отправили инфо),2026-09-07T10:17:10.000Z,13216486,Admin (тех. аккаунт)
48992531,85378210,переговоры,88403162,Квалифицирован (отправили инфо),2026-09-07T10:17:10.000Z,13216486,Admin (тех. аккаунт)
48985835,85378210,переговоры,88403162,Квалифицирован (отправили инфо),2026-09-07T10:17:10.000Z,13216486,Admin (тех. аккаунт)
48903565,85378210,переговоры,88403162,Квалифицирован (отправили инфо),2026-09-07T10:17:10.000Z,13216486,Admin (тех. аккаунт)
48951479,85378210,переговоры,88403162,Квалифицирован (отправили инфо),2026-09-07T10:17:10.000Z,13216486,Admin (тех. аккаунт)
48903257,85378210,переговоры,88403162,Квалифицирован (отправили инфо),2026-09-07T10:17:09.000Z,13216486,Admin (тех. аккаунт)
48902835,85378210,переговоры,88403162,Квалифицирован (отправили инфо),2026-09-07T10:17:09.000Z,13216486,Admin (тех. аккаунт)
48899907,85378210,переговоры,88403162,Квалифицирован (отправили инфо),2026-09-07T10:17:09.000Z,13216486,Admin (тех. аккаунт)
48823159,85378210,переговоры,88403162,Квалифицирован (отправили инфо),2026-09-07T10:17:09.000Z,13216486,Admin (тех. аккаунт)
48879099,85378210,переговоры,88403162,Квалифицирован (отправили инфо),2026-09-07T10:17:09.000Z,13216486,Admin (тех. аккаунт)
48877201,85378210,переговоры,88403162,Квалифицирован (отправили инфо),2026-09-07T10:17:09.000Z,13216486,Admin (тех. аккаунт)
48824533,85378210,переговоры,88403162,Квалифицирован (отправили инфо),2026-09-07T10:17:09.000Z,13216486,Admin (тех. аккаунт)
48874357,85378210,переговоры,88403162,Квалифицирован (отправили инфо),2026-09-07T10:17:09.000Z,13216486,Admin (тех. аккаунт)
48865899,85378210,переговоры,88403162,Квалифицирован (отправили инфо),2026-09-07T10:17:09.000Z,13216486,Admin (тех. аккаунт)
48857669,85378210,переговоры,88403162,Квалифицирован (отправили инфо),2026-09-07T10:17:09.000Z,13216486,Admin (тех. аккаунт)
48847277,85378210,переговоры,88403162,Квалифицирован (отправили инфо),2026-09-07T10:17:09.000Z,13216486,Admin (тех. аккаунт)
48837805,85378210,переговоры,88403162,Квалифицирован (отправили инфо),2026-09-07T10:17:09.000Z,13216486,Admin (тех. аккаунт)
48809943,85378210,переговоры,88403162,Квалифицирован (отправили инфо),2026-09-07T10:17:08.000Z,13216486,Admin (тех. аккаунт)
48788705,85378210,переговоры,88403162,Квалифицирован (отправили инфо),2026-09-07T10:17:08.000Z,13216486,Admin (тех. аккаунт)
48633127,85378210,переговоры,88403162,Квалифицирован (отправили инфо),2026-09-07T10:17:08.000Z,13216486,Admin (тех. аккаунт)
48753397,85378210,переговоры,88403162,Квалифицирован (отправили инфо),2026-09-07T10:17:08.000Z,13216486,Admin (тех. аккаунт)
48753361,85378210,переговоры,88403162,Квалифицирован (отправили инфо),2026-09-07T10:17:08.000Z,13216486,Admin (тех. аккаунт)
48737059,85378210,переговоры,88403162,Квалифицирован (отправили инфо),2026-09-07T10:17:08.000Z,13216486,Admin (тех. аккаунт)
48736029,85378210,переговоры,88403162,Квалифицирован (отправили инфо),2026-09-07T10:17:08.000Z,13216486,Admin (тех. аккаунт)
48563233,85378210,переговоры,88403162,Квалифицирован (отправили инфо),2026-09-07T10:17:08.000Z,13216486,Admin (тех. аккаунт)
48697881,85378210,переговоры,88403162,Квалифицирован (отправили инфо),2026-09-07T10:17:08.000Z,13216486,Admin (тех. аккаунт)
48689639,85378210,переговоры,88403162,Квалифицирован (отправили инфо),2026-09-07T10:17:08.000Z,13216486,Admin (тех. аккаунт)
48686333,85378210,переговоры,88403162,Квалифицирован (отправили инфо),2026-09-07T10:17:08.000Z,13216486,Admin (тех. аккаунт)
48562609,85378210,переговоры,88403162,Квалифицирован (отправили инфо),2026-09-07T10:17:08.000Z,13216486,Admin (тех. аккаунт)
48664599,85378210,переговоры,88403162,Квалифицирован (отправили инфо),2026-09-07T10:17:08.000Z,13216486,Admin (тех. аккаунт)
48659353,85378210,переговоры,88403162,Квалифицирован (отправили инфо),2026-09-07T10:17:08.000Z,13216486,Admin (тех. аккаунт)
48446127,85378210,переговоры,88403162,Квалифицирован (отправили инфо),2026-09-07T10:17:07.000Z,13216486,Admin (тех. аккаунт)
48559257,85378210,переговоры,88403162,Квалифицирован (отправили инфо),2026-09-07T10:17:07.000Z,13216486,Admin (тех. аккаунт)
48546473,85378210,переговоры,88403162,Квалифицирован (отправили инфо),2026-09-07T10:17:07.000Z,13216486,Admin (тех. аккаунт)
48540951,85378210,переговоры,88403162,Квалифицирован (отправили инфо),2026-09-07T10:17:07.000Z,13216486,Admin (тех. аккаунт)
48517763,85378210,переговоры,88403162,Квалифицирован (отправили инфо),2026-09-07T10:17:07.000Z,13216486,Admin (тех. аккаунт)
48516869,85378210,переговоры,88403162,Квалифицирован (отправили инфо),2026-09-07T10:17:07.000Z,13216486,Admin (тех. аккаунт)
48507525,85378210,переговоры,88403162,Квалифицирован (отправили инфо),2026-09-07T10:17:07.000Z,13216486,Admin (тех. аккаунт)
48494853,85378210,переговоры,88403162,Квалифицирован (отправили инфо),2026-09-07T10:17:07.000Z,13216486,Admin (тех. аккаунт)
48494593,85378210,переговоры,88403162,Квалифицирован (отправили инфо),2026-09-07T10:17:07.000Z,13216486,Admin (тех. аккаунт)
48415737,85378210,переговоры,88403162,Квалифицирован (отправили инфо),2026-09-07T10:17:06.000Z,13216486,Admin (тех. аккаунт)
36017699,79800398,Неразобранное,79800402,Мероприятия проведено,2026-09-07T09:50:46.000Z,14213266,Умар (оператор)
36017705,79800398,Неразобранное,79800402,Мероприятия проведено,2026-09-07T09:50:45.000Z,14213266,Умар (оператор)
49300619,88403170,Показ провели,143,Закрыто и не реализовано,2026-09-07T09:48:59.000Z,14213266,Умар (оператор)
49300619,88403162,Квалифицирован (отправили инфо),88403170,Показ провели,2026-09-07T09:48:49.000Z,14213266,Умар (оператор)
49300619,88403154,Новые заявки,88403162,Квалифицирован (отправили инфо),2026-09-07T09:48:23.000Z,14213266,Умар (оператор)
47790063,82601126,КП / презентация,143,Закрыто и не реализовано,2026-09-07T09:24:37.000Z,13268930,Комола (Rooftop hall)
48361755,82601126,КП / презентация,142,Провели мероприятие (100% оплата),2026-09-07T09:14:55.000Z,13268930,Комола (Rooftop hall)
48509429,82601126,КП / презентация,143,Закрыто и не реализовано,2026-09-07T09:14:31.000Z,13268930,Комола (Rooftop hall)
47453667,85019690,Показ,143,Закрыто и не реализовано,2026-09-07T09:12:18.000Z,13268930,Комола (Rooftop hall)
41719499,82601126,КП / презентация,143,Закрыто и не реализовано,2026-09-07T09:09:59.000Z,13268930,Комола (Rooftop hall)
48311681,86701234,Переговоры,143,Закрыто и не реализовано,2026-09-07T09:08:36.000Z,13268930,Комола (Rooftop hall)
49294879,85378206,Неразобранное,85378210,переговоры,2026-09-07T09:00:49.000Z,13216486,Admin (тех. аккаунт)
49289399,82313754,Неразобранное,86701234,Переговоры,2026-09-07T07:20:38.000Z,13268930,Комола (Rooftop hall)
49289111,82313754,Неразобранное,85355474,Instagram,2026-09-07T06:57:15.000Z,0,
49263849,82313754,Неразобранное,86701234,Переговоры,2026-09-07T06:43:08.000Z,13268930,Комола (Rooftop hall)
49242217,82313754,Неразобранное,86701234,Переговоры,2026-09-07T06:37:21.000Z,13268930,Комола (Rooftop hall)
49219783,82313754,Неразобранное,86701234,Переговоры,2026-09-07T06:29:58.000Z,13268930,Комола (Rooftop hall)
49216387,82313754,Неразобранное,86701234,Переговоры,2026-09-07T06:25:41.000Z,13268930,Комола (Rooftop hall)
49259931,82313754,Неразобранное,143,Закрыто и не реализовано,2026-09-07T06:19:20.000Z,13268930,Комола (Rooftop hall)
49250743,82313754,Неразобранное,143,Закрыто и не реализовано,2026-09-07T06:12:31.000Z,13268930,Комола (Rooftop hall)
49227965,82313754,Неразобранное,143,Закрыто и не реализовано,2026-09-07T06:09:18.000Z,13268930,Комола (Rooftop hall)
49227205,82313754,Неразобранное,86701234,Переговоры,2026-09-07T06:06:09.000Z,13268930,Комола (Rooftop hall)
49221645,82313754,Неразобранное,86701234,Переговоры,2026-09-07T06:02:11.000Z,13268930,Комола (Rooftop hall)
49284021,82313754,Неразобранное,86701234,Переговоры,2026-09-07T05:58:23.000Z,13268930,Комола (Rooftop hall)
48881023,82313754,Неразобранное,143,Закрыто и не реализовано,2026-09-07T05:57:36.000Z,13268930,Комола (Rooftop hall)
49234445,82313754,Неразобранное,86701234,Переговоры,2026-09-07T05:57:03.000Z,13268930,Комола (Rooftop hall)
48412509,82601130,Согласование договора/сметы,143,Закрыто и не реализовано,2026-09-07T05:04:48.000Z,13268930,Комола (Rooftop hall)
49252287,82313754,Неразобранное,85355474,Instagram,2026-09-06T07:27:12.000Z,0,
49250555,82313754,Неразобранное,86701234,Переговоры,2026-09-06T06:39:57.000Z,0,
49222243,82313754,Неразобранное,85355474,Instagram,2026-09-05T08:25:14.000Z,0,
49221599,82313754,Неразобранное,85355474,Instagram,2026-09-05T08:06:11.000Z,0,
49189135,86701234,Переговоры,143,Закрыто и не реализовано,2026-09-05T05:35:17.000Z,13268930,Комола (Rooftop hall)
49205555,86701234,Переговоры,143,Закрыто и не реализовано,2026-09-05T05:33:33.000Z,13268930,Комола (Rooftop hall)
49207991,86701234,Переговоры,143,Закрыто и не реализовано,2026-09-05T05:33:21.000Z,13268930,Комола (Rooftop hall)
49209985,82313754,Неразобранное,85355474,Instagram,2026-09-04T21:25:05.000Z,0,
48993909,87644138,Недозвон,143,Закрыто и не реализовано,2026-09-04T13:20:52.000Z,13216486,Admin (тех. аккаунт)
48963131,87644138,Недозвон,143,Закрыто и не реализовано,2026-09-04T13:19:54.000Z,13216486,Admin (тех. аккаунт)
48946881,87644138,Недозвон,143,Закрыто и не реализовано,2026-09-04T13:18:36.000Z,13216486,Admin (тех. аккаунт)
48924493,87644138,Недозвон,143,Закрыто и не реализовано,2026-09-04T13:16:24.000Z,13216486,Admin (тех. аккаунт)
48923673,87644138,Недозвон,143,Закрыто и не реализовано,2026-09-04T13:16:03.000Z,13216486,Admin (тех. аккаунт)
48920997,87644138,Недозвон,85378210,переговоры,2026-09-04T13:15:47.000Z,13216486,Admin (тех. аккаунт)
48912119,87644138,Недозвон,143,Закрыто и не реализовано,2026-09-04T13:10:59.000Z,13216486,Admin (тех. аккаунт)
48793945,87644138,Недозвон,143,Закрыто и не реализовано,2026-09-04T13:10:27.000Z,13216486,Admin (тех. аккаунт)
48902835,87644138,Недозвон,85378210,переговоры,2026-09-04T13:10:13.000Z,13216486,Admin (тех. аккаунт)
48877511,87644138,Недозвон,143,Закрыто и не реализовано,2026-09-04T13:04:06.000Z,13216486,Admin (тех. аккаунт)
48859055,87644138,Недозвон,143,Закрыто и не реализовано,2026-09-04T13:03:31.000Z,13216486,Admin (тех. аккаунт)
48819283,87644138,Недозвон,143,Закрыто и не реализовано,2026-09-04T13:01:42.000Z,13216486,Admin (тех. аккаунт)
49192643,82313754,Неразобранное,86701234,Переговоры,2026-09-04T13:00:27.000Z,13268930,Комола (Rooftop hall)
49192427,82313754,Неразобранное,143,Закрыто и не реализовано,2026-09-04T12:56:05.000Z,13268930,Комола (Rooftop hall)
49194483,82313754,Неразобранное,143,Закрыто и не реализовано,2026-09-04T12:55:43.000Z,13268930,Комола (Rooftop hall)
49193721,82313754,Неразобранное,86701234,Переговоры,2026-09-04T12:53:33.000Z,13268930,Комола (Rooftop hall)
48795409,87644138,Недозвон,143,Закрыто и не реализовано,2026-09-04T12:49:22.000Z,13216486,Admin (тех. аккаунт)
48793355,87644138,Недозвон,143,Закрыто и не реализовано,2026-09-04T12:45:54.000Z,13216486,Admin (тех. аккаунт)
48793037,87644138,Недозвон,143,Закрыто и не реализовано,2026-09-04T12:40:11.000Z,13216486,Admin (тех. аккаунт)
48766937,87644138,Недозвон,143,Закрыто и не реализовано,2026-09-04T12:38:11.000Z,13216486,Admin (тех. аккаунт)
48734979,87644138,Недозвон,143,Закрыто и не реализовано,2026-09-04T12:34:22.000Z,13216486,Admin (тех. аккаунт)
48734037,87644138,Недозвон,143,Закрыто и не реализовано,2026-09-04T12:33:24.000Z,13216486,Admin (тех. аккаунт)
48724771,87644138,Недозвон,143,Закрыто и не реализовано,2026-09-04T12:31:59.000Z,13216486,Admin (тех. аккаунт)
48711127,87644138,Недозвон,143,Закрыто и не реализовано,2026-09-04T12:30:31.000Z,13216486,Admin (тех. аккаунт)
48699439,87644138,Недозвон,143,Закрыто и не реализовано,2026-09-04T12:29:18.000Z,13216486,Admin (тех. аккаунт)
48689789,87644138,Недозвон,143,Закрыто и не реализовано,2026-09-04T12:27:44.000Z,13216486,Admin (тех. аккаунт)
48664599,87644138,Недозвон,85378210,переговоры,2026-09-04T12:25:54.000Z,13216486,Admin (тех. аккаунт)
48650889,87644138,Недозвон,143,Закрыто и не реализовано,2026-09-04T12:18:07.000Z,13216486,Admin (тех. аккаунт)
48641063,87644138,Недозвон,143,Закрыто и не реализовано,2026-09-04T12:16:13.000Z,13216486,Admin (тех. аккаунт)
48615519,87644138,Недозвон,143,Закрыто и не реализовано,2026-09-04T12:14:59.000Z,13216486,Admin (тех. аккаунт)
48566705,87644138,Недозвон,143,Закрыто и не реализовано,2026-09-04T12:09:48.000Z,13216486,Admin (тех. аккаунт)
48562609,87644138,Недозвон,85378210,переговоры,2026-09-04T12:02:45.000Z,13216486,Admin (тех. аккаунт)
48122155,143,Закрыто и не реализовано,85378210,переговоры,2026-09-04T11:38:48.000Z,13216486,Admin (тех. аккаунт)
48284873,86701234,Переговоры,143,Закрыто и не реализовано,2026-09-04T11:21:05.000Z,13268930,Комола (Rooftop hall)
49137097,82313754,Неразобранное,143,Закрыто и не реализовано,2026-09-04T11:20:17.000Z,13268930,Комола (Rooftop hall)
49186279,82313754,Неразобранное,86701234,Переговоры,2026-09-04T11:19:45.000Z,13268930,Комола (Rooftop hall)
49183821,86701234,Переговоры,82601126,КП / презентация,2026-09-04T11:18:49.000Z,13268930,Комола (Rooftop hall)
49183821,82313754,Неразобранное,86701234,Переговоры,2026-09-04T11:18:39.000Z,13268930,Комола (Rooftop hall)
49183459,85355474,Instagram,82601126,КП / презентация,2026-09-04T11:15:23.000Z,13268930,Комола (Rooftop hall)
49182197,82313754,Неразобранное,143,Закрыто и не реализовано,2026-09-04T11:13:31.000Z,13268930,Комола (Rooftop hall)
48559257,87644138,Недозвон,85378210,переговоры,2026-09-04T11:13:09.000Z,13216486,Admin (тех. аккаунт)
48557433,87644138,Недозвон,143,Закрыто и не реализовано,2026-09-04T11:05:12.000Z,13216486,Admin (тех. аккаунт)
48552979,87644138,Недозвон,143,Закрыто и не реализовано,2026-09-04T11:03:58.000Z,13216486,Admin (тех. аккаунт)
48549947,87644138,Недозвон,143,Закрыто и не реализовано,2026-09-04T11:02:00.000Z,13216486,Admin (тех. аккаунт)
48546111,87644138,Недозвон,143,Закрыто и не реализовано,2026-09-04T10:59:57.000Z,13216486,Admin (тех. аккаунт)
48528535,87644138,Недозвон,143,Закрыто и не реализовано,2026-09-04T10:59:01.000Z,13216486,Admin (тех. аккаунт)
48516869,87644138,Недозвон,85378210,переговоры,2026-09-04T10:58:07.000Z,13216486,Admin (тех. аккаунт)
48515373,87644138,Недозвон,143,Закрыто и не реализовано,2026-09-04T10:51:42.000Z,13216486,Admin (тех. аккаунт)
48496955,87644138,Недозвон,143,Закрыто и не реализовано,2026-09-04T10:50:35.000Z,13216486,Admin (тех. аккаунт)
48494853,87644138,Недозвон,85378210,переговоры,2026-09-04T10:49:43.000Z,13216486,Admin (тех. аккаунт)
48494841,87644138,Недозвон,143,Закрыто и не реализовано,2026-09-04T10:47:14.000Z,13216486,Admin (тех. аккаунт)
48492219,87644138,Недозвон,143,Закрыто и не реализовано,2026-09-04T10:45:26.000Z,13216486,Admin (тех. аккаунт)
48490143,87644138,Недозвон,143,Закрыто и не реализовано,2026-09-04T10:42:58.000Z,13216486,Admin (тех. аккаунт)
48451175,87644138,Недозвон,143,Закрыто и не реализовано,2026-09-04T10:41:14.000Z,13216486,Admin (тех. аккаунт)
48996487,87644138,Недозвон,85378210,переговоры,2026-09-04T10:38:14.000Z,13216486,Admin (тех. аккаунт)
48427073,87644138,Недозвон,143,Закрыто и не реализовано,2026-09-04T10:34:53.000Z,13216486,Admin (тех. аккаунт)
48423591,87644138,Недозвон,143,Закрыто и не реализовано,2026-09-04T10:31:37.000Z,13216486,Admin (тех. аккаунт)
48363575,87644138,Недозвон,143,Закрыто и не реализовано,2026-09-04T10:30:31.000Z,13216486,Admin (тех. аккаунт)
48202849,87644138,Недозвон,143,Закрыто и не реализовано,2026-09-04T10:29:14.000Z,13216486,Admin (тех. аккаунт)
48122155,87644138,Недозвон,143,Закрыто и не реализовано,2026-09-04T10:28:10.000Z,13216486,Admin (тех. аккаунт)
48107623,87644138,Недозвон,85378210,переговоры,2026-09-04T10:26:51.000Z,13216486,Admin (тех. аккаунт)
48107221,87644138,Недозвон,143,Закрыто и не реализовано,2026-09-04T10:17:55.000Z,13216486,Admin (тех. аккаунт)
48903257,143,Закрыто и не реализовано,85378210,переговоры,2026-09-04T09:31:15.000Z,13216486,Admin (тех. аккаунт)
48823399,87644138,Недозвон,143,Закрыто и не реализовано,2026-09-04T07:50:51.000Z,13216486,Admin (тех. аккаунт)
48847299,87644138,Недозвон,143,Закрыто и не реализовано,2026-09-04T07:50:12.000Z,13216486,Admin (тех. аккаунт)
49172319,82313754,Неразобранное,143,Закрыто и не реализовано,2026-09-04T07:47:36.000Z,13268930,Комола (Rooftop hall)
48796669,87644138,Недозвон,143,Закрыто и не реализовано,2026-09-04T07:42:47.000Z,13216486,Admin (тех. аккаунт)
48985331,87644138,Недозвон,143,Закрыто и не реализовано,2026-09-04T07:42:04.000Z,13216486,Admin (тех. аккаунт)
48877201,87644138,Недозвон,85378210,переговоры,2026-09-04T07:40:55.000Z,13216486,Admin (тех. аккаунт)
48847331,87644138,Недозвон,143,Закрыто и не реализовано,2026-09-04T07:39:19.000Z,13216486,Admin (тех. аккаунт)
48847493,87644138,Недозвон,143,Закрыто и не реализовано,2026-09-04T07:38:12.000Z,13216486,Admin (тех. аккаунт)
48857669,87644138,Недозвон,85378210,переговоры,2026-09-04T07:37:28.000Z,13216486,Admin (тех. аккаунт)
48923081,87644138,Недозвон,143,Закрыто и не реализовано,2026-09-04T07:33:27.000Z,13216486,Admin (тех. аккаунт)
48903257,87644138,Недозвон,143,Закрыто и не реализовано,2026-09-04T07:32:15.000Z,13216486,Admin (тех. аккаунт)
48846665,87644138,Недозвон,143,Закрыто и не реализовано,2026-09-04T07:31:07.000Z,13216486,Admin (тех. аккаунт)
48849437,87644138,Недозвон,143,Закрыто и не реализовано,2026-09-04T07:29:17.000Z,13216486,Admin (тех. аккаунт)
48865899,87644138,Недозвон,85378210,переговоры,2026-09-04T07:28:27.000Z,13216486,Admin (тех. аккаунт)
48088185,87644138,Недозвон,85378210,переговоры,2026-09-04T07:23:16.000Z,13216486,Admin (тех. аккаунт)
49009451,87644138,Недозвон,143,Закрыто и не реализовано,2026-09-04T07:23:10.000Z,13216486,Admin (тех. аккаунт)
49010945,87644138,Недозвон,143,Закрыто и не реализовано,2026-09-04T07:19:39.000Z,13216486,Admin (тех. аккаунт)
49021103,87644138,Недозвон,143,Закрыто и не реализовано,2026-09-04T07:18:41.000Z,13216486,Admin (тех. аккаунт)
49026287,87644138,Недозвон,143,Закрыто и не реализовано,2026-09-04T07:18:11.000Z,13216486,Admin (тех. аккаунт)
49027987,87644138,Недозвон,143,Закрыто и не реализовано,2026-09-04T07:17:10.000Z,13216486,Admin (тех. аккаунт)
49028025,87644138,Недозвон,143,Закрыто и не реализовано,2026-09-04T07:14:39.000Z,13216486,Admin (тех. аккаунт)
49029247,87644138,Недозвон,143,Закрыто и не реализовано,2026-09-04T07:14:11.000Z,13216486,Admin (тех. аккаунт)
49032805,87644138,Недозвон,143,Закрыто и не реализовано,2026-09-04T07:13:45.000Z,13216486,Admin (тех. аккаунт)
49042529,87644138,Недозвон,143,Закрыто и не реализовано,2026-09-04T07:12:54.000Z,13216486,Admin (тех. аккаунт)
49030379,85378206,Неразобранное,85378210,переговоры,2026-09-04T07:06:24.000Z,13216486,Admin (тех. аккаунт)
48054985,87644138,Недозвон,143,Закрыто и не реализовано,2026-09-04T07:05:50.000Z,13216486,Admin (тех. аккаунт)
49029247,85378206,Неразобранное,87644138,Недозвон,2026-09-04T07:04:38.000Z,13216486,Admin (тех. аккаунт)
49028025,85378206,Неразобранное,87644138,Недозвон,2026-09-04T07:03:50.000Z,13216486,Admin (тех. аккаунт)
49027987,85378206,Неразобранное,87644138,Недозвон,2026-09-04T07:03:06.000Z,13216486,Admin (тех. аккаунт)
49026287,85378206,Неразобранное,87644138,Недозвон,2026-09-04T07:02:19.000Z,13216486,Admin (тех. аккаунт)
49025153,85378206,Неразобранное,85378210,переговоры,2026-09-04T07:00:50.000Z,13216486,Admin (тех. аккаунт)
49024357,85378206,Неразобранное,85378210,переговоры,2026-09-04T06:58:33.000Z,13216486,Admin (тех. аккаунт)
49021103,85378206,Неразобранное,87644138,Недозвон,2026-09-04T06:54:44.000Z,13216486,Admin (тех. аккаунт)
49020365,85378206,Неразобранное,85378210,переговоры,2026-09-04T06:53:49.000Z,13216486,Admin (тех. аккаунт)
49018455,85378206,Неразобранное,143,Закрыто и не реализовано,2026-09-04T06:47:38.000Z,13216486,Admin (тех. аккаунт)
48927113,85378206,Неразобранное,143,Закрыто и не реализовано,2026-09-04T06:46:02.000Z,13216486,Admin (тех. аккаунт)
48226363,86701234,Переговоры,143,Закрыто и не реализовано,2026-09-04T06:46:00.000Z,13268930,Комола (Rooftop hall)
49010945,85378206,Неразобранное,87644138,Недозвон,2026-09-04T06:45:45.000Z,13216486,Admin (тех. аккаунт)
49009451,85378206,Неразобранное,87644138,Недозвон,2026-09-04T06:44:11.000Z,13216486,Admin (тех. аккаунт)
48951479,87644138,Недозвон,85378210,переговоры,2026-09-04T06:42:21.000Z,13216486,Admin (тех. аккаунт)
48149019,86701234,Переговоры,143,Закрыто и не реализовано,2026-09-04T06:34:26.000Z,13268930,Комола (Rooftop hall)
48116045,86701234,Переговоры,143,Закрыто и не реализовано,2026-09-04T06:33:28.000Z,13268930,Комола (Rooftop hall)
48096249,86701234,Переговоры,143,Закрыто и не реализовано,2026-09-04T06:24:12.000Z,13268930,Комола (Rooftop hall)
49006077,85378206,Неразобранное,143,Закрыто и не реализовано,2026-09-04T06:23:19.000Z,13216486,Admin (тех. аккаунт)
48083183,86701234,Переговоры,143,Закрыто и не реализовано,2026-09-04T06:20:25.000Z,13268930,Комола (Rooftop hall)
49003819,85378206,Неразобранное,85378210,переговоры,2026-09-04T06:19:17.000Z,13216486,Admin (тех. аккаунт)
49002091,85378206,Неразобранное,85378210,переговоры,2026-09-04T06:12:34.000Z,13216486,Admin (тех. аккаунт)
48996487,85378206,Неразобранное,87644138,Недозвон,2026-09-04T06:10:26.000Z,13216486,Admin (тех. аккаунт)
48993909,85378206,Неразобранное,87644138,Недозвон,2026-09-04T06:07:18.000Z,13216486,Admin (тех. аккаунт)
48985331,85378206,Неразобранное,87644138,Недозвон,2026-09-04T06:05:41.000Z,13216486,Admin (тех. аккаунт)
48963131,85378206,Неразобранное,87644138,Недозвон,2026-09-04T06:04:01.000Z,13216486,Admin (тех. аккаунт)
48951479,85378206,Неразобранное,87644138,Недозвон,2026-09-04T06:02:44.000Z,13216486,Admin (тех. аккаунт)
48946881,85378206,Неразобранное,87644138,Недозвон,2026-09-04T06:00:42.000Z,13216486,Admin (тех. аккаунт)
48924493,85378206,Неразобранное,87644138,Недозвон,2026-09-04T05:48:52.000Z,13216486,Admin (тех. аккаунт)
48923673,85378206,Неразобранное,87644138,Недозвон,2026-09-04T05:47:19.000Z,13216486,Admin (тех. аккаунт)
49141307,82313754,Неразобранное,86701234,Переговоры,2026-09-04T05:44:58.000Z,13268930,Комола (Rooftop hall)
48923081,85378206,Неразобранное,87644138,Недозвон,2026-09-04T05:44:09.000Z,13216486,Admin (тех. аккаунт)
48920997,85378206,Неразобранное,87644138,Недозвон,2026-09-04T05:42:59.000Z,13216486,Admin (тех. аккаунт)
48917303,85378206,Неразобранное,143,Закрыто и не реализовано,2026-09-04T05:41:33.000Z,13216486,Admin (тех. аккаунт)
48912119,85378206,Неразобранное,87644138,Недозвон,2026-09-04T05:36:42.000Z,13216486,Admin (тех. аккаунт)
48911625,85378206,Неразобранное,143,Закрыто и не реализовано,2026-09-04T05:35:45.000Z,13216486,Admin (тех. аккаунт)
48909857,85378206,Неразобранное,143,Закрыто и не реализовано,2026-09-04T05:34:10.000Z,13216486,Admin (тех. аккаунт)
48903565,85378206,Неразобранное,85378210,переговоры,2026-09-04T05:28:20.000Z,13216486,Admin (тех. аккаунт)
49103499,82313754,Неразобранное,143,Закрыто и не реализовано,2026-09-04T05:27:45.000Z,13268930,Комола (Rooftop hall)
49136981,82313754,Неразобранное,143,Закрыто и не реализовано,2026-09-04T05:27:02.000Z,13268930,Комола (Rooftop hall)
49136403,82313754,Неразобранное,143,Закрыто и не реализовано,2026-09-04T05:22:58.000Z,13268930,Комола (Rooftop hall)
48903257,85378206,Неразобранное,87644138,Недозвон,2026-09-04T05:20:30.000Z,13216486,Admin (тех. аккаунт)
49161379,82313754,Неразобранное,85355474,Instagram,2026-09-04T04:38:05.000Z,0,
49156741,82313754,Неразобранное,85355474,Instagram,2026-09-04T00:25:07.000Z,0,
49140505,82313754,Неразобранное,85355474,Instagram,2026-09-03T15:13:10.000Z,0,
49140347,82313754,Неразобранное,85355474,Instagram,2026-09-03T15:09:10.000Z,0,
48985835,87644138,Недозвон,85378210,переговоры,2026-09-03T13:43:46.000Z,13216486,Admin (тех. аккаунт)
48902835,85378206,Неразобранное,87644138,Недозвон,2026-09-03T13:27:40.000Z,13216486,Admin (тех. аккаунт)
48985835,85378206,Неразобранное,87644138,Недозвон,2026-09-03T13:27:04.000Z,13216486,Admin (тех. аккаунт)
48899907,85378206,Неразобранное,85378210,переговоры,2026-09-03T13:26:54.000Z,13216486,Admin (тех. аккаунт)
48879099,85378206,Неразобранное,85378210,переговоры,2026-09-03T13:20:55.000Z,13216486,Admin (тех. аккаунт)
48895727,85378206,Неразобранное,143,Закрыто и не реализовано,2026-09-03T13:20:05.000Z,13216486,Admin (тех. аккаунт)
48877511,85378206,Неразобранное,87644138,Недозвон,2026-09-03T13:13:23.000Z,13216486,Admin (тех. аккаунт)
48877201,85378206,Неразобранное,87644138,Недозвон,2026-09-03T13:11:55.000Z,13216486,Admin (тех. аккаунт)
48870755,85378206,Неразобранное,143,Закрыто и не реализовано,2026-09-03T13:09:30.000Z,13216486,Admin (тех. аккаунт)
49135499,82313754,Неразобранное,85355474,Instagram,2026-09-03T13:09:14.000Z,0,
48865899,85378206,Неразобранное,87644138,Недозвон,2026-09-03T13:07:54.000Z,13216486,Admin (тех. аккаунт)
49135369,82313754,Неразобранное,85355474,Instagram,2026-09-03T13:07:54.000Z,0,
48861127,85378206,Неразобранное,143,Закрыто и не реализовано,2026-09-03T13:06:08.000Z,13216486,Admin (тех. аккаунт)
48859055,85378206,Неразобранное,87644138,Недозвон,2026-09-03T13:03:52.000Z,13216486,Admin (тех. аккаунт)
48857669,85378206,Неразобранное,87644138,Недозвон,2026-09-03T13:01:28.000Z,13216486,Admin (тех. аккаунт)
48856091,85378206,Неразобранное,143,Закрыто и не реализовано,2026-09-03T12:58:53.000Z,13216486,Admin (тех. аккаунт)
49134737,82313754,Неразобранное,85355474,Instagram,2026-09-03T12:54:18.000Z,0,
48853585,85378206,Неразобранное,143,Закрыто и не реализовано,2026-09-03T12:53:56.000Z,13216486,Admin (тех. аккаунт)
48853513,85378206,Неразобранное,143,Закрыто и не реализовано,2026-09-03T12:50:46.000Z,13216486,Admin (тех. аккаунт)
48849437,85378206,Неразобранное,87644138,Недозвон,2026-09-03T12:46:53.000Z,13216486,Admin (тех. аккаунт)
48847493,85378206,Неразобранное,87644138,Недозвон,2026-09-03T12:45:30.000Z,13216486,Admin (тех. аккаунт)
47898931,86701234,Переговоры,143,Закрыто и не реализовано,2026-09-03T12:19:35.000Z,13268930,Комола (Rooftop hall)
49127157,86701234,Переговоры,143,Закрыто и не реализовано,2026-09-03T12:12:02.000Z,13268930,Комола (Rooftop hall)
49130777,85355474,Instagram,143,Закрыто и не реализовано,2026-09-03T12:06:50.000Z,13268930,Комола (Rooftop hall)
49130777,82313754,Неразобранное,85355474,Instagram,2026-09-03T12:06:38.000Z,0,
49130647,82313754,Неразобранное,86701234,Переговоры,2026-09-03T12:05:43.000Z,13268930,Комола (Rooftop hall)
49123169,82313754,Неразобранное,86701234,Переговоры,2026-09-03T11:42:52.000Z,13268930,Комола (Rooftop hall)
49128215,82313754,Неразобранное,85355474,Instagram,2026-09-03T11:19:22.000Z,0,
49032805,85378206,Неразобранное,87644138,Недозвон,2026-09-03T10:31:47.000Z,13216486,Admin (тех. аккаунт)
48848849,85378206,Неразобранное,143,Закрыто и не реализовано,2026-09-03T10:03:43.000Z,13216486,Admin (тех. аккаунт)
48847331,85378206,Неразобранное,87644138,Недозвон,2026-09-03T09:54:26.000Z,13216486,Admin (тех. аккаунт)
48847299,85378206,Неразобранное,87644138,Недозвон,2026-09-03T09:52:33.000Z,13216486,Admin (тех. аккаунт)
49120881,82313754,Неразобранное,143,Закрыто и не реализовано,2026-09-03T09:50:31.000Z,13268930,Комола (Rooftop hall)
49122935,82313754,Неразобранное,143,Закрыто и не реализовано,2026-09-03T09:50:15.000Z,13268930,Комола (Rooftop hall)
48847277,85378206,Неразобранное,85378210,переговоры,2026-09-03T09:47:07.000Z,13216486,Admin (тех. аккаунт)
48992531,85378206,Неразобранное,85378210,переговоры,2026-09-03T09:30:42.000Z,13216486,Admin (тех. аккаунт)
48051369,86701234,Переговоры,143,Закрыто и не реализовано,2026-09-03T07:48:58.000Z,13268930,Комола (Rooftop hall)
49010973,85378206,Неразобранное,143,Закрыто и не реализовано,2026-09-03T07:47:46.000Z,13216486,Admin (тех. аккаунт)
48048521,86701234,Переговоры,143,Закрыто и не реализовано,2026-09-03T07:47:15.000Z,13268930,Комола (Rooftop hall)
48015469,86701234,Переговоры,85346514,Отложенный спрос,2026-09-03T07:36:37.000Z,13268930,Комола (Rooftop hall)
48846665,85378206,Неразобранное,87644138,Недозвон,2026-09-03T07:36:34.000Z,13216486,Admin (тех. аккаунт)
48000127,86701234,Переговоры,143,Закрыто и не реализовано,2026-09-03T07:35:40.000Z,13268930,Комола (Rooftop hall)
47948107,86701234,Переговоры,143,Закрыто и не реализовано,2026-09-03T07:34:57.000Z,13268930,Комола (Rooftop hall)
47983717,86701234,Переговоры,143,Закрыто и не реализовано,2026-09-03T07:31:19.000Z,13268930,Комола (Rooftop hall)
47824151,86701234,Переговоры,143,Закрыто и не реализовано,2026-09-03T07:26:39.000Z,13268930,Комола (Rooftop hall)
46963641,86701234,Переговоры,143,Закрыто и не реализовано,2026-09-03T07:25:34.000Z,13268930,Комола (Rooftop hall)
49112027,86701234,Переговоры,143,Закрыто и не реализовано,2026-09-03T07:23:57.000Z,13268930,Комола (Rooftop hall)
48293119,86701234,Переговоры,143,Закрыто и не реализовано,2026-09-03T07:22:00.000Z,13268930,Комола (Rooftop hall)
49112049,85355474,Instagram,143,Закрыто и не реализовано,2026-09-03T07:12:21.000Z,13268930,Комола (Rooftop hall)
49112049,82313754,Неразобранное,85355474,Instagram,2026-09-03T07:11:15.000Z,0,
49111689,82313754,Неразобранное,86701234,Переговоры,2026-09-03T07:10:42.000Z,13268930,Комола (Rooftop hall)
49107165,86701234,Переговоры,82601126,КП / презентация,2026-09-03T06:39:44.000Z,13268930,Комола (Rooftop hall)
49107165,82313754,Неразобранное,86701234,Переговоры,2026-09-03T06:39:38.000Z,13268930,Комола (Rooftop hall)
49080343,82313754,Неразобранное,86701234,Переговоры,2026-09-03T05:49:11.000Z,13268930,Комола (Rooftop hall)
49103515,82313754,Неразобранное,143,Закрыто и не реализовано,2026-09-03T05:41:22.000Z,13268930,Комола (Rooftop hall)
49103507,86701234,Переговоры,143,Закрыто и не реализовано,2026-09-03T05:39:40.000Z,13268930,Комола (Rooftop hall)
49103507,82313754,Неразобранное,86701234,Переговоры,2026-09-03T05:39:35.000Z,13268930,Комола (Rooftop hall)
49103505,82313754,Неразобранное,143,Закрыто и не реализовано,2026-09-03T05:37:30.000Z,13268930,Комола (Rooftop hall)
48917069,82313754,Неразобранное,143,Закрыто и не реализовано,2026-09-03T05:34:04.000Z,13268930,Комола (Rooftop hall)
49103497,82313754,Неразобранное,143,Закрыто и не реализовано,2026-09-03T05:33:24.000Z,13268930,Комола (Rooftop hall)
49103519,82313754,Неразобранное,143,Закрыто и не реализовано,2026-09-03T05:23:12.000Z,13268930,Комола (Rooftop hall)
49089109,82313754,Неразобранное,143,Закрыто и не реализовано,2026-09-03T05:21:34.000Z,13268930,Комола (Rooftop hall)
49069927,82313754,Неразобранное,85355474,Instagram,2026-09-02T11:36:20.000Z,0,
46512065,85019690,Показ,143,Закрыто и не реализовано,2026-09-02T10:14:59.000Z,13268930,Комола (Rooftop hall)
48918005,86701234,Переговоры,143,Закрыто и не реализовано,2026-09-02T10:14:16.000Z,13268930,Комола (Rooftop hall)
45706151,85019690,Показ,143,Закрыто и не реализовано,2026-09-02T10:07:14.000Z,13268930,Комола (Rooftop hall)
49033793,87644138,Недозвон,85378210,переговоры,2026-09-02T09:56:17.000Z,13216486,Admin (тех. аккаунт)
49033793,85378206,Неразобранное,87644138,Недозвон,2026-09-02T09:54:58.000Z,13216486,Admin (тех. аккаунт)
48980565,82313754,Неразобранное,143,Закрыто и не реализовано,2026-09-02T09:51:49.000Z,13268930,Комола (Rooftop hall)
48325973,85355474,Instagram,143,Закрыто и не реализовано,2026-09-02T09:46:25.000Z,13216486,Admin (тех. аккаунт)
48918005,82313754,Неразобранное,86701234,Переговоры,2026-09-02T09:45:48.000Z,13268930,Комола (Rooftop hall)
48913441,82313754,Неразобранное,143,Закрыто и не реализовано,2026-09-02T09:41:21.000Z,13268930,Комола (Rooftop hall)
48896479,82313754,Неразобранное,143,Закрыто и не реализовано,2026-09-02T09:34:00.000Z,13268930,Комола (Rooftop hall)
48912135,82313754,Неразобранное,143,Закрыто и не реализовано,2026-09-02T09:33:41.000Z,13268930,Комола (Rooftop hall)
49057895,82313754,Неразобранное,86701234,Переговоры,2026-09-02T08:15:44.000Z,0,
47428087,86701234,Переговоры,143,Закрыто и не реализовано,2026-09-02T08:00:47.000Z,13268930,Комола (Rooftop hall)
49056121,82313754,Неразобранное,143,Закрыто и не реализовано,2026-09-02T07:50:29.000Z,13268930,Комола (Rooftop hall)
46984443,86701234,Переговоры,143,Закрыто и не реализовано,2026-09-02T07:50:07.000Z,13268930,Комола (Rooftop hall)
48874357,85378206,Неразобранное,85378210,переговоры,2026-09-02T07:42:32.000Z,13216486,Admin (тех. аккаунт)
48839131,86701234,Переговоры,143,Закрыто и не реализовано,2026-09-02T07:40:34.000Z,13268930,Комола (Rooftop hall)
48837805,85378206,Неразобранное,85378210,переговоры,2026-09-02T07:27:19.000Z,13216486,Admin (тех. аккаунт)
49014015,82313754,Неразобранное,143,Закрыто и не реализовано,2026-09-02T07:07:47.000Z,13268930,Комола (Rooftop hall)
49034229,87644138,Недозвон,143,Закрыто и не реализовано,2026-09-02T07:06:52.000Z,13216486,Admin (тех. аккаунт)
48836995,85378206,Неразобранное,143,Закрыто и не реализовано,2026-09-02T07:04:36.000Z,13216486,Admin (тех. аккаунт)
48953803,82313754,Неразобранное,143,Закрыто и не реализовано,2026-09-02T07:04:11.000Z,13268930,Комола (Rooftop hall)
48913459,82313754,Неразобранное,143,Закрыто и не реализовано,2026-09-02T07:03:15.000Z,13268930,Комола (Rooftop hall)
49034229,85378206,Неразобранное,87644138,Недозвон,2026-09-02T07:03:05.000Z,13216486,Admin (тех. аккаунт)
49042529,85378206,Неразобранное,87644138,Недозвон,2026-09-02T07:01:56.000Z,13216486,Admin (тех. аккаунт)
48937281,82313754,Неразобранное,143,Закрыто и не реализовано,2026-09-02T06:59:41.000Z,13268930,Комола (Rooftop hall)
48952369,82313754,Неразобранное,86701234,Переговоры,2026-09-02T06:59:15.000Z,13268930,Комола (Rooftop hall)
48874507,82313754,Неразобранное,143,Закрыто и не реализовано,2026-09-02T06:53:06.000Z,13268930,Комола (Rooftop hall)
48871551,82313754,Неразобранное,143,Закрыто и не реализовано,2026-09-02T06:52:34.000Z,13268930,Комола (Rooftop hall)
48867237,82313754,Неразобранное,143,Закрыто и не реализовано,2026-09-02T06:51:24.000Z,13268930,Комола (Rooftop hall)
48849593,82313754,Неразобранное,143,Закрыто и не реализовано,2026-09-02T06:50:40.000Z,13268930,Комола (Rooftop hall)
48840537,82313754,Неразобранное,143,Закрыто и не реализовано,2026-09-02T06:42:30.000Z,13268930,Комола (Rooftop hall)
48839131,82313754,Неразобранное,86701234,Переговоры,2026-09-02T06:40:38.000Z,13268930,Комола (Rooftop hall)
48790155,82313754,Неразобранное,143,Закрыто и не реализовано,2026-09-02T06:30:53.000Z,13268930,Комола (Rooftop hall)
49027669,82313754,Неразобранное,85355474,Instagram,2026-09-01T17:56:07.000Z,0,
49002059,82313754,Неразобранное,85355474,Instagram,2026-09-01T08:24:25.000Z,0,
48415921,85378210,переговоры,142,Провели мероприятие (100% оплата),2026-09-01T08:07:43.000Z,13216486,Admin (тех. аккаунт)
48985801,82313754,Неразобранное,85355474,Instagram,2026-08-31T21:46:05.000Z,0,
48967413,82313754,Неразобранное,85355474,Instagram,2026-08-31T14:14:24.000Z,0,
48963691,82313754,Неразобранное,85355474,Instagram,2026-08-31T13:09:22.000Z,0,
48963123,82313754,Неразобранное,86701234,Переговоры,2026-08-31T12:58:43.000Z,0,
48948883,82313754,Неразобранное,86701234,Переговоры,2026-08-31T10:07:17.000Z,0,
48940803,82313754,Неразобранное,85355474,Instagram,2026-08-31T06:09:12.000Z,0,
48925339,82313754,Неразобранное,85355474,Instagram,2026-08-30T19:21:04.000Z,0,
48894989,82313754,Неразобранное,85355474,Instagram,2026-08-30T03:05:04.000Z,0,
48860585,82313754,Неразобранное,86701234,Переговоры,2026-08-29T09:10:36.000Z,0,
48861167,82313754,Неразобранное,85355474,Instagram,2026-08-29T08:55:13.000Z,0,
48859609,82313754,Неразобранное,85355474,Instagram,2026-08-29T08:14:15.000Z,0,
47850213,87644138,Недозвон,143,Закрыто и не реализовано,2026-08-29T07:17:13.000Z,13216486,Admin (тех. аккаунт)
47839729,87644138,Недозвон,143,Закрыто и не реализовано,2026-08-29T07:16:35.000Z,13216486,Admin (тех. аккаунт)
48837919,82313754,Неразобранное,85355474,Instagram,2026-08-28T14:15:14.000Z,0,
48820909,87644138,Недозвон,143,Закрыто и не реализовано,2026-08-28T12:40:24.000Z,13216486,Admin (тех. аккаунт)
48827531,87644138,Недозвон,143,Закрыто и не реализовано,2026-08-28T12:33:21.000Z,13216486,Admin (тех. аккаунт)
48827531,85378206,Неразобранное,87644138,Недозвон,2026-08-28T12:04:56.000Z,13216486,Admin (тех. аккаунт)
48386075,86701234,Переговоры,143,Закрыто и не реализовано,2026-08-28T11:57:03.000Z,13268930,Комола (Rooftop hall)
48826069,82313754,Неразобранное,143,Закрыто и не реализовано,2026-08-28T11:13:11.000Z,13268930,Комола (Rooftop hall)
48824533,85378206,Неразобранное,85378210,переговоры,2026-08-28T10:50:45.000Z,13216486,Admin (тех. аккаунт)
48823399,85378206,Неразобранное,87644138,Недозвон,2026-08-28T10:48:37.000Z,13216486,Admin (тех. аккаунт)
48823159,85378206,Неразобранное,85378210,переговоры,2026-08-28T10:47:47.000Z,13216486,Admin (тех. аккаунт)
48820909,85378206,Неразобранное,87644138,Недозвон,2026-08-28T10:45:16.000Z,13216486,Admin (тех. аккаунт)
48821911,85378206,Неразобранное,143,Закрыто и не реализовано,2026-08-28T10:45:05.000Z,13216486,Admin (тех. аккаунт)
46905451,86701234,Переговоры,143,Закрыто и не реализовано,2026-08-28T10:41:11.000Z,13268930,Комола (Rooftop hall)
46232823,86701234,Переговоры,143,Закрыто и не реализовано,2026-08-28T10:38:25.000Z,13268930,Комола (Rooftop hall)
48412509,86701234,Переговоры,82601130,Согласование договора/сметы,2026-08-28T10:21:34.000Z,13268930,Комола (Rooftop hall)
45905987,86701234,Переговоры,143,Закрыто и не реализовано,2026-08-28T09:54:55.000Z,13268930,Комола (Rooftop hall)
48042149,87644138,Недозвон,85378210,переговоры,2026-08-28T09:42:00.000Z,13216486,Admin (тех. аккаунт)
47981565,87644138,Недозвон,143,Закрыто и не реализовано,2026-08-28T09:38:42.000Z,13216486,Admin (тех. аккаунт)
47911039,87644138,Недозвон,143,Закрыто и не реализовано,2026-08-28T09:37:39.000Z,13216486,Admin (тех. аккаунт)
47843439,87644138,Недозвон,143,Закрыто и не реализовано,2026-08-28T09:34:03.000Z,13216486,Admin (тех. аккаунт)
48411141,86701234,Переговоры,143,Закрыто и не реализовано,2026-08-28T09:33:31.000Z,13268930,Комола (Rooftop hall)
47840255,87644138,Недозвон,143,Закрыто и не реализовано,2026-08-28T09:32:50.000Z,13216486,Admin (тех. аккаунт)
45901019,86701234,Переговоры,143,Закрыто и не реализовано,2026-08-28T09:26:44.000Z,13268930,Комола (Rooftop hall)
47784779,87644138,Недозвон,85378210,переговоры,2026-08-28T09:22:00.000Z,13216486,Admin (тех. аккаунт)
47780685,87644138,Недозвон,143,Закрыто и не реализовано,2026-08-28T09:14:33.000Z,13216486,Admin (тех. аккаунт)
48795409,85378206,Неразобранное,87644138,Недозвон,2026-08-28T09:08:46.000Z,13216486,Admin (тех. аккаунт)
48796669,85378206,Неразобранное,87644138,Недозвон,2026-08-28T09:07:41.000Z,13216486,Admin (тех. аккаунт)
48793945,85378206,Неразобранное,87644138,Недозвон,2026-08-28T09:06:42.000Z,13216486,Admin (тех. аккаунт)
48793355,85378206,Неразобранное,87644138,Недозвон,2026-08-28T09:05:05.000Z,13216486,Admin (тех. аккаунт)
48793037,85378206,Неразобранное,87644138,Недозвон,2026-08-28T09:04:04.000Z,13216486,Admin (тех. аккаунт)
48819283,85378206,Неразобранное,87644138,Недозвон,2026-08-28T09:02:53.000Z,13216486,Admin (тех. аккаунт)
48547125,86701234,Переговоры,143,Закрыто и не реализовано,2026-08-28T09:02:19.000Z,13268930,Комола (Rooftop hall)
48809943,85378206,Неразобранное,85378210,переговоры,2026-08-28T09:01:20.000Z,13216486,Admin (тех. аккаунт)
48814121,82313754,Неразобранное,86701234,Переговоры,2026-08-28T08:59:42.000Z,13268930,Комола (Rooftop hall)
48788705,85378206,Неразобранное,85378210,переговоры,2026-08-28T08:55:09.000Z,13216486,Admin (тех. аккаунт)
48753699,87644138,Недозвон,143,Закрыто и не реализовано,2026-08-28T08:37:04.000Z,13216486,Admin (тех. аккаунт)
48809267,86701234,Переговоры,143,Закрыто и не реализовано,2026-08-28T06:12:41.000Z,13268930,Комола (Rooftop hall)
48809267,82313754,Неразобранное,86701234,Переговоры,2026-08-28T06:12:01.000Z,0,
48410049,86701234,Переговоры,143,Закрыто и не реализовано,2026-08-28T06:03:54.000Z,13268930,Комола (Rooftop hall)
48784031,82313754,Неразобранное,143,Закрыто и не реализовано,2026-08-28T06:03:15.000Z,13268930,Комола (Rooftop hall)
48770465,82313754,Неразобранное,143,Закрыто и не реализовано,2026-08-28T05:58:26.000Z,13268930,Комола (Rooftop hall)
48746807,82313754,Неразобранное,143,Закрыто и не реализовано,2026-08-28T05:51:41.000Z,13268930,Комола (Rooftop hall)
48789557,82313754,Неразобранное,143,Закрыто и не реализовано,2026-08-28T05:46:29.000Z,13268930,Комола (Rooftop hall)
48789009,82313754,Неразобранное,86701234,Переговоры,2026-08-28T05:45:01.000Z,13268930,Комола (Rooftop hall)
48805933,82313754,Неразобранное,143,Закрыто и не реализовано,2026-08-28T05:17:55.000Z,13268930,Комола (Rooftop hall)
48805581,82313754,Неразобранное,143,Закрыто и не реализовано,2026-08-28T05:14:08.000Z,13268930,Комола (Rooftop hall)
48798937,82313754,Неразобранное,143,Закрыто и не реализовано,2026-08-28T05:13:46.000Z,13268930,Комола (Rooftop hall)
48788173,82313754,Неразобранное,143,Закрыто и не реализовано,2026-08-28T05:13:19.000Z,13268930,Комола (Rooftop hall)
48777261,82313754,Неразобранное,86701234,Переговоры,2026-08-27T12:54:18.000Z,13268930,Комола (Rooftop hall)
48766937,85378206,Неразобранное,87644138,Недозвон,2026-08-27T12:10:51.000Z,13216486,Admin (тех. аккаунт)
48754147,85378206,Неразобранное,143,Закрыто и не реализовано,2026-08-27T12:09:30.000Z,13216486,Admin (тех. аккаунт)
48753699,85378206,Неразобранное,87644138,Недозвон,2026-08-27T12:05:09.000Z,13216486,Admin (тех. аккаунт)
48753397,85378206,Неразобранное,85378210,переговоры,2026-08-27T11:51:58.000Z,13216486,Admin (тех. аккаунт)
48777169,82313754,Неразобранное,85355474,Instagram,2026-08-27T11:32:11.000Z,0,
48753361,85378206,Неразобранное,85378210,переговоры,2026-08-27T11:29:27.000Z,13216486,Admin (тех. аккаунт)
48746161,85378206,Неразобранное,143,Закрыто и не реализовано,2026-08-27T11:24:07.000Z,13216486,Admin (тех. аккаунт)
48775919,82313754,Неразобранное,143,Закрыто и не реализовано,2026-08-27T11:05:59.000Z,13268930,Комола (Rooftop hall)
48113985,86701234,Переговоры,143,Закрыто и не реализовано,2026-08-27T10:53:20.000Z,13268930,Комола (Rooftop hall)
48108391,86701234,Переговоры,143,Закрыто и не реализовано,2026-08-27T10:51:59.000Z,13268930,Комола (Rooftop hall)
48073449,86701234,Переговоры,143,Закрыто и не реализовано,2026-08-27T10:48:41.000Z,13268930,Комола (Rooftop hall)
48042177,86701234,Переговоры,143,Закрыто и не реализовано,2026-08-27T10:43:47.000Z,13268930,Комола (Rooftop hall)
48016639,86701234,Переговоры,143,Закрыто и не реализовано,2026-08-27T10:40:24.000Z,13268930,Комола (Rooftop hall)
48000561,86701234,Переговоры,143,Закрыто и не реализовано,2026-08-27T10:39:50.000Z,13268930,Комола (Rooftop hall)
47441293,86701234,Переговоры,143,Закрыто и не реализовано,2026-08-27T10:35:24.000Z,13268930,Комола (Rooftop hall)
48743727,85378206,Неразобранное,143,Закрыто и не реализовано,2026-08-27T10:33:33.000Z,13216486,Admin (тех. аккаунт)
48743371,85378206,Неразобранное,143,Закрыто и не реализовано,2026-08-27T10:31:02.000Z,13216486,Admin (тех. аккаунт)
48742875,85378206,Неразобранное,143,Закрыто и не реализовано,2026-08-27T10:24:53.000Z,13216486,Admin (тех. аккаунт)
48737669,85378206,Неразобранное,143,Закрыто и не реализовано,2026-08-27T10:22:45.000Z,13216486,Admin (тех. аккаунт)
47290011,86701234,Переговоры,143,Закрыто и не реализовано,2026-08-27T10:21:45.000Z,13268930,Комола (Rooftop hall)
48737579,85378206,Неразобранное,143,Закрыто и не реализовано,2026-08-27T10:17:59.000Z,13216486,Admin (тех. аккаунт)
48737059,85378206,Неразобранное,85378210,переговоры,2026-08-27T10:13:15.000Z,13216486,Admin (тех. аккаунт)
48767689,82313754,Неразобранное,82601126,КП / презентация,2026-08-27T10:08:15.000Z,13268930,Комола (Rooftop hall)
32877291,143,Закрыто и не реализовано,143,Закрыто и не реализовано,2026-08-27T10:06:15.000Z,13268930,Комола (Rooftop hall)
48736029,85378206,Неразобранное,85378210,переговоры,2026-08-27T08:53:14.000Z,13216486,Admin (тех. аккаунт)
48734979,85378206,Неразобранное,87644138,Недозвон,2026-08-27T08:30:49.000Z,13216486,Admin (тех. аккаунт)
48716739,87644138,Недозвон,143,Закрыто и не реализовано,2026-08-27T08:28:09.000Z,13216486,Admin (тех. аккаунт)
48734037,85378206,Неразобранное,87644138,Недозвон,2026-08-27T08:26:48.000Z,13216486,Admin (тех. аккаунт)
48724771,85378206,Неразобранное,87644138,Недозвон,2026-08-27T08:25:17.000Z,13216486,Admin (тех. аккаунт)
48716739,85378206,Неразобранное,87644138,Недозвон,2026-08-27T08:24:32.000Z,13216486,Admin (тех. аккаунт)
48711127,85378206,Неразобранное,87644138,Недозвон,2026-08-27T08:23:59.000Z,13216486,Admin (тех. аккаунт)
48697881,85378206,Неразобранное,85378210,переговоры,2026-08-27T08:20:12.000Z,13216486,Admin (тех. аккаунт)
48697061,85378206,Неразобранное,143,Закрыто и не реализовано,2026-08-27T08:19:35.000Z,13216486,Admin (тех. аккаунт)
48692581,85378206,Неразобранное,143,Закрыто и не реализовано,2026-08-27T07:49:10.000Z,13216486,Admin (тех. аккаунт)
48689789,85378206,Неразобранное,87644138,Недозвон,2026-08-27T06:56:13.000Z,13216486,Admin (тех. аккаунт)
47487767,85378210,переговоры,143,Закрыто и не реализовано,2026-08-27T06:53:43.000Z,13216486,Admin (тех. аккаунт)
48672979,85378210,переговоры,85378218,Принимают решение,2026-08-27T06:53:04.000Z,13216486,Admin (тех. аккаунт)
45268515,85346514,Отложенный спрос,143,Закрыто и не реализовано,2026-08-27T06:19:05.000Z,13268930,Комола (Rooftop hall)
48744385,82313754,Неразобранное,86701234,Переговоры,2026-08-27T06:15:37.000Z,13268930,Комола (Rooftop hall)
48740139,82313754,Неразобранное,86701234,Переговоры,2026-08-27T06:08:57.000Z,13268930,Комола (Rooftop hall)
48739685,82313754,Неразобранное,86701234,Переговоры,2026-08-27T06:06:28.000Z,13268930,Комола (Rooftop hall)
48732617,82313754,Неразобранное,143,Закрыто и не реализовано,2026-08-27T06:03:43.000Z,13268930,Комола (Rooftop hall)
48703503,82313754,Неразобранное,143,Закрыто и не реализовано,2026-08-27T06:02:34.000Z,13268930,Комола (Rooftop hall)
48681765,82313754,Неразобранное,143,Закрыто и не реализовано,2026-08-27T06:00:25.000Z,13268930,Комола (Rooftop hall)
48689639,85378206,Неразобранное,85378210,переговоры,2026-08-27T05:51:01.000Z,13216486,Admin (тех. аккаунт)
48686333,85378206,Неразобранное,85378210,переговоры,2026-08-27T05:48:31.000Z,13216486,Admin (тех. аккаунт)
48672979,85378206,Неразобранное,85378210,переговоры,2026-08-27T05:44:29.000Z,13216486,Admin (тех. аккаунт)
48754227,82313754,Неразобранное,86701234,Переговоры,2026-08-27T05:43:16.000Z,13268930,Комола (Rooftop hall)
48664599,85378206,Неразобранное,87644138,Недозвон,2026-08-27T05:42:19.000Z,13216486,Admin (тех. аккаунт)
48659353,85378206,Неразобранное,85378210,переговоры,2026-08-27T05:31:06.000Z,13216486,Admin (тех. аккаунт)
48738385,82313754,Неразобранное,85355474,Instagram,2026-08-26T15:02:35.000Z,0,
48737711,82313754,Неразобранное,85355474,Instagram,2026-08-26T14:44:12.000Z,0,
48666525,86701234,Переговоры,142,Провели мероприятие (100% оплата),2026-08-26T12:38:40.000Z,13268930,Комола (Rooftop hall)
48699439,85378206,Неразобранное,87644138,Недозвон,2026-08-26T12:30:57.000Z,13216486,Admin (тех. аккаунт)
48711873,82313754,Неразобранное,86701234,Переговоры,2026-08-26T12:27:57.000Z,13268930,Комола (Rooftop hall)
48729275,82313754,Неразобранное,143,Закрыто и не реализовано,2026-08-26T12:27:04.000Z,13268930,Комола (Rooftop hall)
48729923,82313754,Неразобранное,85355474,Instagram,2026-08-26T11:53:17.000Z,0,
48711719,86701234,Переговоры,85355474,Instagram,2026-08-26T09:09:32.000Z,0,
48711719,82313754,Неразобранное,86701234,Переговоры,2026-08-26T09:08:38.000Z,13268930,Комола (Rooftop hall)
48707369,82313754,Неразобранное,143,Закрыто и не реализовано,2026-08-26T09:07:07.000Z,13268930,Комола (Rooftop hall)
45799459,86701234,Переговоры,143,Закрыто и не реализовано,2026-08-26T09:03:04.000Z,13268930,Комола (Rooftop hall)
45791553,86701234,Переговоры,143,Закрыто и не реализовано,2026-08-26T09:02:27.000Z,13268930,Комола (Rooftop hall)
45756327,86701234,Переговоры,143,Закрыто и не реализовано,2026-08-26T09:00:47.000Z,13268930,Комола (Rooftop hall)
45721187,86701234,Переговоры,143,Закрыто и не реализовано,2026-08-26T08:57:59.000Z,13268930,Комола (Rooftop hall)
48681989,82313754,Неразобранное,86701234,Переговоры,2026-08-26T07:04:53.000Z,13268930,Комола (Rooftop hall)
48677567,82313754,Неразобранное,86701234,Переговоры,2026-08-26T07:04:06.000Z,13268930,Комола (Rooftop hall)
45500533,86701234,Переговоры,143,Закрыто и не реализовано,2026-08-26T06:16:15.000Z,13268930,Комола (Rooftop hall)
48656255,82313754,Неразобранное,143,Закрыто и не реализовано,2026-08-26T06:00:18.000Z,13268930,Комола (Rooftop hall)
48698507,82313754,Неразобранное,143,Закрыто и не реализовано,2026-08-26T05:59:41.000Z,13268930,Комола (Rooftop hall)
48698463,82313754,Неразобранное,85355474,Instagram,2026-08-26T05:15:12.000Z,0,
48688357,82313754,Неразобранное,85355474,Instagram,2026-08-25T17:52:07.000Z,0,
48678221,82313754,Неразобранное,85355474,Instagram,2026-08-25T13:56:16.000Z,0,
48677821,85378206,Неразобранное,143,Закрыто и не реализовано,2026-08-25T13:48:32.000Z,13216486,Admin (тех. аккаунт)
48675515,82313754,Неразобранное,85355474,Instagram,2026-08-25T12:54:17.000Z,0,
48672147,82313754,Неразобранное,85355474,Instagram,2026-08-25T12:07:58.000Z,0,
48017185,86701234,Переговоры,85019690,Показ,2026-08-25T10:27:38.000Z,13268930,Комола (Rooftop hall)
48597101,82313754,Неразобранное,143,Закрыто и не реализовано,2026-08-25T10:17:12.000Z,13268930,Комола (Rooftop hall)
48361755,86701234,Переговоры,82601126,КП / презентация,2026-08-25T10:15:58.000Z,13268930,Комола (Rooftop hall)
48664573,82313754,Неразобранное,85355474,Instagram,2026-08-25T10:11:24.000Z,0,
45301065,85019690,Показ,143,Закрыто и не реализовано,2026-08-25T10:09:15.000Z,13268930,Комола (Rooftop hall)
41758617,82601130,Согласование договора/сметы,143,Закрыто и не реализовано,2026-08-25T10:03:54.000Z,13268930,Комола (Rooftop hall)
48600849,86701234,Переговоры,143,Закрыто и не реализовано,2026-08-25T08:05:15.000Z,13268930,Комола (Rooftop hall)
47765953,87644138,Недозвон,143,Закрыто и не реализовано,2026-08-25T07:56:20.000Z,13216486,Admin (тех. аккаунт)
47739797,87644138,Недозвон,143,Закрыто и не реализовано,2026-08-25T07:54:58.000Z,13216486,Admin (тех. аккаунт)
47738789,87644138,Недозвон,143,Закрыто и не реализовано,2026-08-25T07:53:43.000Z,13216486,Admin (тех. аккаунт)
48650889,85378206,Неразобранное,87644138,Недозвон,2026-08-25T07:44:14.000Z,13216486,Admin (тех. аккаунт)
48641063,85378206,Неразобранное,87644138,Недозвон,2026-08-25T07:42:46.000Z,13216486,Admin (тех. аккаунт)
48633127,85378206,Неразобранное,85378210,переговоры,2026-08-25T07:41:44.000Z,13216486,Admin (тех. аккаунт)
48653803,82313754,Неразобранное,86701234,Переговоры,2026-08-25T07:39:17.000Z,13268930,Комола (Rooftop hall)
48615519,85378206,Неразобранное,87644138,Недозвон,2026-08-25T07:38:40.000Z,13216486,Admin (тех. аккаунт)
48600849,82313754,Неразобранное,86701234,Переговоры,2026-08-25T07:27:03.000Z,13268930,Комола (Rooftop hall)
48602009,82313754,Неразобранное,86701234,Переговоры,2026-08-25T07:22:25.000Z,13268930,Комола (Rooftop hall)
48592607,82313754,Неразобранное,86701234,Переговоры,2026-08-25T07:17:02.000Z,13268930,Комола (Rooftop hall)
48576955,82313754,Неразобранное,86701234,Переговоры,2026-08-25T07:15:15.000Z,13268930,Комола (Rooftop hall)
48550665,82313754,Неразобранное,143,Закрыто и не реализовано,2026-08-25T07:09:22.000Z,13268930,Комола (Rooftop hall)
48461707,82601126,КП / презентация,85019690,Показ,2026-08-25T07:06:38.000Z,13268930,Комола (Rooftop hall)
48566705,85378206,Неразобранное,87644138,Недозвон,2026-08-24T13:11:20.000Z,13216486,Admin (тех. аккаунт)
48563233,85378206,Неразобранное,85378210,переговоры,2026-08-24T13:03:59.000Z,13216486,Admin (тех. аккаунт)
48562609,85378206,Неразобранное,87644138,Недозвон,2026-08-24T13:02:22.000Z,13216486,Admin (тех. аккаунт)
48559257,85378206,Неразобранное,87644138,Недозвон,2026-08-24T11:14:34.000Z,13216486,Admin (тех. аккаунт)
48557433,85378206,Неразобранное,87644138,Недозвон,2026-08-24T11:13:36.000Z,13216486,Admin (тех. аккаунт)
48552979,85378206,Неразобранное,87644138,Недозвон,2026-08-24T11:12:55.000Z,13216486,Admin (тех. аккаунт)
48549947,85378206,Неразобранное,87644138,Недозвон,2026-08-24T11:11:47.000Z,13216486,Admin (тех. аккаунт)
48546473,85378206,Неразобранное,85378210,переговоры,2026-08-24T11:09:22.000Z,13216486,Admin (тех. аккаунт)
48546111,85378206,Неразобранное,87644138,Недозвон,2026-08-24T11:05:56.000Z,13216486,Admin (тех. аккаунт)
48540951,85378206,Неразобранное,85378210,переговоры,2026-08-24T11:04:38.000Z,13216486,Admin (тех. аккаунт)
48528535,85378206,Неразобранное,87644138,Недозвон,2026-08-24T11:00:43.000Z,13216486,Admin (тех. аккаунт)
48517763,85378206,Неразобранное,85378210,переговоры,2026-08-24T11:00:03.000Z,13216486,Admin (тех. аккаунт)
42248325,85019690,Показ,143,Закрыто и не реализовано,2026-08-24T10:18:02.000Z,13268930,Комола (Rooftop hall)
47920867,82601126,КП / презентация,143,Закрыто и не реализовано,2026-08-24T10:17:40.000Z,13268930,Комола (Rooftop hall)
47894775,82601126,КП / презентация,143,Закрыто и не реализовано,2026-08-24T10:17:11.000Z,13268930,Комола (Rooftop hall)
48424947,86701234,Переговоры,143,Закрыто и не реализовано,2026-08-24T10:16:03.000Z,13268930,Комола (Rooftop hall)
48309813,86701234,Переговоры,143,Закрыто и не реализовано,2026-08-24T10:14:10.000Z,13268930,Комола (Rooftop hall)
48302801,86701234,Переговоры,143,Закрыто и не реализовано,2026-08-24T10:13:51.000Z,13268930,Комола (Rooftop hall)
48049973,86701234,Переговоры,143,Закрыто и не реализовано,2026-08-24T10:13:10.000Z,13268930,Комола (Rooftop hall)
47996337,86701234,Переговоры,143,Закрыто и не реализовано,2026-08-24T10:10:36.000Z,13268930,Комола (Rooftop hall)
47972551,86701234,Переговоры,143,Закрыто и не реализовано,2026-08-24T10:10:18.000Z,13268930,Комола (Rooftop hall)
47268685,86701234,Переговоры,143,Закрыто и не реализовано,2026-08-24T10:09:50.000Z,13268930,Комола (Rooftop hall)
40883181,86701234,Переговоры,143,Закрыто и не реализовано,2026-08-24T10:09:29.000Z,13268930,Комола (Rooftop hall)
48461707,86701234,Переговоры,82601126,КП / презентация,2026-08-24T10:07:47.000Z,13268930,Комола (Rooftop hall)
48516869,85378206,Неразобранное,87644138,Недозвон,2026-08-24T10:02:56.000Z,13216486,Admin (тех. аккаунт)
48516455,85378206,Неразобранное,143,Закрыто и не реализовано,2026-08-24T10:01:55.000Z,13216486,Admin (тех. аккаунт)
48515373,85378206,Неразобранное,87644138,Недозвон,2026-08-24T10:00:09.000Z,13216486,Admin (тех. аккаунт)
48507525,87644138,Недозвон,85378210,переговоры,2026-08-24T09:58:57.000Z,13216486,Admin (тех. аккаунт)
48507525,85378206,Неразобранное,87644138,Недозвон,2026-08-24T09:56:14.000Z,13216486,Admin (тех. аккаунт)
48501445,85378206,Неразобранное,143,Закрыто и не реализовано,2026-08-24T09:09:50.000Z,13216486,Admin (тех. аккаунт)
48496955,85378206,Неразобранное,87644138,Недозвон,2026-08-24T08:19:53.000Z,13216486,Admin (тех. аккаунт)
48494853,85378206,Неразобранное,87644138,Недозвон,2026-08-24T08:18:58.000Z,13216486,Admin (тех. аккаунт)
48494841,85378206,Неразобранное,87644138,Недозвон,2026-08-24T08:17:15.000Z,13216486,Admin (тех. аккаунт)
48509429,85355474,Instagram,82601126,КП / презентация,2026-08-24T08:14:18.000Z,13268930,Комола (Rooftop hall)
48533127,86701234,Переговоры,82601126,КП / презентация,2026-08-24T08:10:33.000Z,13268930,Комола (Rooftop hall)
48580493,86701234,Переговоры,82601126,КП / презентация,2026-08-24T08:09:49.000Z,13268930,Комола (Rooftop hall)
48494593,85378206,Неразобранное,85378210,переговоры,2026-08-24T08:09:05.000Z,13216486,Admin (тех. аккаунт)
48494139,85378206,Неразобранное,143,Закрыто и не реализовано,2026-08-24T08:06:19.000Z,13216486,Admin (тех. аккаунт)
48580493,82313754,Неразобранное,86701234,Переговоры,2026-08-24T07:50:45.000Z,13268930,Комола (Rooftop hall)
48492219,85378206,Неразобранное,87644138,Недозвон,2026-08-24T07:30:08.000Z,13216486,Admin (тех. аккаунт)
48410043,143,Закрыто и не реализовано,142,Провели мероприятие (100% оплата),2026-08-24T07:22:53.000Z,13268930,Комола (Rooftop hall)
48491763,85378206,Неразобранное,143,Закрыто и не реализовано,2026-08-24T07:19:39.000Z,13216486,Admin (тех. аккаунт)
48490143,85378206,Неразобранное,87644138,Недозвон,2026-08-24T07:17:23.000Z,13216486,Admin (тех. аккаунт)
48451175,85378206,Неразобранное,87644138,Недозвон,2026-08-24T07:16:46.000Z,13216486,Admin (тех. аккаунт)
48548349,82313754,Неразобранное,143,Закрыто и не реализовано,2026-08-24T06:16:19.000Z,13268930,Комола (Rooftop hall)
48544783,82313754,Неразобранное,86701234,Переговоры,2026-08-24T06:14:12.000Z,13268930,Комола (Rooftop hall)
48533127,82313754,Неразобранное,86701234,Переговоры,2026-08-24T06:08:04.000Z,13268930,Комола (Rooftop hall)
48517177,82313754,Неразобранное,143,Закрыто и не реализовано,2026-08-24T06:04:55.000Z,13268930,Комола (Rooftop hall)
48516583,82313754,Неразобранное,143,Закрыто и не реализовано,2026-08-24T05:57:15.000Z,13268930,Комола (Rooftop hall)
48515473,82313754,Неразобранное,143,Закрыто и не реализовано,2026-08-24T05:55:40.000Z,13268930,Комола (Rooftop hall)
48517529,82313754,Неразобранное,86701234,Переговоры,2026-08-24T05:50:20.000Z,13268930,Комола (Rooftop hall)
48516581,82313754,Неразобранное,143,Закрыто и не реализовано,2026-08-24T05:43:36.000Z,13268930,Комола (Rooftop hall)
48513637,82313754,Неразобранное,143,Закрыто и не реализовано,2026-08-24T05:42:10.000Z,13268930,Комола (Rooftop hall)
48545521,82313754,Неразобранное,86701234,Переговоры,2026-08-24T05:22:18.000Z,13268930,Комола (Rooftop hall)
48549747,82313754,Неразобранное,86701234,Переговоры,2026-08-24T05:21:14.000Z,13268930,Комола (Rooftop hall)
48569657,82313754,Неразобранное,143,Закрыто и не реализовано,2026-08-24T05:18:46.000Z,13268930,Комола (Rooftop hall)
48553767,82313754,Неразобранное,85355474,Instagram,2026-08-23T13:04:18.000Z,0,
48551857,82313754,Неразобранное,85355474,Instagram,2026-08-23T11:59:09.000Z,0,
48549485,82313754,Неразобранное,85355474,Instagram,2026-08-23T10:47:11.000Z,0,
48547125,82313754,Неразобранное,86701234,Переговоры,2026-08-23T09:39:02.000Z,0,
48544295,82313754,Неразобранное,85355474,Instagram,2026-08-23T08:12:16.000Z,0,
48537239,82313754,Неразобранное,85355474,Instagram,2026-08-23T03:19:04.000Z,0,
48527171,82313754,Неразобранное,85355474,Instagram,2026-08-22T16:32:08.000Z,0,
48525083,82313754,Неразобранное,85355474,Instagram,2026-08-22T15:22:11.000Z,0,
48509677,82313754,Неразобранное,143,Закрыто и не реализовано,2026-08-22T09:42:37.000Z,13268930,Комола (Rooftop hall)
48511881,82313754,Неразобранное,143,Закрыто и не реализовано,2026-08-22T09:42:10.000Z,13268930,Комола (Rooftop hall)
48511731,82313754,Неразобранное,86701234,Переговоры,2026-08-22T09:40:14.000Z,13268930,Комола (Rooftop hall)
48488829,82313754,Неразобранное,143,Закрыто и не реализовано,2026-08-22T09:37:21.000Z,13268930,Комола (Rooftop hall)
48512679,82313754,Неразобранное,85355474,Instagram,2026-08-22T09:25:13.000Z,0,
48449347,82313754,Неразобранное,86701234,Переговоры,2026-08-21T13:02:04.000Z,13268930,Комола (Rooftop hall)
48470047,82313754,Неразобранное,86701234,Переговоры,2026-08-21T13:01:00.000Z,13268930,Комола (Rooftop hall)
48461707,82313754,Неразобранное,86701234,Переговоры,2026-08-21T09:48:06.000Z,13268930,Комола (Rooftop hall)
47864619,85019690,Показ,143,Закрыто и не реализовано,2026-08-21T09:33:47.000Z,13268930,Комола (Rooftop hall)
47675177,82601130,Согласование договора/сметы,143,Закрыто и не реализовано,2026-08-21T09:33:20.000Z,13268930,Комола (Rooftop hall)
48053845,82601130,Согласование договора/сметы,143,Закрыто и не реализовано,2026-08-21T09:33:03.000Z,13268930,Комола (Rooftop hall)
48446543,82313754,Неразобранное,86701234,Переговоры,2026-08-21T09:32:45.000Z,13268930,Комола (Rooftop hall)
48450017,82313754,Неразобранное,85355474,Instagram,2026-08-21T08:15:25.000Z,0,
48423591,85378206,Неразобранное,87644138,Недозвон,2026-08-21T07:43:51.000Z,13216486,Admin (тех. аккаунт)
48427073,85378206,Неразобранное,87644138,Недозвон,2026-08-21T07:42:42.000Z,13216486,Admin (тех. аккаунт)
48444715,82313754,Неразобранное,143,Закрыто и не реализовано,2026-08-21T07:21:13.000Z,13268930,Комола (Rooftop hall)
48446127,85378206,Неразобранное,85378210,переговоры,2026-08-21T07:19:03.000Z,13216486,Admin (тех. аккаунт)
48442459,82313754,Неразобранное,143,Закрыто и не реализовано,2026-08-21T06:36:52.000Z,13268930,Комола (Rooftop hall)
48422059,85378206,Неразобранное,143,Закрыто и не реализовано,2026-08-21T06:35:13.000Z,13216486,Admin (тех. аккаунт)
48421549,85378206,Неразобранное,143,Закрыто и не реализовано,2026-08-21T06:30:26.000Z,13216486,Admin (тех. аккаунт)
48421055,82313754,Неразобранное,86701234,Переговоры,2026-08-21T06:23:34.000Z,0,
48415921,85378206,Неразобранное,85378210,переговоры,2026-08-21T06:21:31.000Z,13216486,Admin (тех. аккаунт)
48415737,85378206,Неразобранное,85378210,переговоры,2026-08-21T06:17:00.000Z,13216486,Admin (тех. аккаунт)
48415229,85378206,Неразобранное,143,Закрыто и не реализовано,2026-08-21T06:14:50.000Z,13216486,Admin (тех. аккаунт)
48424947,82313754,Неразобранное,86701234,Переговоры,2026-08-21T06:08:16.000Z,13268930,Комола (Rooftop hall)
48416375,82313754,Неразобранное,86701234,Переговоры,2026-08-21T06:05:08.000Z,13268930,Комола (Rooftop hall)
48437403,82313754,Неразобранное,85355474,Instagram,2026-08-21T04:41:06.000Z,0,
48415561,82313754,Неразобранное,85355474,Instagram,2026-08-20T14:18:14.000Z,0,
48411787,82313754,Неразобранное,143,Закрыто и не реализовано,2026-08-20T13:11:13.000Z,13268930,Комола (Rooftop hall)
48403805,82313754,Неразобранное,143,Закрыто и не реализовано,2026-08-20T13:10:35.000Z,13268930,Комола (Rooftop hall)
48410043,82313754,Неразобранное,143,Закрыто и не реализовано,2026-08-20T13:10:09.000Z,13268930,Комола (Rooftop hall)
48410161,82313754,Неразобранное,143,Закрыто и не реализовано,2026-08-20T13:09:54.000Z,13268930,Комола (Rooftop hall)
48405281,82313754,Неразобранное,143,Закрыто и не реализовано,2026-08-20T13:08:22.000Z,13268930,Комола (Rooftop hall)
48394931,87644138,Недозвон,143,Закрыто и не реализовано,2026-08-20T12:34:00.000Z,13216486,Admin (тех. аккаунт)
48409149,85378206,Неразобранное,85378210,переговоры,2026-08-20T12:33:29.000Z,13216486,Admin (тех. аккаунт)
48407307,143,Закрыто и не реализовано,85378210,переговоры,2026-08-20T12:24:28.000Z,13216486,Admin (тех. аккаунт)
48407307,85378206,Неразобранное,143,Закрыто и не реализовано,2026-08-20T12:24:21.000Z,13216486,Admin (тех. аккаунт)
48396253,85378206,Неразобранное,85378210,переговоры,2026-08-20T11:49:37.000Z,13216486,Admin (тех. аккаунт)
48348309,86701234,Переговоры,143,Закрыто и не реализовано,2026-08-20T10:23:26.000Z,13268930,Комола (Rooftop hall)
48250579,85019690,Показ,82601130,Согласование договора/сметы,2026-08-20T10:18:29.000Z,13268930,Комола (Rooftop hall)
48250579,86701234,Переговоры,85019690,Показ,2026-08-20T10:18:19.000Z,13268930,Комола (Rooftop hall)
46613531,85019690,Показ,82601130,Согласование договора/сметы,2026-08-20T10:17:16.000Z,13268930,Комола (Rooftop hall)
47675177,85019690,Показ,82601130,Согласование договора/сметы,2026-08-20T10:17:10.000Z,13268930,Комола (Rooftop hall)
48053845,85019690,Показ,82601130,Согласование договора/сметы,2026-08-20T10:17:03.000Z,13268930,Комола (Rooftop hall)
48400611,82313754,Неразобранное,86701234,Переговоры,2026-08-20T09:42:34.000Z,13268930,Комола (Rooftop hall)
48396415,82313754,Неразобранное,143,Закрыто и не реализовано,2026-08-20T09:41:58.000Z,13268930,Комола (Rooftop hall)
48393461,82313754,Неразобранное,143,Закрыто и не реализовано,2026-08-20T09:32:12.000Z,13268930,Комола (Rooftop hall)
48395573,82313754,Неразобранное,85355474,Instagram,2026-08-20T08:20:22.000Z,0,
47765399,85378210,переговоры,143,Закрыто и не реализовано,2026-08-20T08:09:13.000Z,13216486,Admin (тех. аккаунт)
48394931,85378206,Неразобранное,87644138,Недозвон,2026-08-20T08:06:48.000Z,13216486,Admin (тех. аккаунт)
47764715,85378210,переговоры,143,Закрыто и не реализовано,2026-08-20T08:05:48.000Z,13216486,Admin (тех. аккаунт)
47763461,85378210,переговоры,143,Закрыто и не реализовано,2026-08-20T08:04:37.000Z,13216486,Admin (тех. аккаунт)
47746921,85378210,переговоры,143,Закрыто и не реализовано,2026-08-20T08:03:03.000Z,13216486,Admin (тех. аккаунт)
47735633,85378210,переговоры,143,Закрыто и не реализовано,2026-08-20T07:59:42.000Z,13216486,Admin (тех. аккаунт)
47727485,85378210,переговоры,143,Закрыто и не реализовано,2026-08-20T07:57:54.000Z,13216486,Admin (тех. аккаунт)
47724149,85378210,переговоры,143,Закрыто и не реализовано,2026-08-20T07:57:17.000Z,13216486,Admin (тех. аккаунт)
47665405,85378210,переговоры,143,Закрыто и не реализовано,2026-08-20T07:54:45.000Z,13216486,Admin (тех. аккаунт)
48205135,82313754,Неразобранное,143,Закрыто и не реализовано,2026-08-20T07:35:05.000Z,13268930,Комола (Rooftop hall)
48392779,85378206,Неразобранное,143,Закрыто и не реализовано,2026-08-20T07:34:00.000Z,13216486,Admin (тех. аккаунт)
48171411,82313754,Неразобранное,143,Закрыто и не реализовано,2026-08-20T07:33:14.000Z,13268930,Комола (Rooftop hall)
48389519,82313754,Неразобранное,143,Закрыто и не реализовано,2026-08-20T06:38:12.000Z,13268930,Комола (Rooftop hall)
48373181,82313754,Неразобранное,86701234,Переговоры,2026-08-20T06:22:51.000Z,13268930,Комола (Rooftop hall)
48317995,82313754,Неразобранное,143,Закрыто и не реализовано,2026-08-20T06:15:59.000Z,13268930,Комола (Rooftop hall)
48351653,82313754,Неразобранное,143,Закрыто и не реализовано,2026-08-20T06:15:38.000Z,13268930,Комола (Rooftop hall)
48367121,82313754,Неразобранное,143,Закрыто и не реализовано,2026-08-20T06:15:23.000Z,13268930,Комола (Rooftop hall)
48386075,82313754,Неразобранное,86701234,Переговоры,2026-08-20T06:13:34.000Z,13268930,Комола (Rooftop hall)
48384493,82313754,Неразобранное,86701234,Переговоры,2026-08-20T06:12:33.000Z,13268930,Комола (Rooftop hall)
48366787,82313754,Неразобранное,143,Закрыто и не реализовано,2026-08-20T06:11:08.000Z,13268930,Комола (Rooftop hall)
47347339,85378218,Принимают решение,143,Закрыто и не реализовано,2026-08-20T04:58:45.000Z,13216486,Admin (тех. аккаунт)
47198200,85378218,Принимают решение,143,Закрыто и не реализовано,2026-08-20T04:58:29.000Z,13216486,Admin (тех. аккаунт)
47184775,85378218,Принимают решение,143,Закрыто и не реализовано,2026-08-20T04:58:14.000Z,13216486,Admin (тех. аккаунт)
48381239,82313754,Неразобранное,85355474,Instagram,2026-08-20T00:28:05.000Z,0,
48379153,82313754,Неразобранное,85355474,Instagram,2026-08-19T19:53:06.000Z,0,
48377427,82313754,Неразобранное,85355474,Instagram,2026-08-19T18:26:18.000Z,0,
48372927,82313754,Неразобранное,85355474,Instagram,2026-08-19T16:19:12.000Z,0,
48363785,82313754,Неразобранное,86701234,Переговоры,2026-08-19T13:01:58.000Z,13268930,Комола (Rooftop hall)
47714969,87644138,Недозвон,143,Закрыто и не реализовано,2026-08-19T13:01:46.000Z,13216486,Admin (тех. аккаунт)
48363575,85378206,Неразобранное,87644138,Недозвон,2026-08-19T13:01:15.000Z,13216486,Admin (тех. аккаунт)
48361755,82313754,Неразобранное,86701234,Переговоры,2026-08-19T13:01:00.000Z,13268930,Комола (Rooftop hall)
48356989,86701234,Переговоры,143,Закрыто и не реализовано,2026-08-19T12:46:57.000Z,13268930,Комола (Rooftop hall)
47404605,85378210,переговоры,143,Закрыто и не реализовано,2026-08-19T12:40:07.000Z,13216486,Admin (тех. аккаунт)
47690303,87644138,Недозвон,143,Закрыто и не реализовано,2026-08-19T12:07:36.000Z,13216486,Admin (тех. аккаунт)
47673801,87644138,Недозвон,143,Закрыто и не реализовано,2026-08-19T12:06:25.000Z,13216486,Admin (тех. аккаунт)
47672947,87644138,Недозвон,143,Закрыто и не реализовано,2026-08-19T12:03:29.000Z,13216486,Admin (тех. аккаунт)
47621911,87644138,Недозвон,143,Закрыто и не реализовано,2026-08-19T12:02:08.000Z,13216486,Admin (тех. аккаунт)
47590921,87644138,Недозвон,143,Закрыто и не реализовано,2026-08-19T12:01:20.000Z,13216486,Admin (тех. аккаунт)
47590067,87644138,Недозвон,143,Закрыто и не реализовано,2026-08-19T12:00:13.000Z,13216486,Admin (тех. аккаунт)
48093475,87644138,Недозвон,143,Закрыто и не реализовано,2026-08-19T11:59:28.000Z,13216486,Admin (тех. аккаунт)
48121161,87644138,Недозвон,85378210,переговоры,2026-08-19T11:35:40.000Z,13216486,Admin (тех. аккаунт)
48162079,87644138,Недозвон,143,Закрыто и не реализовано,2026-08-19T11:31:59.000Z,13216486,Admin (тех. аккаунт)
48356739,82313754,Неразобранное,86701234,Переговоры,2026-08-19T10:58:46.000Z,13268930,Комола (Rooftop hall)
48348813,82313754,Неразобранное,86701234,Переговоры,2026-08-19T10:46:50.000Z,13268930,Комола (Rooftop hall)
48354499,82313754,Неразобранное,143,Закрыто и не реализовано,2026-08-19T10:42:50.000Z,13268930,Комола (Rooftop hall)
48204109,87644138,Недозвон,85378210,переговоры,2026-08-19T10:34:58.000Z,13216486,Admin (тех. аккаунт)
48352299,82313754,Неразобранное,143,Закрыто и не реализовано,2026-08-19T10:30:03.000Z,13268930,Комола (Rooftop hall)
48351657,82313754,Неразобранное,143,Закрыто и не реализовано,2026-08-19T10:29:09.000Z,13268930,Комола (Rooftop hall)
48338175,87644138,Недозвон,143,Закрыто и не реализовано,2026-08-19T10:21:38.000Z,13216486,Admin (тех. аккаунт)
47324651,85378210,переговоры,143,Закрыто и не реализовано,2026-08-19T10:20:22.000Z,13216486,Admin (тех. аккаунт)
48354669,82313754,Неразобранное,85355474,Instagram,2026-08-19T09:58:16.000Z,0,
48347659,85378206,Неразобранное,85378210,переговоры,2026-08-19T09:12:58.000Z,13216486,Admin (тех. аккаунт)
48345313,85378206,Неразобранное,85378210,переговоры,2026-08-19T09:08:20.000Z,13216486,Admin (тех. аккаунт)
48344641,85378206,Неразобранное,143,Закрыто и не реализовано,2026-08-19T09:04:30.000Z,13216486,Admin (тех. аккаунт)
48338175,85378206,Неразобранное,87644138,Недозвон,2026-08-19T08:50:48.000Z,13216486,Admin (тех. аккаунт)
48349143,82313754,Неразобранное,85355474,Instagram,2026-08-19T08:22:31.000Z,0,
48328561,85378206,Неразобранное,143,Закрыто и не реализовано,2026-08-19T08:21:08.000Z,13216486,Admin (тех. аккаунт)
48347323,82313754,Неразобранное,85355474,Instagram,2026-08-19T07:50:20.000Z,0,
48284807,82313754,Неразобранное,143,Закрыто и не реализовано,2026-08-19T07:32:51.000Z,13268930,Комола (Rooftop hall)
48284865,82313754,Неразобранное,143,Закрыто и не реализовано,2026-08-19T07:32:27.000Z,13268930,Комола (Rooftop hall)
48345703,82313754,Неразобранное,143,Закрыто и не реализовано,2026-08-19T07:32:05.000Z,13268930,Комола (Rooftop hall)
48344203,82313754,Неразобранное,85346514,Отложенный спрос,2026-08-19T07:31:25.000Z,13268930,Комола (Rooftop hall)
48343873,82313754,Неразобранное,82601126,КП / презентация,2026-08-19T07:30:38.000Z,13268930,Комола (Rooftop hall)
48341513,82313754,Неразобранное,143,Закрыто и не реализовано,2026-08-19T07:29:22.000Z,13268930,Комола (Rooftop hall)
46613531,82601126,КП / презентация,85019690,Показ,2026-08-19T05:49:25.000Z,13268930,Комола (Rooftop hall)
48339765,82313754,Неразобранное,85355474,Instagram,2026-08-19T05:46:12.000Z,0,
48337795,82313754,Неразобранное,85355474,Instagram,2026-08-19T04:53:05.000Z,0,
48335661,82313754,Неразобранное,85355474,Instagram,2026-08-19T04:20:09.000Z,0,
48328127,82313754,Неразобранное,85355474,Instagram,2026-08-18T18:42:06.000Z,0,
48325973,82313754,Неразобранное,85355474,Instagram,2026-08-18T17:36:06.000Z,0,
48325873,82313754,Неразобранное,85355474,Instagram,2026-08-18T17:33:07.000Z,0,
48324659,82313754,Неразобранное,85355474,Instagram,2026-08-18T16:55:09.000Z,0,
47768147,85378210,переговоры,143,Закрыто и не реализовано,2026-08-18T13:46:27.000Z,13216486,Admin (тех. аккаунт)
48051369,82313754,Неразобранное,86701234,Переговоры,2026-08-18T12:37:35.000Z,13268930,Комола (Rooftop hall)
48311681,82313754,Неразобранное,86701234,Переговоры,2026-08-18T12:30:05.000Z,13268930,Комола (Rooftop hall)
47874075,82313766,Предполата / бронирование,142,Провели мероприятие (100% оплата),2026-08-18T12:27:54.000Z,13268930,Комола (Rooftop hall)
48309813,82313754,Неразобранное,86701234,Переговоры,2026-08-18T12:16:55.000Z,13268930,Комола (Rooftop hall)
48302801,82313754,Неразобранное,86701234,Переговоры,2026-08-18T12:13:59.000Z,13268930,Комола (Rooftop hall)
47782329,85378210,переговоры,143,Закрыто и не реализовано,2026-08-18T11:55:22.000Z,13216486,Admin (тех. аккаунт)
47766699,85378210,переговоры,143,Закрыто и не реализовано,2026-08-18T11:51:08.000Z,13216486,Admin (тех. аккаунт)
48293631,82313754,Неразобранное,86701234,Переговоры,2026-08-18T11:39:02.000Z,13268930,Комола (Rooftop hall)
48298115,82313754,Неразобранное,143,Закрыто и не реализовано,2026-08-18T11:38:12.000Z,13268930,Комола (Rooftop hall)
47844869,85378210,переговоры,85378218,Принимают решение,2026-08-18T11:21:38.000Z,13216486,Admin (тех. аккаунт)
47835839,85378210,переговоры,143,Закрыто и не реализовано,2026-08-18T10:24:23.000Z,13216486,Admin (тех. аккаунт)
47982721,85378210,переговоры,143,Закрыто и не реализовано,2026-08-18T09:46:56.000Z,13216486,Admin (тех. аккаунт)
47989899,85378210,переговоры,85378218,Принимают решение,2026-08-18T09:45:24.000Z,13216486,Admin (тех. аккаунт)
48032987,85378210,переговоры,143,Закрыто и не реализовано,2026-08-18T09:43:19.000Z,13216486,Admin (тех. аккаунт)
48071541,85378210,переговоры,143,Закрыто и не реализовано,2026-08-18T09:41:16.000Z,13216486,Admin (тех. аккаунт)
48099109,85378210,переговоры,143,Закрыто и не реализовано,2026-08-18T09:22:49.000Z,13216486,Admin (тех. аккаунт)
47403149,85378218,Принимают решение,143,Закрыто и не реализовано,2026-08-18T09:17:23.000Z,13216486,Admin (тех. аккаунт)
47469441,85378218,Принимают решение,143,Закрыто и не реализовано,2026-08-18T09:15:44.000Z,13216486,Admin (тех. аккаунт)
47565303,85378218,Принимают решение,143,Закрыто и не реализовано,2026-08-18T09:14:27.000Z,13216486,Admin (тех. аккаунт)
47312745,85378218,Принимают решение,143,Закрыто и не реализовано,2026-08-18T09:13:19.000Z,13216486,Admin (тех. аккаунт)
48296711,82313754,Неразобранное,85355474,Instagram,2026-08-18T09:06:15.000Z,0,
47305279,85378218,Принимают решение,143,Закрыто и не реализовано,2026-08-18T08:51:49.000Z,13216486,Admin (тех. аккаунт)
47246985,85378218,Принимают решение,143,Закрыто и не реализовано,2026-08-18T08:51:03.000Z,13216486,Admin (тех. аккаунт)
48293095,82313754,Неразобранное,85355474,Instagram,2026-08-18T08:06:54.000Z,0,
47242239,85378218,Принимают решение,143,Закрыто и не реализовано,2026-08-18T07:39:12.000Z,13216486,Admin (тех. аккаунт)
48264465,82313754,Неразобранное,143,Закрыто и не реализовано,2026-08-18T07:36:20.000Z,13268930,Комола (Rooftop hall)
48284877,82313754,Неразобранное,143,Закрыто и не реализовано,2026-08-18T07:21:33.000Z,13268930,Комола (Rooftop hall)
48284873,82313754,Неразобранное,86701234,Переговоры,2026-08-18T07:19:10.000Z,13268930,Комола (Rooftop hall)
48204109,85378206,Неразобранное,87644138,Недозвон,2026-08-18T07:15:07.000Z,13216486,Admin (тех. аккаунт)
48202849,85378206,Неразобранное,87644138,Недозвон,2026-08-18T07:13:52.000Z,13216486,Admin (тех. аккаунт)
48195561,85378206,Неразобранное,85378210,переговоры,2026-08-18T07:12:21.000Z,13216486,Admin (тех. аккаунт)
48194143,85378206,Неразобранное,85378210,переговоры,2026-08-18T07:03:14.000Z,13216486,Admin (тех. аккаунт)
48284831,82313754,Неразобранное,143,Закрыто и не реализовано,2026-08-18T07:00:56.000Z,13268930,Комола (Rooftop hall)
48194137,85378206,Неразобранное,143,Закрыто и не реализовано,2026-08-18T07:00:01.000Z,13216486,Admin (тех. аккаунт)
48284815,82313754,Неразобранное,143,Закрыто и не реализовано,2026-08-18T06:59:37.000Z,13268930,Комола (Rooftop hall)
48284813,82313754,Неразобранное,86701234,Переговоры,2026-08-18T06:56:51.000Z,13268930,Комола (Rooftop hall)
48284809,82313754,Неразобранное,143,Закрыто и не реализовано,2026-08-18T06:51:45.000Z,13268930,Комола (Rooftop hall)
48176823,82313754,Неразобранное,143,Закрыто и не реализовано,2026-08-18T06:35:16.000Z,13268930,Комола (Rooftop hall)
48260849,82313754,Неразобранное,86701234,Переговоры,2026-08-18T06:30:33.000Z,13268930,Комола (Rooftop hall)
48235117,82313754,Неразобранное,86701234,Переговоры,2026-08-18T06:25:31.000Z,13268930,Комола (Rooftop hall)
48250579,82313754,Неразобранное,86701234,Переговоры,2026-08-18T06:20:00.000Z,13268930,Комола (Rooftop hall)
48226363,82313754,Неразобранное,86701234,Переговоры,2026-08-18T06:18:35.000Z,13268930,Комола (Rooftop hall)
48262201,82313754,Неразобранное,143,Закрыто и не реализовано,2026-08-18T06:10:47.000Z,13268930,Комола (Rooftop hall)
48180513,82313754,Неразобранное,143,Закрыто и не реализовано,2026-08-18T06:10:33.000Z,13268930,Комола (Rooftop hall)
48167075,82313754,Неразобранное,143,Закрыто и не реализовано,2026-08-18T06:01:15.000Z,13268930,Комола (Rooftop hall)
48149019,82313754,Неразобранное,86701234,Переговоры,2026-08-18T05:58:33.000Z,13268930,Комола (Rooftop hall)
48077965,82313754,Неразобранное,143,Закрыто и не реализовано,2026-08-18T05:50:19.000Z,13268930,Комола (Rooftop hall)
48071347,82313754,Неразобранное,143,Закрыто и не реализовано,2026-08-18T05:43:45.000Z,13268930,Комола (Rooftop hall)
48032089,82313754,Неразобранное,143,Закрыто и не реализовано,2026-08-18T05:41:23.000Z,13268930,Комола (Rooftop hall)
48147055,82313754,Неразобранное,143,Закрыто и не реализовано,2026-08-18T05:33:07.000Z,13268930,Комола (Rooftop hall)
48141287,82313754,Неразобранное,143,Закрыто и не реализовано,2026-08-18T05:31:39.000Z,13268930,Комола (Rooftop hall)
48232501,86701234,Переговоры,143,Закрыто и не реализовано,2026-08-18T05:18:06.000Z,13268930,Комола (Rooftop hall)
48280475,82313754,Неразобранное,85355474,Instagram,2026-08-18T05:11:09.000Z,0,
48278479,82313754,Неразобранное,85355474,Instagram,2026-08-18T04:23:09.000Z,0,
48275295,82313754,Неразобранное,85355474,Instagram,2026-08-18T01:35:04.000Z,0,
48262167,82313754,Неразобранное,85355474,Instagram,2026-08-17T15:09:21.000Z,0,
48261405,82313754,Неразобранное,85355474,Instagram,2026-08-17T14:51:13.000Z,0,
48258705,82313754,Неразобранное,85355474,Instagram,2026-08-17T13:48:16.000Z,0,
48176289,85378206,Неразобранное,85378210,переговоры,2026-08-17T11:22:40.000Z,13216486,Admin (тех. аккаунт)
48170769,85378210,переговоры,85378218,Принимают решение,2026-08-17T11:20:46.000Z,13216486,Admin (тех. аккаунт)
48170769,85378206,Неразобранное,85378210,переговоры,2026-08-17T08:48:16.000Z,13216486,Admin (тех. аккаунт)
48167455,85378206,Неразобранное,85378210,переговоры,2026-08-17T08:36:41.000Z,13216486,Admin (тех. аккаунт)
48162079,85378206,Неразобранное,87644138,Недозвон,2026-08-17T08:07:06.000Z,13216486,Admin (тех. аккаунт)
48220725,82313754,Неразобранное,85355474,Instagram,2026-08-17T05:15:10.000Z,0,
48214153,82313754,Неразобранное,85355474,Instagram,2026-08-16T22:29:04.000Z,0,
48205073,82313754,Неразобранное,85355474,Instagram,2026-08-16T17:34:07.000Z,0,
48204675,82313754,Неразобранное,85355474,Instagram,2026-08-16T17:21:30.000Z,0,
48189749,82313754,Неразобранное,85355474,Instagram,2026-08-16T10:31:08.000Z,0,
48188129,82313754,Неразобранное,85355474,Instagram,2026-08-16T09:51:08.000Z,0,
48188113,82313754,Неразобранное,85355474,Instagram,2026-08-16T09:50:15.000Z,0,
48185165,82313754,Неразобранное,85355474,Instagram,2026-08-16T08:47:10.000Z,0,
48176871,82313754,Неразобранное,85355474,Instagram,2026-08-16T05:57:07.000Z,0,
48163811,82313754,Неразобранное,85355474,Instagram,2026-08-15T17:27:10.000Z,0,
48163151,82313754,Неразобранное,85355474,Instagram,2026-08-15T17:02:12.000Z,0,
48122113,85378210,переговоры,143,Закрыто и не реализовано,2026-08-15T13:03:40.000Z,13216486,Admin (тех. аккаунт)
48154617,85378206,Неразобранное,143,Закрыто и не реализовано,2026-08-15T12:59:33.000Z,13216486,Admin (тех. аккаунт)
48122211,85378206,Неразобранное,143,Закрыто и не реализовано,2026-08-15T12:57:30.000Z,13216486,Admin (тех. аккаунт)
48122155,85378206,Неразобранное,87644138,Недозвон,2026-08-15T12:53:14.000Z,13216486,Admin (тех. аккаунт)
48122113,85378206,Неразобранное,85378210,переговоры,2026-08-15T12:50:37.000Z,13216486,Admin (тех. аккаунт)
48121161,85378206,Неразобранное,87644138,Недозвон,2026-08-15T12:49:03.000Z,13216486,Admin (тех. аккаунт)
48117109,85378206,Неразобранное,143,Закрыто и не реализовано,2026-08-15T12:47:55.000Z,13216486,Admin (тех. аккаунт)
48107623,85378206,Неразобранное,87644138,Недозвон,2026-08-15T12:45:06.000Z,13216486,Admin (тех. аккаунт)
48107221,85378206,Неразобранное,87644138,Недозвон,2026-08-15T12:43:55.000Z,13216486,Admin (тех. аккаунт)
48099109,85378206,Неразобранное,85378210,переговоры,2026-08-15T12:42:12.000Z,13216486,Admin (тех. аккаунт)
48093475,85378206,Неразобранное,87644138,Недозвон,2026-08-15T12:39:07.000Z,13216486,Admin (тех. аккаунт)
48154423,82313754,Неразобранное,85355474,Instagram,2026-08-15T12:36:09.000Z,0,
48090267,85378206,Неразобранное,85378210,переговоры,2026-08-15T11:39:09.000Z,13216486,Admin (тех. аккаунт)
48088185,85378206,Неразобранное,87644138,Недозвон,2026-08-15T11:32:19.000Z,13216486,Admin (тех. аккаунт)
48137255,82313754,Неразобранное,85355474,Instagram,2026-08-15T06:31:09.000Z,0,
48135179,82313754,Неразобранное,143,Закрыто и не реализовано,2026-08-15T05:45:20.000Z,13268930,Комола (Rooftop hall)
48117923,82313754,Неразобранное,143,Закрыто и не реализовано,2026-08-15T05:44:48.000Z,13268930,Комола (Rooftop hall)
48114829,82313754,Неразобранное,143,Закрыто и не реализовано,2026-08-15T05:44:17.000Z,13268930,Комола (Rooftop hall)
48115187,82313754,Неразобранное,143,Закрыто и не реализовано,2026-08-15T05:43:27.000Z,13268930,Комола (Rooftop hall)
48120273,86701234,Переговоры,143,Закрыто и не реализовано,2026-08-15T05:43:11.000Z,13268930,Комола (Rooftop hall)
48113985,82313754,Неразобранное,86701234,Переговоры,2026-08-15T05:42:46.000Z,13268930,Комола (Rooftop hall)
48123705,82313754,Неразобранное,85355474,Instagram,2026-08-14T19:29:06.000Z,0,
48121929,82313754,Неразобранное,85355474,Instagram,2026-08-14T18:09:12.000Z,0,
48111645,82313754,Неразобранное,85355474,Instagram,2026-08-14T13:34:15.000Z,0,
48108391,82313754,Неразобранное,86701234,Переговоры,2026-08-14T12:49:36.000Z,13268930,Комола (Rooftop hall)
48106077,82313754,Неразобранное,143,Закрыто и не реализовано,2026-08-14T12:00:55.000Z,13268930,Комола (Rooftop hall)
48098891,82313754,Неразобранное,143,Закрыто и не реализовано,2026-08-14T11:54:05.000Z,13268930,Комола (Rooftop hall)
48096735,82313754,Неразобранное,86701234,Переговоры,2026-08-14T11:53:33.000Z,13268930,Комола (Rooftop hall)
48096249,82313754,Неразобранное,86701234,Переговоры,2026-08-14T10:12:38.000Z,13268930,Комола (Rooftop hall)
47960033,86701234,Переговоры,143,Закрыто и не реализовано,2026-08-14T09:33:09.000Z,13268930,Комола (Rooftop hall)
48088701,82313754,Неразобранное,143,Закрыто и не реализовано,2026-08-14T09:31:18.000Z,13268930,Комола (Rooftop hall)
47903241,85378218,Принимают решение,142,Провели мероприятие (100% оплата),2026-08-14T07:22:43.000Z,13216486,Admin (тех. аккаунт)
47903241,85378210,переговоры,85378218,Принимают решение,2026-08-14T07:22:35.000Z,13216486,Admin (тех. аккаунт)
48083183,82313754,Неразобранное,86701234,Переговоры,2026-08-14T07:16:58.000Z,13268930,Комола (Rooftop hall)
47996137,87644138,Недозвон,143,Закрыто и не реализовано,2026-08-14T07:13:52.000Z,13216486,Admin (тех. аккаунт)
48074807,82313754,Неразобранное,143,Закрыто и не реализовано,2026-08-14T06:54:36.000Z,13268930,Комола (Rooftop hall)
48072831,85378206,Неразобранное,143,Закрыто и не реализовано,2026-08-14T06:52:41.000Z,13216486,Admin (тех. аккаунт)
48081403,82313754,Неразобранное,143,Закрыто и не реализовано,2026-08-14T06:51:24.000Z,13268930,Комола (Rooftop hall)
48071541,85378206,Неразобранное,85378210,переговоры,2026-08-14T06:41:36.000Z,13216486,Admin (тех. аккаунт)
48073449,82313754,Неразобранное,86701234,Переговоры,2026-08-14T06:41:05.000Z,13268930,Комола (Rooftop hall)
48054985,85378206,Неразобранное,87644138,Недозвон,2026-08-14T06:38:06.000Z,13216486,Admin (тех. аккаунт)
48042149,85378206,Неразобранное,87644138,Недозвон,2026-08-14T06:37:27.000Z,13216486,Admin (тех. аккаунт)
48080805,82313754,Неразобранное,143,Закрыто и не реализовано,2026-08-14T06:36:39.000Z,13268930,Комола (Rooftop hall)
48032987,85378206,Неразобранное,85378210,переговоры,2026-08-14T06:36:09.000Z,13216486,Admin (тех. аккаунт)
48049973,82313754,Неразобранное,86701234,Переговоры,2026-08-14T06:27:53.000Z,13268930,Комола (Rooftop hall)
47971543,82313754,Неразобранное,143,Закрыто и не реализовано,2026-08-14T06:19:43.000Z,13268930,Комола (Rooftop hall)
47958211,82313754,Неразобранное,143,Закрыто и не реализовано,2026-08-14T06:15:55.000Z,13268930,Комола (Rooftop hall)
48078601,82313754,Неразобранное,143,Закрыто и не реализовано,2026-08-14T06:07:24.000Z,13268930,Комола (Rooftop hall)
48048521,82313754,Неразобранное,86701234,Переговоры,2026-08-14T06:00:14.000Z,13268930,Комола (Rooftop hall)
48077371,86701234,Переговоры,82601126,КП / презентация,2026-08-14T05:54:39.000Z,13268930,Комола (Rooftop hall)
48077371,82313754,Неразобранное,86701234,Переговоры,2026-08-14T05:48:55.000Z,13268930,Комола (Rooftop hall)
48042241,82313754,Неразобранное,143,Закрыто и не реализовано,2026-08-14T05:44:03.000Z,13268930,Комола (Rooftop hall)
48053845,82313754,Неразобранное,85019690,Показ,2026-08-14T05:43:31.000Z,13268930,Комола (Rooftop hall)
48076065,82313754,Неразобранное,143,Закрыто и не реализовано,2026-08-14T05:42:28.000Z,13268930,Комола (Rooftop hall)
48077017,82313754,Неразобранное,143,Закрыто и не реализовано,2026-08-14T05:41:49.000Z,13268930,Комола (Rooftop hall)
48042177,82313754,Неразобранное,86701234,Переговоры,2026-08-14T05:41:33.000Z,13268930,Комола (Rooftop hall)
48074841,82313754,Неразобранное,85355474,Instagram,2026-08-14T04:41:05.000Z,0,
48072643,82313754,Неразобранное,85355474,Instagram,2026-08-14T03:11:04.000Z,0,
48046361,82313754,Неразобранное,85355474,Instagram,2026-08-13T17:45:09.000Z,0,
48042971,82313754,Неразобранное,85355474,Instagram,2026-08-13T16:44:10.000Z,0,
48042635,82313754,Неразобранное,85355474,Instagram,2026-08-13T16:35:09.000Z,0,
48042051,82313754,Неразобранное,85355474,Instagram,2026-08-13T16:17:11.000Z,0,
48026613,82313754,Неразобранное,85355474,Instagram,2026-08-13T12:12:23.000Z,0,
48019319,82313754,Неразобранное,143,Закрыто и не реализовано,2026-08-13T11:01:19.000Z,13268930,Комола (Rooftop hall)
48008409,85378206,Неразобранное,85378210,переговоры,2026-08-13T10:57:47.000Z,13216486,Admin (тех. аккаунт)
47996137,85378206,Неразобранное,87644138,Недозвон,2026-08-13T10:55:26.000Z,13216486,Admin (тех. аккаунт)
47984261,87644138,Недозвон,143,Закрыто и не реализовано,2026-08-13T10:53:14.000Z,13216486,Admin (тех. аккаунт)
47989899,85378206,Неразобранное,85378210,переговоры,2026-08-13T10:40:29.000Z,13216486,Admin (тех. аккаунт)
47984261,85378206,Неразобранное,87644138,Недозвон,2026-08-13T10:38:17.000Z,13216486,Admin (тех. аккаунт)
47982721,85378206,Неразобранное,85378210,переговоры,2026-08-13T10:36:55.000Z,13216486,Admin (тех. аккаунт)
47981565,85378206,Неразобранное,87644138,Недозвон,2026-08-13T10:30:28.000Z,13216486,Admin (тех. аккаунт)
47976849,85378206,Неразобранное,85378210,переговоры,2026-08-13T10:20:50.000Z,13216486,Admin (тех. аккаунт)
48017185,82313754,Неразобранное,86701234,Переговоры,2026-08-13T10:07:10.000Z,13268930,Комола (Rooftop hall)
48016639,82313754,Неразобранное,86701234,Переговоры,2026-08-13T10:05:51.000Z,13268930,Комола (Rooftop hall)
48011487,82313754,Неразобранное,85355474,Instagram,2026-08-13T08:10:21.000Z,0,
47908567,82313754,Неразобранное,143,Закрыто и не реализовано,2026-08-13T06:37:53.000Z,13268930,Комола (Rooftop hall)
48001437,82313754,Неразобранное,143,Закрыто и не реализовано,2026-08-13T06:21:09.000Z,13268930,Комола (Rooftop hall)
47972551,82313754,Неразобранное,86701234,Переговоры,2026-08-13T06:20:30.000Z,13268930,Комола (Rooftop hall)
48000561,82313754,Неразобранное,86701234,Переговоры,2026-08-13T06:16:32.000Z,13268930,Комола (Rooftop hall)
47996337,82313754,Неразобранное,86701234,Переговоры,2026-08-13T06:14:44.000Z,13268930,Комола (Rooftop hall)
47989629,82313754,Неразобранное,85355474,Instagram,2026-08-12T21:10:31.000Z,0,
47981661,82313754,Неразобранное,85355474,Instagram,2026-08-12T18:14:08.000Z,0,
47978103,82313754,Неразобранное,85355474,Instagram,2026-08-12T16:42:10.000Z,0,
47836791,87644138,Недозвон,143,Закрыто и не реализовано,2026-08-12T13:07:31.000Z,13216486,Admin (тех. аккаунт)
47780165,87644138,Недозвон,143,Закрыто и не реализовано,2026-08-12T13:01:30.000Z,13216486,Admin (тех. аккаунт)
47779763,87644138,Недозвон,143,Закрыто и не реализовано,2026-08-12T12:59:54.000Z,13216486,Admin (тех. аккаунт)
47779583,87644138,Недозвон,85378210,переговоры,2026-08-12T12:58:08.000Z,13216486,Admin (тех. аккаунт)
47746921,87644138,Недозвон,85378210,переговоры,2026-08-12T12:55:47.000Z,13216486,Admin (тех. аккаунт)
47779351,87644138,Недозвон,143,Закрыто и не реализовано,2026-08-12T12:54:24.000Z,13216486,Admin (тех. аккаунт)
47901119,82313754,Неразобранное,143,Закрыто и не реализовано,2026-08-12T12:48:49.000Z,13268930,Комола (Rooftop hall)
47764765,87644138,Недозвон,143,Закрыто и не реализовано,2026-08-12T12:48:45.000Z,13216486,Admin (тех. аккаунт)
47898457,82313754,Неразобранное,143,Закрыто и не реализовано,2026-08-12T12:48:18.000Z,13268930,Комола (Rooftop hall)
47764715,87644138,Недозвон,85378210,переговоры,2026-08-12T12:47:51.000Z,13216486,Admin (тех. аккаунт)
47382599,82313754,Неразобранное,143,Закрыто и не реализовано,2026-08-12T12:47:48.000Z,13268930,Комола (Rooftop hall)
47764489,87644138,Недозвон,143,Закрыто и не реализовано,2026-08-12T12:46:10.000Z,13216486,Admin (тех. аккаунт)
47957035,82313754,Неразобранное,143,Закрыто и не реализовано,2026-08-12T11:46:45.000Z,13268930,Комола (Rooftop hall)
45330739,86701234,Переговоры,143,Закрыто и не реализовано,2026-08-12T11:00:39.000Z,13268930,Комола (Rooftop hall)
47886881,86701234,Переговоры,143,Закрыто и не реализовано,2026-08-12T10:55:27.000Z,13268930,Комола (Rooftop hall)
47518967,86701234,Переговоры,143,Закрыто и не реализовано,2026-08-12T10:54:28.000Z,13268930,Комола (Rooftop hall)
47456801,86701234,Переговоры,143,Закрыто и не реализовано,2026-08-12T10:53:21.000Z,13268930,Комола (Rooftop hall)
47441823,86701234,Переговоры,143,Закрыто и не реализовано,2026-08-12T10:52:35.000Z,13268930,Комола (Rooftop hall)
47437901,86701234,Переговоры,143,Закрыто и не реализовано,2026-08-12T10:51:25.000Z,13268930,Комола (Rooftop hall)
47437581,86701234,Переговоры,143,Закрыто и не реализовано,2026-08-12T10:47:27.000Z,13268930,Комола (Rooftop hall)
47394755,86701234,Переговоры,143,Закрыто и не реализовано,2026-08-12T10:45:04.000Z,13268930,Комола (Rooftop hall)
47730539,87644138,Недозвон,143,Закрыто и не реализовано,2026-08-12T10:44:55.000Z,13216486,Admin (тех. аккаунт)
47737619,87644138,Недозвон,143,Закрыто и не реализовано,2026-08-12T10:44:12.000Z,13216486,Admin (тех. аккаунт)
47385361,86701234,Переговоры,143,Закрыто и не реализовано,2026-08-12T10:42:39.000Z,13268930,Комола (Rooftop hall)
47735511,87644138,Недозвон,143,Закрыто и не реализовано,2026-08-12T10:41:21.000Z,13216486,Admin (тех. аккаунт)
47342069,86701234,Переговоры,143,Закрыто и не реализовано,2026-08-12T10:38:50.000Z,13268930,Комола (Rooftop hall)
47726575,87644138,Недозвон,143,Закрыто и не реализовано,2026-08-12T10:37:39.000Z,13216486,Admin (тех. аккаунт)
47379333,86701234,Переговоры,143,Закрыто и не реализовано,2026-08-12T10:36:24.000Z,13268930,Комола (Rooftop hall)
47723235,87644138,Недозвон,143,Закрыто и не реализовано,2026-08-12T10:36:21.000Z,13216486,Admin (тех. аккаунт)
47378503,86701234,Переговоры,143,Закрыто и не реализовано,2026-08-12T10:35:58.000Z,13268930,Комола (Rooftop hall)
47371777,86701234,Переговоры,143,Закрыто и не реализовано,2026-08-12T10:35:32.000Z,13268930,Комола (Rooftop hall)
47346973,86701234,Переговоры,143,Закрыто и не реализовано,2026-08-12T10:34:53.000Z,13268930,Комола (Rooftop hall)
47338999,86701234,Переговоры,143,Закрыто и не реализовано,2026-08-12T10:30:55.000Z,13268930,Комола (Rooftop hall)
47335045,86701234,Переговоры,143,Закрыто и не реализовано,2026-08-12T10:29:41.000Z,13268930,Комола (Rooftop hall)
47514505,86701234,Переговоры,143,Закрыто и не реализовано,2026-08-12T10:28:42.000Z,13268930,Комола (Rooftop hall)
47324903,86701234,Переговоры,143,Закрыто и не реализовано,2026-08-12T10:28:03.000Z,13268930,Комола (Rooftop hall)
47094173,86701234,Переговоры,143,Закрыто и не реализовано,2026-08-12T10:13:58.000Z,13268930,Комола (Rooftop hall)
47228749,86701234,Переговоры,143,Закрыто и не реализовано,2026-08-12T10:09:40.000Z,13268930,Комола (Rooftop hall)
47136088,86701234,Переговоры,143,Закрыто и не реализовано,2026-08-12T10:06:43.000Z,13268930,Комола (Rooftop hall)
46906177,86701234,Переговоры,143,Закрыто и не реализовано,2026-08-12T09:53:15.000Z,13268930,Комола (Rooftop hall)
46879125,86701234,Переговоры,143,Закрыто и не реализовано,2026-08-12T09:46:10.000Z,13268930,Комола (Rooftop hall)
46871489,86701234,Переговоры,82601126,КП / презентация,2026-08-12T09:45:26.000Z,13268930,Комола (Rooftop hall)
46648557,86701234,Переговоры,143,Закрыто и не реализовано,2026-08-12T09:41:44.000Z,13268930,Комола (Rooftop hall)
46533109,86701234,Переговоры,143,Закрыто и не реализовано,2026-08-12T09:38:44.000Z,13268930,Комола (Rooftop hall)
46776295,86701234,Переговоры,143,Закрыто и не реализовано,2026-08-12T09:38:12.000Z,13268930,Комола (Rooftop hall)
47948107,82313754,Неразобранное,86701234,Переговоры,2026-08-12T09:36:06.000Z,13268930,Комола (Rooftop hall)
46619505,86701234,Переговоры,143,Закрыто и не реализовано,2026-08-12T09:34:47.000Z,13268930,Комола (Rooftop hall)
47696559,87644138,Недозвон,85378210,переговоры,2026-08-12T09:28:23.000Z,13216486,Admin (тех. аккаунт)
46606157,86701234,Переговоры,143,Закрыто и не реализовано,2026-08-12T09:24:38.000Z,13268930,Комола (Rooftop hall)
47940447,85378206,Неразобранное,143,Закрыто и не реализовано,2026-08-12T09:24:20.000Z,13216486,Admin (тех. аккаунт)
46592421,86701234,Переговоры,143,Закрыто и не реализовано,2026-08-12T09:18:58.000Z,13268930,Комола (Rooftop hall)
46512221,86701234,Переговоры,143,Закрыто и не реализовано,2026-08-12T09:18:08.000Z,13268930,Комола (Rooftop hall)
47891569,86701234,Переговоры,143,Закрыто и не реализовано,2026-08-12T09:00:07.000Z,13268930,Комола (Rooftop hall)
47945085,82313754,Неразобранное,143,Закрыто и не реализовано,2026-08-12T08:59:40.000Z,13268930,Комола (Rooftop hall)
47944385,82313754,Неразобранное,143,Закрыто и не реализовано,2026-08-12T08:59:00.000Z,13268930,Комола (Rooftop hall)
47945159,82313754,Неразобранное,143,Закрыто и не реализовано,2026-08-12T08:58:39.000Z,13268930,Комола (Rooftop hall)
47945553,86701234,Переговоры,143,Закрыто и не реализовано,2026-08-12T08:58:25.000Z,13268930,Комола (Rooftop hall)
46605165,86701234,Переговоры,143,Закрыто и не реализовано,2026-08-12T08:58:06.000Z,13268930,Комола (Rooftop hall)
47891569,82313754,Неразобранное,86701234,Переговоры,2026-08-12T08:15:11.000Z,0,
46593193,86701234,Переговоры,143,Закрыто и не реализовано,2026-08-12T08:00:06.000Z,13268930,Комола (Rooftop hall)
46561921,86701234,Переговоры,143,Закрыто и не реализовано,2026-08-12T07:53:17.000Z,13268930,Комола (Rooftop hall)
46390633,86701234,Переговоры,143,Закрыто и не реализовано,2026-08-12T07:36:01.000Z,13268930,Комола (Rooftop hall)
46206305,86701234,Переговоры,143,Закрыто и не реализовано,2026-08-12T07:27:22.000Z,13268930,Комола (Rooftop hall)
47829381,86701234,Переговоры,82601126,КП / презентация,2026-08-12T07:17:49.000Z,13268930,Комола (Rooftop hall)
47894775,86701234,Переговоры,82601126,КП / презентация,2026-08-12T07:05:35.000Z,13268930,Комола (Rooftop hall)
47683467,87644138,Недозвон,143,Закрыто и не реализовано,2026-08-12T06:56:53.000Z,13216486,Admin (тех. аккаунт)
47677077,87644138,Недозвон,143,Закрыто и не реализовано,2026-08-12T06:50:17.000Z,13216486,Admin (тех. аккаунт)
47671411,87644138,Недозвон,85378210,переговоры,2026-08-12T06:46:23.000Z,13216486,Admin (тех. аккаунт)
47632891,87644138,Недозвон,143,Закрыто и не реализовано,2026-08-12T06:35:51.000Z,13216486,Admin (тех. аккаунт)
47907245,82313754,Неразобранное,143,Закрыто и не реализовано,2026-08-12T06:27:46.000Z,13268930,Комола (Rooftop hall)
47631099,87644138,Недозвон,143,Закрыто и не реализовано,2026-08-12T06:16:34.000Z,13216486,Admin (тех. аккаунт)
47894775,82313754,Неразобранное,86701234,Переговоры,2026-08-12T06:16:29.000Z,13268930,Комола (Rooftop hall)
47621857,87644138,Недозвон,143,Закрыто и не реализовано,2026-08-12T06:14:36.000Z,13216486,Admin (тех. аккаунт)
47920867,86701234,Переговоры,82601126,КП / презентация,2026-08-12T05:57:50.000Z,13268930,Комола (Rooftop hall)
47920867,82313754,Неразобранное,86701234,Переговоры,2026-08-12T05:57:43.000Z,13268930,Комола (Rooftop hall)
47366699,85378210,переговоры,143,Закрыто и не реализовано,2026-08-12T05:44:35.000Z,13216486,Admin (тех. аккаунт)
47903241,87644138,Недозвон,85378210,переговоры,2026-08-12T05:38:35.000Z,13216486,Admin (тех. аккаунт)
47921017,82313754,Неразобранное,85355474,Instagram,2026-08-12T05:30:15.000Z,0,
47911039,85378206,Неразобранное,87644138,Недозвон,2026-08-12T05:29:20.000Z,13216486,Admin (тех. аккаунт)
47903241,85378206,Неразобранное,87644138,Недозвон,2026-08-12T05:28:04.000Z,13216486,Admin (тех. аккаунт)
47899901,85378206,Неразобранное,143,Закрыто и не реализовано,2026-08-12T05:26:06.000Z,13216486,Admin (тех. аккаунт)
47898931,82313754,Неразобранное,86701234,Переговоры,2026-08-12T05:19:39.000Z,13268930,Комола (Rooftop hall)
47907897,82313754,Неразобранное,85355474,Instagram,2026-08-11T19:34:05.000Z,0,
47629787,85378210,переговоры,143,Закрыто и не реализовано,2026-08-11T13:13:14.000Z,13216486,Admin (тех. аккаунт)
47850213,85378206,Неразобранное,87644138,Недозвон,2026-08-11T13:12:47.000Z,13216486,Admin (тех. аккаунт)
47844869,85378206,Неразобранное,85378210,переговоры,2026-08-11T13:03:14.000Z,13216486,Admin (тех. аккаунт)
47843439,85378206,Неразобранное,87644138,Недозвон,2026-08-11T12:59:56.000Z,13216486,Admin (тех. аккаунт)
47840255,85378206,Неразобранное,87644138,Недозвон,2026-08-11T12:58:40.000Z,13216486,Admin (тех. аккаунт)
47839729,85378206,Неразобранное,87644138,Недозвон,2026-08-11T12:58:08.000Z,13216486,Admin (тех. аккаунт)
47456375,85378210,переговоры,143,Закрыто и не реализовано,2026-08-11T12:49:25.000Z,13216486,Admin (тех. аккаунт)
47648613,85378210,переговоры,143,Закрыто и не реализовано,2026-08-11T12:38:46.000Z,13216486,Admin (тех. аккаунт)
47582193,85378210,переговоры,143,Закрыто и не реализовано,2026-08-11T12:30:29.000Z,13216486,Admin (тех. аккаунт)
47403149,85378210,переговоры,85378218,Принимают решение,2026-08-11T12:28:41.000Z,13216486,Admin (тех. аккаунт)
47836791,85378206,Неразобранное,87644138,Недозвон,2026-08-11T12:17:19.000Z,13216486,Admin (тех. аккаунт)
47854043,85378206,Неразобранное,143,Закрыто и не реализовано,2026-08-11T12:09:22.000Z,13216486,Admin (тех. аккаунт)
47863617,85378206,Неразобранное,85378210,переговоры,2026-08-11T12:08:09.000Z,13216486,Admin (тех. аккаунт)
47866929,85378206,Неразобранное,85378210,переговоры,2026-08-11T11:55:29.000Z,13216486,Admin (тех. аккаунт)
47835839,87644138,Недозвон,85378210,переговоры,2026-08-11T11:54:28.000Z,13216486,Admin (тех. аккаунт)
47835839,85378206,Неразобранное,87644138,Недозвон,2026-08-11T11:51:39.000Z,13216486,Admin (тех. аккаунт)
47828739,85378206,Неразобранное,85378210,переговоры,2026-08-11T11:49:34.000Z,13216486,Admin (тех. аккаунт)
46342077,86701234,Переговоры,82601126,КП / презентация,2026-08-11T11:30:44.000Z,13268930,Комола (Rooftop hall)
46181085,86701234,Переговоры,143,Закрыто и не реализовано,2026-08-11T11:27:47.000Z,13268930,Комола (Rooftop hall)
46093277,86701234,Переговоры,143,Закрыто и не реализовано,2026-08-11T11:13:14.000Z,13268930,Комола (Rooftop hall)
46104703,86701234,Переговоры,143,Закрыто и не реализовано,2026-08-11T11:10:26.000Z,13268930,Комола (Rooftop hall)
46095613,86701234,Переговоры,143,Закрыто и не реализовано,2026-08-11T11:05:46.000Z,13268930,Комола (Rooftop hall)
47881253,82313754,Неразобранное,143,Закрыто и не реализовано,2026-08-11T11:04:59.000Z,13268930,Комола (Rooftop hall)
46093777,86701234,Переговоры,143,Закрыто и не реализовано,2026-08-11T11:04:35.000Z,13268930,Комола (Rooftop hall)
46055253,86701234,Переговоры,143,Закрыто и не реализовано,2026-08-11T10:58:45.000Z,13268930,Комола (Rooftop hall)
47282573,85378210,переговоры,143,Закрыто и не реализовано,2026-08-11T10:57:00.000Z,13216486,Admin (тех. аккаунт)
47392699,85378210,переговоры,143,Закрыто и не реализовано,2026-08-11T10:38:31.000Z,13216486,Admin (тех. аккаунт)
46033749,86701234,Переговоры,143,Закрыто и не реализовано,2026-08-11T10:37:28.000Z,13268930,Комола (Rooftop hall)
45986381,86701234,Переговоры,143,Закрыто и не реализовано,2026-08-11T10:34:52.000Z,13268930,Комола (Rooftop hall)
45951157,86701234,Переговоры,143,Закрыто и не реализовано,2026-08-11T10:33:17.000Z,13268930,Комола (Rooftop hall)
47360141,85378218,Принимают решение,143,Закрыто и не реализовано,2026-08-11T10:28:36.000Z,13216486,Admin (тех. аккаунт)
47363415,86701234,Переговоры,143,Закрыто и не реализовано,2026-08-11T10:01:50.000Z,13268930,Комола (Rooftop hall)
45933941,86701234,Переговоры,143,Закрыто и не реализовано,2026-08-11T10:01:06.000Z,13268930,Комола (Rooftop hall)
45897125,86701234,Переговоры,143,Закрыто и не реализовано,2026-08-11T09:54:07.000Z,13268930,Комола (Rooftop hall)
47286765,85378218,Принимают решение,143,Закрыто и не реализовано,2026-08-11T09:38:28.000Z,13216486,Admin (тех. аккаунт)
47775901,82313754,Неразобранное,143,Закрыто и не реализовано,2026-08-11T09:20:54.000Z,13268930,Комола (Rooftop hall)
47832727,82313754,Неразобранное,143,Закрыто и не реализовано,2026-08-11T09:20:34.000Z,13268930,Комола (Rooftop hall)
47831695,82313754,Неразобранное,143,Закрыто и не реализовано,2026-08-11T09:19:55.000Z,13268930,Комола (Rooftop hall)
47870399,87644138,Недозвон,85378210,переговоры,2026-08-11T09:16:13.000Z,13216486,Admin (тех. аккаунт)
47829381,82313754,Неразобранное,86701234,Переговоры,2026-08-11T09:14:48.000Z,13268930,Комола (Rooftop hall)
47828391,82313754,Неразобранное,143,Закрыто и не реализовано,2026-08-11T09:07:22.000Z,13268930,Комола (Rooftop hall)
47870403,82313754,Неразобранное,143,Закрыто и не реализовано,2026-08-11T09:05:24.000Z,13268930,Комола (Rooftop hall)
47864619,82313754,Неразобранное,85019690,Показ,2026-08-11T09:02:03.000Z,13268930,Комола (Rooftop hall)
47870399,85378206,Неразобранное,87644138,Недозвон,2026-08-11T09:00:50.000Z,13216486,Admin (тех. аккаунт)
47867735,82313754,Неразобранное,143,Закрыто и не реализовано,2026-08-11T08:04:46.000Z,13268930,Комола (Rooftop hall)
47784185,82313754,Неразобранное,143,Закрыто и не реализовано,2026-08-11T07:24:50.000Z,13268930,Комола (Rooftop hall)
47824151,82313754,Неразобранное,86701234,Переговоры,2026-08-11T04:57:12.000Z,13268930,Комола (Rooftop hall)
47831713,82313754,Неразобранное,85355474,Instagram,2026-08-10T15:04:25.000Z,0,
47826283,82313754,Неразобранное,85355474,Instagram,2026-08-10T13:18:28.000Z,0,
47808617,85378206,Неразобранное,143,Закрыто и не реализовано,2026-08-10T13:09:06.000Z,13216486,Admin (тех. аккаунт)
47784779,85378206,Неразобранное,87644138,Недозвон,2026-08-10T13:05:00.000Z,13216486,Admin (тех. аккаунт)
47782329,85378206,Неразобранное,85378210,переговоры,2026-08-10T13:02:02.000Z,13216486,Admin (тех. аккаунт)
47781919,85378206,Неразобранное,85378210,переговоры,2026-08-10T12:57:26.000Z,13216486,Admin (тех. аккаунт)
47780685,85378206,Неразобранное,87644138,Недозвон,2026-08-10T12:56:47.000Z,13216486,Admin (тех. аккаунт)
47780165,85378206,Неразобранное,87644138,Недозвон,2026-08-10T12:55:43.000Z,13216486,Admin (тех. аккаунт)
47779763,85378206,Неразобранное,87644138,Недозвон,2026-08-10T12:54:48.000Z,13216486,Admin (тех. аккаунт)
47779583,85378206,Неразобранное,87644138,Недозвон,2026-08-10T12:14:58.000Z,13216486,Admin (тех. аккаунт)
45885001,86701234,Переговоры,143,Закрыто и не реализовано,2026-08-10T12:13:21.000Z,13268930,Комола (Rooftop hall)
45863233,86701234,Переговоры,143,Закрыто и не реализовано,2026-08-10T12:12:30.000Z,13268930,Комола (Rooftop hall)
45859179,86701234,Переговоры,143,Закрыто и не реализовано,2026-08-10T12:08:20.000Z,13268930,Комола (Rooftop hall)
45854595,86701234,Переговоры,143,Закрыто и не реализовано,2026-08-10T12:07:31.000Z,13268930,Комола (Rooftop hall)
45833431,86701234,Переговоры,143,Закрыто и не реализовано,2026-08-10T12:06:15.000Z,13268930,Комола (Rooftop hall)
45829255,86701234,Переговоры,143,Закрыто и не реализовано,2026-08-10T11:59:48.000Z,13268930,Комола (Rooftop hall)
47768147,87644138,Недозвон,85378210,переговоры,2026-08-10T11:53:12.000Z,13216486,Admin (тех. аккаунт)
45799433,86701234,Переговоры,143,Закрыто и не реализовано,2026-08-10T11:31:48.000Z,13268930,Комола (Rooftop hall)
47583541,86701234,Переговоры,143,Закрыто и не реализовано,2026-08-10T11:21:40.000Z,13268930,Комола (Rooftop hall)
47615671,86701234,Переговоры,143,Закрыто и не реализовано,2026-08-10T11:20:19.000Z,13268930,Комола (Rooftop hall)
47661125,86701234,Переговоры,143,Закрыто и не реализовано,2026-08-10T11:19:54.000Z,13268930,Комола (Rooftop hall)
47617713,86701234,Переговоры,143,Закрыто и не реализовано,2026-08-10T11:17:22.000Z,13268930,Комола (Rooftop hall)
47655283,86701234,Переговоры,143,Закрыто и не реализовано,2026-08-10T11:13:37.000Z,13268930,Комола (Rooftop hall)
47711807,86701234,Переговоры,143,Закрыто и не реализовано,2026-08-10T11:13:06.000Z,13268930,Комола (Rooftop hall)
47714825,86701234,Переговоры,143,Закрыто и не реализовано,2026-08-10T11:11:58.000Z,13268930,Комола (Rooftop hall)
47725179,86701234,Переговоры,143,Закрыто и не реализовано,2026-08-10T11:11:20.000Z,13268930,Комола (Rooftop hall)
45791269,86701234,Переговоры,143,Закрыто и не реализовано,2026-08-10T11:01:01.000Z,13268930,Комола (Rooftop hall)
45713135,86701234,Переговоры,143,Закрыто и не реализовано,2026-08-10T10:49:46.000Z,13268930,Комола (Rooftop hall)
47779419,85378206,Неразобранное,143,Закрыто и не реализовано,2026-08-10T10:45:10.000Z,13216486,Admin (тех. аккаунт)
45544779,86701234,Переговоры,143,Закрыто и не реализовано,2026-08-10T10:45:08.000Z,13268930,Комола (Rooftop hall)
47779351,85378206,Неразобранное,87644138,Недозвон,2026-08-10T10:13:51.000Z,13216486,Admin (тех. аккаунт)
47776007,85378206,Неразобранное,85378210,переговоры,2026-08-10T10:12:56.000Z,13216486,Admin (тех. аккаунт)
47768147,85378206,Неразобранное,87644138,Недозвон,2026-08-10T10:09:23.000Z,13216486,Admin (тех. аккаунт)
47766699,85378206,Неразобранное,85378210,переговоры,2026-08-10T10:08:14.000Z,13216486,Admin (тех. аккаунт)
47765953,85378206,Неразобранное,87644138,Недозвон,2026-08-10T09:51:18.000Z,13216486,Admin (тех. аккаунт)
47765399,85378206,Неразобранное,85378210,переговоры,2026-08-10T09:49:05.000Z,13216486,Admin (тех. аккаунт)
47764765,85378206,Неразобранное,87644138,Недозвон,2026-08-10T09:40:34.000Z,13216486,Admin (тех. аккаунт)
47764715,85378206,Неразобранное,87644138,Недозвон,2026-08-10T09:39:30.000Z,13216486,Admin (тех. аккаунт)
47764489,85378206,Неразобранное,87644138,Недозвон,2026-08-10T09:38:07.000Z,13216486,Admin (тех. аккаунт)
47763461,85378206,Неразобранное,85378210,переговоры,2026-08-10T09:36:35.000Z,13216486,Admin (тех. аккаунт)
47756689,85378206,Неразобранное,143,Закрыто и не реализовано,2026-08-10T09:34:00.000Z,13216486,Admin (тех. аккаунт)
47750055,85378206,Неразобранное,143,Закрыто и не реализовано,2026-08-10T09:28:35.000Z,13216486,Admin (тех. аккаунт)
47746921,85378206,Неразобранное,87644138,Недозвон,2026-08-10T09:23:56.000Z,13216486,Admin (тех. аккаунт)
47806613,85378206,Неразобранное,85378210,переговоры,2026-08-10T09:20:05.000Z,13216486,Admin (тех. аккаунт)
47693447,85019690,Показ,143,Закрыто и не реализовано,2026-08-10T09:04:28.000Z,13268930,Комола (Rooftop hall)
47362535,85019690,Показ,143,Закрыто и не реализовано,2026-08-10T08:51:13.000Z,13268930,Комола (Rooftop hall)
47370399,85019690,Показ,143,Закрыто и не реализовано,2026-08-10T08:50:30.000Z,13268930,Комола (Rooftop hall)
47743057,85378206,Неразобранное,85378210,переговоры,2026-08-10T08:40:15.000Z,13216486,Admin (тех. аккаунт)
47739797,85378206,Неразобранное,87644138,Недозвон,2026-08-10T08:05:58.000Z,13216486,Admin (тех. аккаунт)
47801089,82313754,Неразобранное,143,Закрыто и не реализовано,2026-08-10T07:46:53.000Z,13268930,Комола (Rooftop hall)
47738789,85378206,Неразобранное,87644138,Недозвон,2026-08-10T07:44:27.000Z,13216486,Admin (тех. аккаунт)
47737619,85378206,Неразобранное,87644138,Недозвон,2026-08-10T07:40:57.000Z,13216486,Admin (тех. аккаунт)
47735633,85378206,Неразобранное,85378210,переговоры,2026-08-10T07:40:01.000Z,13216486,Admin (тех. аккаунт)
47735511,85378206,Неразобранное,87644138,Недозвон,2026-08-10T07:35:49.000Z,13216486,Admin (тех. аккаунт)
47732677,85378206,Неразобранное,143,Закрыто и не реализовано,2026-08-10T07:34:42.000Z,13216486,Admin (тех. аккаунт)
47730539,85378206,Неразобранное,87644138,Недозвон,2026-08-10T07:29:23.000Z,13216486,Admin (тех. аккаунт)
47800943,82313754,Неразобранное,85355474,Instagram,2026-08-10T07:24:35.000Z,0,
47727755,85378206,Неразобранное,143,Закрыто и не реализовано,2026-08-10T07:12:35.000Z,13216486,Admin (тех. аккаунт)
47727485,85378206,Неразобранное,85378210,переговоры,2026-08-10T07:10:15.000Z,13216486,Admin (тех. аккаунт)
47726575,85378206,Неразобранное,87644138,Недозвон,2026-08-10T07:06:52.000Z,13216486,Admin (тех. аккаунт)
47551437,85019690,Показ,143,Закрыто и не реализовано,2026-08-10T06:59:12.000Z,13268930,Комола (Rooftop hall)
47724149,87644138,Недозвон,85378210,переговоры,2026-08-10T06:44:54.000Z,13216486,Admin (тех. аккаунт)
47724149,85378206,Неразобранное,87644138,Недозвон,2026-08-10T06:44:42.000Z,13216486,Admin (тех. аккаунт)
47794305,82313754,Неразобранное,85355474,Instagram,2026-08-10T06:44:12.000Z,0,
47723235,85378206,Неразобранное,87644138,Недозвон,2026-08-10T06:42:07.000Z,13216486,Admin (тех. аккаунт)
47714969,85378206,Неразобранное,87644138,Недозвон,2026-08-10T06:40:38.000Z,13216486,Admin (тех. аккаунт)
47711619,85378206,Неразобранное,143,Закрыто и не реализовано,2026-08-10T06:39:32.000Z,13216486,Admin (тех. аккаунт)
47793251,82313754,Неразобранное,143,Закрыто и не реализовано,2026-08-10T06:32:55.000Z,13268930,Комола (Rooftop hall)
47706509,85378206,Неразобранное,143,Закрыто и не реализовано,2026-08-10T06:31:38.000Z,13216486,Admin (тех. аккаунт)
47792985,82313754,Неразобранное,143,Закрыто и не реализовано,2026-08-10T06:30:53.000Z,13268930,Комола (Rooftop hall)
47781181,82313754,Неразобранное,143,Закрыто и не реализовано,2026-08-10T06:27:30.000Z,13268930,Комола (Rooftop hall)
47696559,85378206,Неразобранное,87644138,Недозвон,2026-08-10T06:26:54.000Z,13216486,Admin (тех. аккаунт)
47792941,82313754,Неразобранное,143,Закрыто и не реализовано,2026-08-10T06:25:49.000Z,13268930,Комола (Rooftop hall)
47727785,82313754,Неразобранное,86701234,Переговоры,2026-08-10T06:22:45.000Z,13268930,Комола (Rooftop hall)
47690303,85378206,Неразобранное,87644138,Недозвон,2026-08-10T06:20:05.000Z,13216486,Admin (тех. аккаунт)
47685011,85378206,Неразобранное,143,Закрыто и не реализовано,2026-08-10T06:18:39.000Z,13216486,Admin (тех. аккаунт)
47683467,85378206,Неразобранное,87644138,Недозвон,2026-08-10T06:17:14.000Z,13216486,Admin (тех. аккаунт)
47717853,86701234,Переговоры,143,Закрыто и не реализовано,2026-08-10T06:16:25.000Z,13268930,Комола (Rooftop hall)
47727361,82313754,Неразобранное,143,Закрыто и не реализовано,2026-08-10T06:08:01.000Z,13268930,Комола (Rooftop hall)
47721165,82313754,Неразобранное,143,Закрыто и не реализовано,2026-08-10T06:07:22.000Z,13268930,Комола (Rooftop hall)
47677077,85378206,Неразобранное,87644138,Недозвон,2026-08-10T06:05:11.000Z,13216486,Admin (тех. аккаунт)
47676327,85378206,Неразобранное,143,Закрыто и не реализовано,2026-08-10T06:04:18.000Z,13216486,Admin (тех. аккаунт)
47717853,82313754,Неразобранное,86701234,Переговоры,2026-08-10T06:02:41.000Z,0,
47673801,85378206,Неразобранное,87644138,Недозвон,2026-08-10T06:01:20.000Z,13216486,Admin (тех. аккаунт)
47672947,85378206,Неразобранное,87644138,Недозвон,2026-08-10T05:59:57.000Z,13216486,Admin (тех. аккаунт)
47790063,86701234,Переговоры,82601126,КП / презентация,2026-08-10T05:59:42.000Z,13268930,Комола (Rooftop hall)
47671411,85378206,Неразобранное,87644138,Недозвон,2026-08-10T05:58:58.000Z,13216486,Admin (тех. аккаунт)
47670311,85378206,Неразобранное,143,Закрыто и не реализовано,2026-08-10T05:57:40.000Z,13216486,Admin (тех. аккаунт)
47670307,85378206,Неразобранное,143,Закрыто и не реализовано,2026-08-10T05:57:05.000Z,13216486,Admin (тех. аккаунт)
47665405,87644138,Недозвон,85378210,переговоры,2026-08-10T05:54:51.000Z,13216486,Admin (тех. аккаунт)
47790063,82313754,Неразобранное,86701234,Переговоры,2026-08-10T05:46:43.000Z,13268930,Комола (Rooftop hall)
47665405,85378206,Неразобранное,87644138,Недозвон,2026-08-10T05:44:50.000Z,13216486,Admin (тех. аккаунт)
47690749,82313754,Неразобранное,143,Закрыто и не реализовано,2026-08-10T05:43:36.000Z,13268930,Комола (Rooftop hall)
46613531,86701234,Переговоры,82601126,КП / презентация,2026-08-10T05:21:01.000Z,13268930,Комола (Rooftop hall)
47788767,82313754,Неразобранное,85355474,Instagram,2026-08-10T05:14:10.000Z,0,
47783073,82313754,Неразобранное,85355474,Instagram,2026-08-10T01:05:03.000Z,0,
47739109,82313754,Неразобранное,85355474,Instagram,2026-08-08T23:45:05.000Z,0,
47734467,82313754,Неразобранное,85355474,Instagram,2026-08-08T18:31:04.000Z,0,
47725179,82313754,Неразобранное,86701234,Переговоры,2026-08-08T13:38:53.000Z,0,
47714825,82313754,Неразобранное,86701234,Переговоры,2026-08-08T09:52:09.000Z,13268930,Комола (Rooftop hall)
47714497,82313754,Неразобранное,85355474,Instagram,2026-08-08T09:31:11.000Z,0,
47713283,82313754,Неразобранное,85355474,Instagram,2026-08-08T09:04:19.000Z,0,
47710115,82313754,Неразобранное,85355474,Instagram,2026-08-08T07:52:11.000Z,0,
47661123,86701234,Переговоры,143,Закрыто и не реализовано,2026-08-08T06:50:50.000Z,13268930,Комола (Rooftop hall)
47675177,86701234,Переговоры,85019690,Показ,2026-08-08T06:47:30.000Z,13268930,Комола (Rooftop hall)
47681161,82313754,Неразобранное,143,Закрыто и не реализовано,2026-08-08T05:44:50.000Z,13268930,Комола (Rooftop hall)
47684763,82313754,Неразобранное,143,Закрыто и не реализовано,2026-08-08T05:39:07.000Z,13268930,Комола (Rooftop hall)
47676637,82313754,Неразобранное,143,Закрыто и не реализовано,2026-08-08T05:36:50.000Z,13268930,Комола (Rooftop hall)
47693447,86701234,Переговоры,85019690,Показ,2026-08-08T05:26:24.000Z,13268930,Комола (Rooftop hall)
47677853,82313754,Неразобранное,143,Закрыто и не реализовано,2026-08-08T05:24:39.000Z,13268930,Комола (Rooftop hall)
47675307,82313754,Неразобранное,143,Закрыто и не реализовано,2026-08-08T05:24:03.000Z,13268930,Комола (Rooftop hall)
47675177,82313754,Неразобранное,86701234,Переговоры,2026-08-08T05:22:56.000Z,13268930,Комола (Rooftop hall)
47692317,82313754,Неразобранное,85355474,Instagram,2026-08-07T18:40:10.000Z,0,
47464521,86701234,Переговоры,82601126,КП / презентация,2026-08-07T12:01:28.000Z,13268930,Комола (Rooftop hall)
47551479,86701234,Переговоры,143,Закрыто и не реализовано,2026-08-07T12:00:21.000Z,13268930,Комола (Rooftop hall)
47275237,86701234,Переговоры,143,Закрыто и не реализовано,2026-08-07T11:58:31.000Z,13268930,Комола (Rooftop hall)
47625815,86701234,Переговоры,143,Закрыто и не реализовано,2026-08-07T11:57:51.000Z,13268930,Комола (Rooftop hall)
47643229,86701234,Переговоры,143,Закрыто и не реализовано,2026-08-07T11:55:57.000Z,13268930,Комола (Rooftop hall)
45270337,86701234,Переговоры,143,Закрыто и не реализовано,2026-08-07T11:54:51.000Z,13268930,Комола (Rooftop hall)
45242687,86701234,Переговоры,143,Закрыто и не реализовано,2026-08-07T11:54:13.000Z,13268930,Комола (Rooftop hall)
47317425,86701234,Переговоры,143,Закрыто и не реализовано,2026-08-07T11:51:53.000Z,13268930,Комола (Rooftop hall)
47605477,82601126,КП / презентация,143,Закрыто и не реализовано,2026-08-07T11:44:44.000Z,13268930,Комола (Rooftop hall)
47665433,82313754,Неразобранное,143,Закрыто и не реализовано,2026-08-07T10:50:30.000Z,13268930,Комола (Rooftop hall)
47668007,86701234,Переговоры,143,Закрыто и не реализовано,2026-08-07T10:28:45.000Z,13268930,Комола (Rooftop hall)
47668007,82313754,Неразобранное,86701234,Переговоры,2026-08-07T10:28:36.000Z,0,
47576471,85378210,переговоры,143,Закрыто и не реализовано,2026-08-07T09:47:45.000Z,13216486,Admin (тех. аккаунт)
47422355,85378210,переговоры,143,Закрыто и не реализовано,2026-08-07T09:43:35.000Z,13216486,Admin (тех. аккаунт)
47406933,85378210,переговоры,143,Закрыто и не реализовано,2026-08-07T09:43:08.000Z,13216486,Admin (тех. аккаунт)
47662885,86701234,Переговоры,143,Закрыто и не реализовано,2026-08-07T09:42:26.000Z,13268930,Комола (Rooftop hall)
47662885,82313754,Неразобранное,86701234,Переговоры,2026-08-07T09:39:57.000Z,13268930,Комола (Rooftop hall)
47661125,82313754,Неразобранное,86701234,Переговоры,2026-08-07T09:37:40.000Z,13268930,Комола (Rooftop hall)
47390907,85378210,переговоры,143,Закрыто и не реализовано,2026-08-07T09:37:29.000Z,13216486,Admin (тех. аккаунт)
47661039,82313754,Неразобранное,143,Закрыто и не реализовано,2026-08-07T09:33:15.000Z,13268930,Комола (Rooftop hall)
47330571,85378210,переговоры,143,Закрыто и не реализовано,2026-08-07T09:32:57.000Z,13216486,Admin (тех. аккаунт)
47662823,82313754,Неразобранное,143,Закрыто и не реализовано,2026-08-07T09:32:46.000Z,13268930,Комола (Rooftop hall)
47661123,82313754,Неразобранное,86701234,Переговоры,2026-08-07T09:32:16.000Z,13268930,Комола (Rooftop hall)
47661051,82313754,Неразобранное,85355474,Instagram,2026-08-07T09:20:30.000Z,0,
47658749,82313754,Неразобранное,85355474,Instagram,2026-08-07T08:39:15.000Z,0,
47656805,82313754,Неразобранное,85355474,Instagram,2026-08-07T08:03:49.000Z,0,
47300101,85378210,переговоры,143,Закрыто и не реализовано,2026-08-07T07:53:55.000Z,13216486,Admin (тех. аккаунт)
47298865,85378210,переговоры,143,Закрыто и не реализовано,2026-08-07T07:50:39.000Z,13216486,Admin (тех. аккаунт)
47103085,85378210,переговоры,143,Закрыто и не реализовано,2026-08-07T07:43:52.000Z,13216486,Admin (тех. аккаунт)
47648613,85378206,Неразобранное,85378210,переговоры,2026-08-07T06:48:21.000Z,13216486,Admin (тех. аккаунт)
47624309,82313754,Неразобранное,143,Закрыто и не реализовано,2026-08-07T06:46:11.000Z,13268930,Комола (Rooftop hall)
47641809,85378206,Неразобранное,143,Закрыто и не реализовано,2026-08-07T06:45:51.000Z,13216486,Admin (тех. аккаунт)
47631687,82313754,Неразобранное,143,Закрыто и не реализовано,2026-08-07T06:44:38.000Z,13268930,Комола (Rooftop hall)
47632891,85378206,Неразобранное,87644138,Недозвон,2026-08-07T06:43:50.000Z,13216486,Admin (тех. аккаунт)
47631099,85378206,Неразобранное,87644138,Недозвон,2026-08-07T06:42:40.000Z,13216486,Admin (тех. аккаунт)
47629787,85378206,Неразобранное,85378210,переговоры,2026-08-07T06:41:51.000Z,13216486,Admin (тех. аккаунт)
47621911,85378206,Неразобранное,87644138,Недозвон,2026-08-07T06:39:39.000Z,13216486,Admin (тех. аккаунт)
47649975,82313754,Неразобранное,143,Закрыто и не реализовано,2026-08-07T06:38:57.000Z,13268930,Комола (Rooftop hall)
47621857,85378206,Неразобранное,87644138,Недозвон,2026-08-07T06:38:41.000Z,13216486,Admin (тех. аккаунт)
47605821,85378206,Неразобранное,143,Закрыто и не реализовано,2026-08-07T06:34:08.000Z,13216486,Admin (тех. аккаунт)
47619251,86701234,Переговоры,85019690,Показ,2026-08-07T06:24:01.000Z,13268930,Комола (Rooftop hall)
47407063,85378210,переговоры,143,Закрыто и не реализовано,2026-08-07T06:04:26.000Z,13216486,Admin (тех. аккаунт)
47419411,85378210,переговоры,143,Закрыто и не реализовано,2026-08-07T06:02:56.000Z,13216486,Admin (тех. аккаунт)
47619251,82313754,Неразобранное,86701234,Переговоры,2026-08-06T13:09:56.000Z,13268930,Комола (Rooftop hall)
47620433,82313754,Неразобранное,143,Закрыто и не реализовано,2026-08-06T13:01:50.000Z,13268930,Комола (Rooftop hall)
43670637,85346514,Отложенный спрос,143,Закрыто и не реализовано,2026-08-06T12:48:47.000Z,13268930,Комола (Rooftop hall)
47618941,82313754,Неразобранное,143,Закрыто и не реализовано,2026-08-06T11:19:41.000Z,13268930,Комола (Rooftop hall)
36230797,85346514,Отложенный спрос,143,Закрыто и не реализовано,2026-08-06T11:12:09.000Z,13268930,Комола (Rooftop hall)
45034709,86701234,Переговоры,143,Закрыто и не реализовано,2026-08-06T11:10:36.000Z,13268930,Комола (Rooftop hall)
44694983,86701234,Переговоры,143,Закрыто и не реализовано,2026-08-06T11:09:29.000Z,13268930,Комола (Rooftop hall)
47617713,82313754,Неразобранное,86701234,Переговоры,2026-08-06T11:04:32.000Z,13268930,Комола (Rooftop hall)
47555851,86701234,Переговоры,143,Закрыто и не реализовано,2026-08-06T10:55:34.000Z,13268930,Комола (Rooftop hall)
47602225,86701234,Переговоры,82601126,КП / презентация,2026-08-06T10:52:40.000Z,13268930,Комола (Rooftop hall)
47605477,86701234,Переговоры,82601126,КП / презентация,2026-08-06T10:51:45.000Z,13268930,Комола (Rooftop hall)
47615671,82313754,Неразобранное,86701234,Переговоры,2026-08-06T10:46:37.000Z,13268930,Комола (Rooftop hall)
47608705,82313754,Неразобранное,143,Закрыто и не реализовано,2026-08-06T10:44:51.000Z,13268930,Комола (Rooftop hall)
44624287,86701234,Переговоры,82601126,КП / презентация,2026-08-06T10:43:40.000Z,13268930,Комола (Rooftop hall)
47605477,82313754,Неразобранное,86701234,Переговоры,2026-08-06T07:51:05.000Z,13268930,Комола (Rooftop hall)
42485253,82601126,КП / презентация,143,Закрыто и не реализовано,2026-08-06T07:30:19.000Z,13268930,Комола (Rooftop hall)
42213035,82601126,КП / презентация,143,Закрыто и не реализовано,2026-08-06T07:29:55.000Z,13268930,Комола (Rooftop hall)
42178465,82601126,КП / презентация,143,Закрыто и не реализовано,2026-08-06T07:29:01.000Z,13268930,Комола (Rooftop hall)
42170813,82601126,КП / презентация,143,Закрыто и не реализовано,2026-08-06T07:23:12.000Z,13268930,Комола (Rooftop hall)
42088017,82601126,КП / презентация,143,Закрыто и не реализовано,2026-08-06T07:21:12.000Z,13268930,Комола (Rooftop hall)
42027727,82601126,КП / презентация,143,Закрыто и не реализовано,2026-08-06T07:17:30.000Z,13268930,Комола (Rooftop hall)
41918489,82601126,КП / презентация,143,Закрыто и не реализовано,2026-08-06T07:13:11.000Z,13268930,Комола (Rooftop hall)
47574025,87644138,Недозвон,143,Закрыто и не реализовано,2026-08-06T07:11:18.000Z,13216486,Admin (тех. аккаунт)
47292553,87644138,Недозвон,143,Закрыто и не реализовано,2026-08-06T07:10:48.000Z,13216486,Admin (тех. аккаунт)
42221409,82601126,КП / презентация,143,Закрыто и не реализовано,2026-08-06T07:10:48.000Z,13268930,Комола (Rooftop hall)
47590921,85378206,Неразобранное,87644138,Недозвон,2026-08-06T07:10:09.000Z,13216486,Admin (тех. аккаунт)
47602225,82313754,Неразобранное,86701234,Переговоры,2026-08-06T07:09:39.000Z,13268930,Комола (Rooftop hall)
47584529,87644138,Недозвон,143,Закрыто и не реализовано,2026-08-06T07:08:56.000Z,13216486,Admin (тех. аккаунт)
47590067,85378206,Неразобранное,87644138,Недозвон,2026-08-06T07:08:00.000Z,13216486,Admin (тех. аккаунт)
47584529,85378206,Неразобранное,87644138,Недозвон,2026-08-06T07:06:32.000Z,13216486,Admin (тех. аккаунт)
47582193,85378206,Неразобранное,85378210,переговоры,2026-08-06T07:03:54.000Z,13216486,Admin (тех. аккаунт)
47583541,82313754,Неразобранное,86701234,Переговоры,2026-08-06T05:20:09.000Z,13268930,Комола (Rooftop hall)
47592763,82313754,Неразобранное,85355474,Instagram,2026-08-06T01:20:04.000Z,0,
47590447,82313754,Неразобранное,85355474,Instagram,2026-08-05T20:20:09.000Z,0,
47590357,82313754,Неразобранное,85355474,Instagram,2026-08-05T20:14:08.000Z,0,
47589503,82313754,Неразобранное,85355474,Instagram,2026-08-05T19:30:18.000Z,0,
47584607,82313754,Неразобранное,85355474,Instagram,2026-08-05T16:52:07.000Z,0,
47583099,82313754,Неразобранное,85355474,Instagram,2026-08-05T16:07:18.000Z,0,
47581487,82313754,Неразобранное,85355474,Instagram,2026-08-05T15:20:16.000Z,0,
47580381,82313754,Неразобранное,85355474,Instagram,2026-08-05T14:48:12.000Z,0,
47574025,85378206,Неразобранное,87644138,Недозвон,2026-08-05T13:53:51.000Z,13216486,Admin (тех. аккаунт)
47551479,82313754,Неразобранное,86701234,Переговоры,2026-08-05T13:48:22.000Z,0,
47576471,85378206,Неразобранное,85378210,переговоры,2026-08-05T13:40:53.000Z,13216486,Admin (тех. аккаунт)
42043283,82601126,КП / презентация,143,Закрыто и не реализовано,2026-08-05T12:56:13.000Z,13268930,Комола (Rooftop hall)
42035593,82601126,КП / презентация,143,Закрыто и не реализовано,2026-08-05T12:55:41.000Z,13268930,Комола (Rooftop hall)
41978261,82601126,КП / презентация,143,Закрыто и не реализовано,2026-08-05T12:53:19.000Z,13268930,Комола (Rooftop hall)
41959713,82601126,КП / презентация,143,Закрыто и не реализовано,2026-08-05T12:44:59.000Z,13268930,Комола (Rooftop hall)
47564357,85355474,Instagram,82601126,КП / презентация,2026-08-05T12:26:42.000Z,13268930,Комола (Rooftop hall)
41799041,82601126,КП / презентация,143,Закрыто и не реализовано,2026-08-05T12:19:24.000Z,13268930,Комола (Rooftop hall)
41718095,82601126,КП / презентация,143,Закрыто и не реализовано,2026-08-05T12:19:02.000Z,13268930,Комола (Rooftop hall)
41719921,82601126,КП / презентация,143,Закрыто и не реализовано,2026-08-05T12:16:49.000Z,13268930,Комола (Rooftop hall)
41715183,82601126,КП / презентация,143,Закрыто и не реализовано,2026-08-05T12:08:03.000Z,13268930,Комола (Rooftop hall)
41708295,82601126,КП / презентация,143,Закрыто и не реализовано,2026-08-05T12:07:09.000Z,13268930,Комола (Rooftop hall)
41674189,82601126,КП / презентация,143,Закрыто и не реализовано,2026-08-05T12:00:06.000Z,13268930,Комола (Rooftop hall)
41661011,82601126,КП / презентация,143,Закрыто и не реализовано,2026-08-05T11:56:52.000Z,13268930,Комола (Rooftop hall)
41654559,82601126,КП / презентация,143,Закрыто и не реализовано,2026-08-05T11:55:28.000Z,13268930,Комола (Rooftop hall)
41652373,82601126,КП / презентация,143,Закрыто и не реализовано,2026-08-05T11:53:41.000Z,13268930,Комола (Rooftop hall)
47568597,82313754,Неразобранное,143,Закрыто и не реализовано,2026-08-05T11:50:33.000Z,13268930,Комола (Rooftop hall)
41646439,82601126,КП / презентация,143,Закрыто и не реализовано,2026-08-05T11:47:34.000Z,13268930,Комола (Rooftop hall)
41636461,82601126,КП / презентация,143,Закрыто и не реализовано,2026-08-05T11:46:34.000Z,13268930,Комола (Rooftop hall)
41632731,82601126,КП / презентация,143,Закрыто и не реализовано,2026-08-05T11:41:24.000Z,13268930,Комола (Rooftop hall)
41606869,82601126,КП / презентация,143,Закрыто и не реализовано,2026-08-05T11:38:43.000Z,13268930,Комола (Rooftop hall)
41593583,82601126,КП / презентация,143,Закрыто и не реализовано,2026-08-05T11:35:25.000Z,13268930,Комола (Rooftop hall)
41427409,82601126,КП / презентация,143,Закрыто и не реализовано,2026-08-05T11:31:04.000Z,13268930,Комола (Rooftop hall)
41426587,82601126,КП / презентация,143,Закрыто и не реализовано,2026-08-05T11:29:41.000Z,13268930,Комола (Rooftop hall)
47564701,86701234,Переговоры,85019690,Показ,2026-08-05T11:03:52.000Z,13268930,Комола (Rooftop hall)
47564701,82313754,Неразобранное,86701234,Переговоры,2026-08-05T11:03:42.000Z,13268930,Комола (Rooftop hall)
47565303,85378206,Неразобранное,85378218,Принимают решение,2026-08-05T10:57:39.000Z,13216486,Admin (тех. аккаунт)
41318323,82601126,КП / презентация,143,Закрыто и не реализовано,2026-08-05T09:54:14.000Z,13268930,Комола (Rooftop hall)
41312147,82601126,КП / презентация,143,Закрыто и не реализовано,2026-08-05T09:51:57.000Z,13268930,Комола (Rooftop hall)
47490575,85019690,Показ,143,Закрыто и не реализовано,2026-08-05T09:44:26.000Z,13268930,Комола (Rooftop hall)
47557449,82313754,Неразобранное,143,Закрыто и не реализовано,2026-08-05T09:32:21.000Z,13268930,Комола (Rooftop hall)
47301563,85378210,переговоры,143,Закрыто и не реализовано,2026-08-05T08:35:16.000Z,13216486,Admin (тех. аккаунт)
47555851,82313754,Неразобранное,86701234,Переговоры,2026-08-05T08:13:18.000Z,13268930,Комола (Rooftop hall)
47102931,85378210,переговоры,143,Закрыто и не реализовано,2026-08-05T08:01:28.000Z,13216486,Admin (тех. аккаунт)
46572755,85378210,переговоры,143,Закрыто и не реализовано,2026-08-05T07:57:50.000Z,13216486,Admin (тех. аккаунт)
46480753,85378210,переговоры,143,Закрыто и не реализовано,2026-08-05T07:42:51.000Z,13216486,Admin (тех. аккаунт)
46464595,85378210,переговоры,143,Закрыто и не реализовано,2026-08-05T07:41:23.000Z,13216486,Admin (тех. аккаунт)
46572837,85378210,переговоры,143,Закрыто и не реализовано,2026-08-05T07:40:18.000Z,13216486,Admin (тех. аккаунт)
47553927,82313754,Неразобранное,85355474,Instagram,2026-08-05T07:32:18.000Z,0,
46460097,85378210,переговоры,143,Закрыто и не реализовано,2026-08-05T07:22:16.000Z,13216486,Admin (тех. аккаунт)
46451793,85378210,переговоры,143,Закрыто и не реализовано,2026-08-05T07:19:57.000Z,13216486,Admin (тех. аккаунт)
46448859,85378210,переговоры,143,Закрыто и не реализовано,2026-08-05T07:11:30.000Z,13216486,Admin (тех. аккаунт)
47464705,87644138,Недозвон,143,Закрыто и не реализовано,2026-08-05T07:10:50.000Z,13216486,Admin (тех. аккаунт)
47550655,86701234,Переговоры,143,Закрыто и не реализовано,2026-08-05T07:10:31.000Z,13268930,Комола (Rooftop hall)
47551437,82313754,Неразобранное,85019690,Показ,2026-08-05T07:09:56.000Z,13268930,Комола (Rooftop hall)
47395147,87644138,Недозвон,143,Закрыто и не реализовано,2026-08-05T07:09:53.000Z,13216486,Admin (тех. аккаунт)
47287105,87644138,Недозвон,143,Закрыто и не реализовано,2026-08-05T07:07:34.000Z,13216486,Admin (тех. аккаунт)
47296551,87644138,Недозвон,143,Закрыто и не реализовано,2026-08-05T06:45:41.000Z,13216486,Admin (тех. аккаунт)
47344409,87644138,Недозвон,143,Закрыто и не реализовано,2026-08-05T06:44:04.000Z,13216486,Admin (тех. аккаунт)
47366699,87644138,Недозвон,85378210,переговоры,2026-08-05T06:25:12.000Z,13216486,Admin (тех. аккаунт)
47383137,87644138,Недозвон,143,Закрыто и не реализовано,2026-08-05T06:19:06.000Z,13216486,Admin (тех. аккаунт)
47407063,87644138,Недозвон,85378210,переговоры,2026-08-05T06:13:39.000Z,13216486,Admin (тех. аккаунт)
47469441,87644138,Недозвон,85378218,Принимают решение,2026-08-05T06:05:33.000Z,13216486,Admin (тех. аккаунт)
47487767,87644138,Недозвон,85378210,переговоры,2026-08-05T06:00:18.000Z,13216486,Admin (тех. аккаунт)
47547169,86701234,Переговоры,143,Закрыто и не реализовано,2026-08-05T05:52:24.000Z,13268930,Комола (Rooftop hall)
47518967,82313754,Неразобранное,86701234,Переговоры,2026-08-05T05:46:32.000Z,13268930,Комола (Rooftop hall)
47541449,82313754,Неразобранное,143,Закрыто и не реализовано,2026-08-05T05:32:48.000Z,13268930,Комола (Rooftop hall)
47535553,82313754,Неразобранное,85355474,Instagram,2026-08-04T20:09:07.000Z,0,
47526813,82313754,Неразобранное,85355474,Instagram,2026-08-04T15:57:10.000Z,0,
47526585,82313754,Неразобранное,85355474,Instagram,2026-08-04T15:52:12.000Z,0,
47519751,82313754,Неразобранное,85355474,Instagram,2026-08-04T13:52:17.000Z,0,
47517403,82313754,Неразобранное,85355474,Instagram,2026-08-04T13:12:39.000Z,0,
41264423,82601126,КП / презентация,143,Закрыто и не реализовано,2026-08-04T12:45:37.000Z,13268930,Комола (Rooftop hall)
41226899,82601126,КП / презентация,143,Закрыто и не реализовано,2026-08-04T12:44:01.000Z,13268930,Комола (Rooftop hall)
41219079,82601126,КП / презентация,143,Закрыто и не реализовано,2026-08-04T12:43:06.000Z,13268930,Комола (Rooftop hall)
41218165,82601126,КП / презентация,143,Закрыто и не реализовано,2026-08-04T12:42:23.000Z,13268930,Комола (Rooftop hall)
41215839,82601126,КП / презентация,143,Закрыто и не реализовано,2026-08-04T12:40:15.000Z,13268930,Комола (Rooftop hall)
41185969,82601126,КП / презентация,84174874,Прайс отправлен / Ожидание,2026-08-04T12:37:49.000Z,13268930,Комола (Rooftop hall)
41185155,82601126,КП / презентация,143,Закрыто и не реализовано,2026-08-04T12:36:35.000Z,13268930,Комола (Rooftop hall)
47514759,82313754,Неразобранное,143,Закрыто и не реализовано,2026-08-04T12:34:43.000Z,13268930,Комола (Rooftop hall)
41163203,82601126,КП / презентация,143,Закрыто и не реализовано,2026-08-04T12:12:31.000Z,13268930,Комола (Rooftop hall)
41149061,82601126,КП / презентация,143,Закрыто и не реализовано,2026-08-04T12:11:44.000Z,13268930,Комола (Rooftop hall)
41146867,82601126,КП / презентация,143,Закрыто и не реализовано,2026-08-04T12:10:44.000Z,13268930,Комола (Rooftop hall)
41146621,82601126,КП / презентация,143,Закрыто и не реализовано,2026-08-04T12:09:16.000Z,13268930,Комола (Rooftop hall)
40939211,82601126,КП / презентация,143,Закрыто и не реализовано,2026-08-04T11:52:50.000Z,13268930,Комола (Rooftop hall)
40909709,82601126,КП / презентация,143,Закрыто и не реализовано,2026-08-04T11:52:12.000Z,13268930,Комола (Rooftop hall)
40907291,82601126,КП / презентация,143,Закрыто и не реализовано,2026-08-04T11:51:35.000Z,13268930,Комола (Rooftop hall)
40826541,82601126,КП / презентация,143,Закрыто и не реализовано,2026-08-04T11:48:46.000Z,13268930,Комола (Rooftop hall)
47369187,86701234,Переговоры,143,Закрыто и не реализовано,2026-08-04T11:36:06.000Z,13268930,Комола (Rooftop hall)
45268515,82601126,КП / презентация,85346514,Отложенный спрос,2026-08-04T11:34:55.000Z,13268930,Комола (Rooftop hall)
36756623,82601126,КП / презентация,143,Закрыто и не реализовано,2026-08-04T11:14:00.000Z,13268930,Комола (Rooftop hall)
36659391,82601126,КП / презентация,143,Закрыто и не реализовано,2026-08-04T11:12:41.000Z,13268930,Комола (Rooftop hall)
36470691,82601126,КП / презентация,143,Закрыто и не реализовано,2026-08-04T11:11:56.000Z,13268930,Комола (Rooftop hall)
41225053,82601126,КП / презентация,143,Закрыто и не реализовано,2026-08-04T11:11:10.000Z,13268930,Комола (Rooftop hall)
47444403,86701234,Переговоры,143,Закрыто и не реализовано,2026-08-04T11:09:15.000Z,13268930,Комола (Rooftop hall)
47410527,86701234,Переговоры,143,Закрыто и не реализовано,2026-08-04T11:07:41.000Z,13268930,Комола (Rooftop hall)
47434539,86701234,Переговоры,82601126,КП / презентация,2026-08-04T10:59:14.000Z,13268930,Комола (Rooftop hall)
42248325,82601126,КП / презентация,85019690,Показ,2026-08-04T10:51:16.000Z,13268930,Комола (Rooftop hall)
46437359,85378210,переговоры,143,Закрыто и не реализовано,2026-08-04T10:47:40.000Z,13216486,Admin (тех. аккаунт)
46356493,85378210,переговоры,143,Закрыто и не реализовано,2026-08-04T10:45:50.000Z,13216486,Admin (тех. аккаунт)
42254539,82601126,КП / презентация,143,Закрыто и не реализовано,2026-08-04T10:45:39.000Z,13268930,Комола (Rooftop hall)
42313535,82601126,КП / презентация,143,Закрыто и не реализовано,2026-08-04T10:44:36.000Z,13268930,Комола (Rooftop hall)
47370399,86701234,Переговоры,85019690,Показ,2026-08-04T10:43:37.000Z,13268930,Комола (Rooftop hall)
42422185,82601126,КП / презентация,143,Закрыто и не реализовано,2026-08-04T10:41:58.000Z,13268930,Комола (Rooftop hall)
46726245,85019690,Показ,143,Закрыто и не реализовано,2026-08-04T10:27:54.000Z,13268930,Комола (Rooftop hall)
44533401,82601130,Согласование договора/сметы,143,Закрыто и не реализовано,2026-08-04T10:25:41.000Z,13268930,Комола (Rooftop hall)
46060823,85019690,Показ,143,Закрыто и не реализовано,2026-08-04T10:20:49.000Z,13268930,Комола (Rooftop hall)
46334647,85378210,переговоры,143,Закрыто и не реализовано,2026-08-04T10:13:59.000Z,13216486,Admin (тех. аккаунт)
46392817,85019690,Показ,143,Закрыто и не реализовано,2026-08-04T10:12:51.000Z,13268930,Комола (Rooftop hall)
46233697,85019690,Показ,143,Закрыто и не реализовано,2026-08-04T10:08:07.000Z,13268930,Комола (Rooftop hall)
47499621,82313754,Неразобранное,143,Закрыто и не реализовано,2026-08-04T09:51:44.000Z,13268930,Комола (Rooftop hall)
45488947,85019690,Показ,143,Закрыто и не реализовано,2026-08-04T09:50:57.000Z,13268930,Комола (Rooftop hall)
46297299,85378210,переговоры,143,Закрыто и не реализовано,2026-08-04T09:49:11.000Z,13216486,Admin (тех. аккаунт)
46294011,85378210,переговоры,143,Закрыто и не реализовано,2026-08-04T09:41:37.000Z,13216486,Admin (тех. аккаунт)
46169697,85378210,переговоры,143,Закрыто и не реализовано,2026-08-04T09:40:38.000Z,13216486,Admin (тех. аккаунт)
47487767,85378206,Неразобранное,87644138,Недозвон,2026-08-04T09:40:13.000Z,13216486,Admin (тех. аккаунт)
47470465,85378206,Неразобранное,143,Закрыто и не реализовано,2026-08-04T09:39:18.000Z,13216486,Admin (тех. аккаунт)
47469441,85378206,Неразобранное,87644138,Недозвон,2026-08-04T09:37:11.000Z,13216486,Admin (тех. аккаунт)
47464705,85378206,Неразобранное,87644138,Недозвон,2026-08-04T09:34:48.000Z,13216486,Admin (тех. аккаунт)
47457285,85378206,Неразобранное,143,Закрыто и не реализовано,2026-08-04T09:33:56.000Z,13216486,Admin (тех. аккаунт)
47456375,85378206,Неразобранное,85378210,переговоры,2026-08-04T09:33:19.000Z,13216486,Admin (тех. аккаунт)
47419411,85378206,Неразобранное,85378210,переговоры,2026-08-04T09:31:48.000Z,13216486,Admin (тех. аккаунт)
47407063,85378206,Неразобранное,87644138,Недозвон,2026-08-04T09:30:07.000Z,13216486,Admin (тех. аккаунт)
47419445,85378206,Неразобранное,143,Закрыто и не реализовано,2026-08-04T09:28:01.000Z,13216486,Admin (тех. аккаунт)
47406933,87644138,Недозвон,85378210,переговоры,2026-08-04T09:20:53.000Z,13216486,Admin (тех. аккаунт)
47406933,85378206,Неразобранное,87644138,Недозвон,2026-08-04T09:20:22.000Z,13216486,Admin (тех. аккаунт)
47404605,85378206,Неразобранное,85378210,переговоры,2026-08-04T09:18:25.000Z,13216486,Admin (тех. аккаунт)
47403149,85378206,Неразобранное,85378210,переговоры,2026-08-04T09:16:04.000Z,13216486,Admin (тех. аккаунт)
47395499,87644138,Недозвон,143,Закрыто и не реализовано,2026-08-04T09:01:18.000Z,13216486,Admin (тех. аккаунт)
47395499,85378206,Неразобранное,87644138,Недозвон,2026-08-04T09:01:10.000Z,13216486,Admin (тех. аккаунт)
47395147,85378206,Неразобранное,87644138,Недозвон,2026-08-04T08:59:51.000Z,13216486,Admin (тех. аккаунт)
47392699,85378206,Неразобранное,85378210,переговоры,2026-08-04T08:58:51.000Z,13216486,Admin (тех. аккаунт)
47390907,85378206,Неразобранное,85378210,переговоры,2026-08-04T08:56:38.000Z,13216486,Admin (тех. аккаунт)
47383137,85378206,Неразобранное,87644138,Недозвон,2026-08-04T08:53:27.000Z,13216486,Admin (тех. аккаунт)
47373975,85378206,Неразобранное,143,Закрыто и не реализовано,2026-08-04T08:52:06.000Z,13216486,Admin (тех. аккаунт)
47366699,85378206,Неразобранное,87644138,Недозвон,2026-08-04T08:50:12.000Z,13216486,Admin (тех. аккаунт)
47344409,85378206,Неразобранное,87644138,Недозвон,2026-08-04T08:49:59.000Z,13216486,Admin (тех. аккаунт)
47296551,85378206,Неразобранное,87644138,Недозвон,2026-08-04T08:49:48.000Z,13216486,Admin (тех. аккаунт)
47292553,85378206,Неразобранное,87644138,Недозвон,2026-08-04T08:49:34.000Z,13216486,Admin (тех. аккаунт)
47287105,85378206,Неразобранное,87644138,Недозвон,2026-08-04T08:49:19.000Z,13216486,Admin (тех. аккаунт)
47360141,85378206,Неразобранное,85378218,Принимают решение,2026-08-04T08:49:00.000Z,13216486,Admin (тех. аккаунт)
47332769,85378218,Принимают решение,143,Закрыто и не реализовано,2026-08-04T08:46:51.000Z,13216486,Admin (тех. аккаунт)
47354511,85378206,Неразобранное,143,Закрыто и не реализовано,2026-08-04T08:27:40.000Z,13216486,Admin (тех. аккаунт)
47176675,85378218,Принимают решение,143,Закрыто и не реализовано,2026-08-04T08:26:46.000Z,13216486,Admin (тех. аккаунт)
47146537,85378218,Принимают решение,143,Закрыто и не реализовано,2026-08-04T08:20:54.000Z,13216486,Admin (тех. аккаунт)
46802101,85378218,Принимают решение,143,Закрыто и не реализовано,2026-08-04T08:19:03.000Z,13216486,Admin (тех. аккаунт)
46348775,85378218,Принимают решение,143,Закрыто и не реализовано,2026-08-04T08:17:38.000Z,13216486,Admin (тех. аккаунт)
46311219,85378218,Принимают решение,143,Закрыто и не реализовано,2026-08-04T08:17:02.000Z,13216486,Admin (тех. аккаунт)
46108761,85378218,Принимают решение,143,Закрыто и не реализовано,2026-08-04T08:16:07.000Z,13216486,Admin (тех. аккаунт)
45984135,85378218,Принимают решение,143,Закрыто и не реализовано,2026-08-04T08:15:32.000Z,13216486,Admin (тех. аккаунт)
47453667,86701234,Переговоры,85019690,Показ,2026-08-04T08:13:33.000Z,13268930,Комола (Rooftop hall)
47490085,82313754,Неразобранное,143,Закрыто и не реализовано,2026-08-04T08:12:20.000Z,13268930,Комола (Rooftop hall)
47490575,86701234,Переговоры,85019690,Показ,2026-08-04T08:11:09.000Z,13268930,Комола (Rooftop hall)
47490575,82313754,Неразобранное,86701234,Переговоры,2026-08-04T08:10:24.000Z,13268930,Комола (Rooftop hall)
47385361,82313754,Неразобранное,86701234,Переговоры,2026-08-04T08:08:24.000Z,13268930,Комола (Rooftop hall)
47295359,85378206,Неразобранное,143,Закрыто и не реализовано,2026-08-04T07:10:31.000Z,13216486,Admin (тех. аккаунт)
47348603,85378206,Неразобранное,143,Закрыто и не реализовано,2026-08-04T07:07:26.000Z,13216486,Admin (тех. аккаунт)
47385273,82313754,Неразобранное,143,Закрыто и не реализовано,2026-08-04T06:45:57.000Z,13268930,Комола (Rooftop hall)
47394755,82313754,Неразобранное,86701234,Переговоры,2026-08-04T06:28:54.000Z,13268930,Комола (Rooftop hall)
47399557,82313754,Неразобранное,143,Закрыто и не реализовано,2026-08-04T06:18:03.000Z,13268930,Комола (Rooftop hall)
47347339,85378206,Неразобранное,85378218,Принимают решение,2026-08-04T06:17:02.000Z,13216486,Admin (тех. аккаунт)
47402727,82313754,Неразобранное,143,Закрыто и не реализовано,2026-08-04T06:16:52.000Z,13268930,Комола (Rooftop hall)
47410527,82313754,Неразобранное,86701234,Переговоры,2026-08-04T06:14:44.000Z,13268930,Комола (Rooftop hall)
40883181,143,Закрыто и не реализовано,86701234,Переговоры,2026-08-04T06:13:58.000Z,13268930,Комола (Rooftop hall)
47339335,85378206,Неразобранное,143,Закрыто и не реализовано,2026-08-04T06:12:20.000Z,13216486,Admin (тех. аккаунт)
47419487,82313754,Неразобранное,143,Закрыто и не реализовано,2026-08-04T06:11:19.000Z,13268930,Комола (Rooftop hall)
47420797,82313754,Неразобранное,143,Закрыто и не реализовано,2026-08-04T06:10:39.000Z,13268930,Комола (Rooftop hall)
47298865,85378206,Неразобранное,85378210,переговоры,2026-08-04T06:08:30.000Z,13216486,Admin (тех. аккаунт)
47431293,82313754,Неразобранное,143,Закрыто и не реализовано,2026-08-04T06:07:44.000Z,13268930,Комола (Rooftop hall)
47437901,82313754,Неразобранное,86701234,Переговоры,2026-08-04T05:58:09.000Z,13268930,Комола (Rooftop hall)
47442325,82313754,Неразобранное,143,Закрыто и не реализовано,2026-08-04T05:54:50.000Z,13268930,Комола (Rooftop hall)
47449141,82313754,Неразобранное,143,Закрыто и не реализовано,2026-08-04T05:53:55.000Z,13268930,Комола (Rooftop hall)
47456801,82313754,Неразобранное,86701234,Переговоры,2026-08-04T05:52:20.000Z,13268930,Комола (Rooftop hall)
47298089,85378206,Неразобранное,143,Закрыто и не реализовано,2026-08-04T05:44:46.000Z,13216486,Admin (тех. аккаунт)
47462799,82313754,Неразобранное,143,Закрыто и не реализовано,2026-08-04T05:44:07.000Z,13268930,Комола (Rooftop hall)
47463737,82313754,Неразобранное,143,Закрыто и не реализовано,2026-08-04T05:42:01.000Z,13268930,Комола (Rooftop hall)
47290677,85378206,Неразобранное,143,Закрыто и не реализовано,2026-08-04T05:38:02.000Z,13216486,Admin (тех. аккаунт)
47282573,85378206,Неразобранное,85378210,переговоры,2026-08-04T05:36:36.000Z,13216486,Admin (тех. аккаунт)
47464521,82313754,Неразобранное,86701234,Переговоры,2026-08-04T05:32:47.000Z,13268930,Комола (Rooftop hall)
47450803,82313754,Неразобранное,143,Закрыто и не реализовано,2026-08-04T05:28:13.000Z,13268930,Комола (Rooftop hall)
47379333,82313754,Неразобранное,86701234,Переговоры,2026-08-04T05:27:49.000Z,13268930,Комола (Rooftop hall)
47382837,82313754,Неразобранное,143,Закрыто и не реализовано,2026-08-04T05:26:58.000Z,13268930,Комола (Rooftop hall)
47469187,82313754,Неразобранное,85355474,Instagram,2026-08-03T17:29:14.000Z,0,
47286765,85378206,Неразобранное,85378218,Принимают решение,2026-08-03T13:16:31.000Z,13216486,Admin (тех. аккаунт)
47246985,85378206,Неразобранное,85378218,Принимают решение,2026-08-03T13:13:53.000Z,13216486,Admin (тех. аккаунт)
47200052,85378206,Неразобранное,143,Закрыто и не реализовано,2026-08-03T13:12:06.000Z,13216486,Admin (тех. аккаунт)
47198200,85378206,Неразобранное,85378218,Принимают решение,2026-08-03T13:11:21.000Z,13216486,Admin (тех. аккаунт)
47457015,82313754,Неразобранное,85355474,Instagram,2026-08-03T13:10:31.000Z,0,
47190461,85378206,Неразобранное,143,Закрыто и не реализовано,2026-08-03T13:08:45.000Z,13216486,Admin (тех. аккаунт)
47184775,85378206,Неразобранное,85378218,Принимают решение,2026-08-03T13:07:44.000Z,13216486,Admin (тех. аккаунт)
47162657,85378206,Неразобранное,143,Закрыто и не реализовано,2026-08-03T13:03:13.000Z,13216486,Admin (тех. аккаунт)
47421337,85378206,Неразобранное,143,Закрыто и не реализовано,2026-08-03T12:16:17.000Z,13216486,Admin (тех. аккаунт)
47429617,85378206,Неразобранное,143,Закрыто и не реализовано,2026-08-03T12:15:04.000Z,13216486,Admin (тех. аккаунт)
47449515,85378206,Неразобранное,143,Закрыто и не реализовано,2026-08-03T12:13:54.000Z,13216486,Admin (тех. аккаунт)
47384609,85378206,Неразобранное,143,Закрыто и не реализовано,2026-08-03T12:12:26.000Z,13216486,Admin (тех. аккаунт)
47441823,82313754,Неразобранное,86701234,Переговоры,2026-08-03T09:27:03.000Z,13268930,Комола (Rooftop hall)
47437581,82313754,Неразобранное,86701234,Переговоры,2026-08-03T08:36:16.000Z,13268930,Комола (Rooftop hall)
47422511,85378206,Неразобранное,143,Закрыто и не реализовано,2026-08-03T08:11:06.000Z,13216486,Admin (тех. аккаунт)
47422355,85378206,Неразобранное,85378210,переговоры,2026-08-03T07:51:28.000Z,13216486,Admin (тех. аккаунт)
47428437,85378206,Неразобранное,143,Закрыто и не реализовано,2026-08-03T07:32:14.000Z,13216486,Admin (тех. аккаунт)
47434539,82313754,Неразобранное,86701234,Переговоры,2026-08-03T06:54:54.000Z,13268930,Комола (Rooftop hall)
47378503,82313754,Неразобранное,86701234,Переговоры,2026-08-03T06:22:12.000Z,13268930,Комола (Rooftop hall)
47375885,82313754,Неразобранное,143,Закрыто и не реализовано,2026-08-03T06:19:44.000Z,13268930,Комола (Rooftop hall)
47373807,82313754,Неразобранное,143,Закрыто и не реализовано,2026-08-03T06:16:53.000Z,13268930,Комола (Rooftop hall)
47373167,82313754,Неразобранное,143,Закрыто и не реализовано,2026-08-03T06:16:04.000Z,13268930,Комола (Rooftop hall)
47371777,82313754,Неразобранное,86701234,Переговоры,2026-08-03T06:13:35.000Z,13268930,Комола (Rooftop hall)
47370399,82313754,Неразобранное,86701234,Переговоры,2026-08-03T06:10:45.000Z,13268930,Комола (Rooftop hall)
47370063,82313754,Неразобранное,143,Закрыто и не реализовано,2026-08-03T06:03:55.000Z,13268930,Комола (Rooftop hall)
47369187,82313754,Неразобранное,86701234,Переговоры,2026-08-03T05:59:00.000Z,13268930,Комола (Rooftop hall)
47282309,86701234,Переговоры,143,Закрыто и не реализовано,2026-08-03T05:50:18.000Z,13268930,Комола (Rooftop hall)
47282309,82313754,Неразобранное,86701234,Переговоры,2026-08-03T05:50:03.000Z,13268930,Комола (Rooftop hall)
47428087,82313754,Неразобранное,86701234,Переговоры,2026-08-03T05:47:25.000Z,13268930,Комола (Rooftop hall)
47420391,82313754,Неразобранное,85355474,Instagram,2026-08-02T19:09:08.000Z,0,
47416565,82313754,Неразобранное,85355474,Instagram,2026-08-02T17:50:10.000Z,0,
47410401,82313754,Неразобранное,85355474,Instagram,2026-08-02T14:25:10.000Z,0,
47398679,82313754,Неразобранное,85355474,Instagram,2026-08-02T09:05:09.000Z,0,
47396951,82313754,Неразобранное,85355474,Instagram,2026-08-02T08:20:13.000Z,0,
47393753,82313754,Неразобранное,85355474,Instagram,2026-08-02T06:55:09.000Z,0,
47379315,82313754,Неразобранное,85355474,Instagram,2026-08-01T15:44:09.000Z,0,
47373375,82313754,Неразобранное,85355474,Instagram,2026-08-01T12:42:08.000Z,0,
47371999,82313754,Неразобранное,85355474,Instagram,2026-08-01T12:03:36.000Z,0,
46057237,85019690,Показ,143,Закрыто и не реализовано,2026-08-01T10:24:16.000Z,13268930,Комола (Rooftop hall)
47367139,82313754,Неразобранное,85355474,Instagram,2026-08-01T10:07:21.000Z,0,
47366475,82313754,Неразобранное,85355474,Instagram,2026-08-01T09:53:10.000Z,0,
45425829,85019690,Показ,143,Закрыто и не реализовано,2026-08-01T09:27:20.000Z,13268930,Комола (Rooftop hall)
45388929,85019690,Показ,143,Закрыто и не реализовано,2026-08-01T09:17:18.000Z,13268930,Комола (Rooftop hall)
47362535,86701234,Переговоры,85019690,Показ,2026-08-01T08:20:43.000Z,13268930,Комола (Rooftop hall)
47362535,82313754,Неразобранное,86701234,Переговоры,2026-08-01T08:20:33.000Z,13268930,Комола (Rooftop hall)
47338999,82313754,Неразобранное,86701234,Переговоры,2026-08-01T06:31:28.000Z,13268930,Комола (Rooftop hall)
47346235,82313754,Неразобранное,143,Закрыто и не реализовано,2026-08-01T06:29:15.000Z,13268930,Комола (Rooftop hall)
47331497,86701234,Переговоры,143,Закрыто и не реализовано,2026-08-01T06:28:22.000Z,13268930,Комола (Rooftop hall)
47331497,82313754,Неразобранное,86701234,Переговоры,2026-08-01T06:28:04.000Z,13268930,Комола (Rooftop hall)
47324903,82313754,Неразобранное,86701234,Переговоры,2026-08-01T06:21:33.000Z,13268930,Комола (Rooftop hall)
47317425,82313754,Неразобранное,86701234,Переговоры,2026-08-01T06:19:32.000Z,13268930,Комола (Rooftop hall)
47342069,82313754,Неразобранное,86701234,Переговоры,2026-08-01T05:59:36.000Z,13268930,Комола (Rooftop hall)
47346973,82313754,Неразобранное,86701234,Переговоры,2026-08-01T05:24:36.000Z,13268930,Комола (Rooftop hall)
47339551,86701234,Переговоры,143,Закрыто и не реализовано,2026-08-01T05:18:21.000Z,13268930,Комола (Rooftop hall)
47352599,82313754,Неразобранное,85355474,Instagram,2026-08-01T02:43:04.000Z,0,
47350041,82313754,Неразобранное,85355474,Instagram,2026-07-31T20:42:04.000Z,0,
47340455,82313754,Неразобранное,85355474,Instagram,2026-07-31T14:53:11.000Z,0,
47312745,85378206,Неразобранное,85378218,Принимают решение,2026-07-31T13:01:42.000Z,13216486,Admin (тех. аккаунт)
47312929,85378206,Неразобранное,143,Закрыто и не реализовано,2026-07-31T12:59:07.000Z,13216486,Admin (тех. аккаунт)
47324651,85378206,Неразобранное,85378210,переговоры,2026-07-31T12:56:37.000Z,13216486,Admin (тех. аккаунт)
47330571,85378206,Неразобранное,85378210,переговоры,2026-07-31T12:56:11.000Z,13216486,Admin (тех. аккаунт)
47332769,85378206,Неразобранное,85378218,Принимают решение,2026-07-31T12:54:51.000Z,13216486,Admin (тех. аккаунт)
47335867,82313754,Неразобранное,85355474,Instagram,2026-07-31T12:53:13.000Z,0,
47335045,82313754,Неразобранное,86701234,Переговоры,2026-07-31T12:39:54.000Z,0,
47298755,82313754,Неразобранное,143,Закрыто и не реализовано,2026-07-31T10:54:10.000Z,13268930,Комола (Rooftop hall)
47286749,82313754,Неразобранное,143,Закрыто и не реализовано,2026-07-31T10:53:50.000Z,13268930,Комола (Rooftop hall)
47290231,82313754,Неразобранное,143,Закрыто и не реализовано,2026-07-31T10:53:35.000Z,13268930,Комола (Rooftop hall)
47298519,82313754,Неразобранное,143,Закрыто и не реализовано,2026-07-31T10:53:18.000Z,13268930,Комола (Rooftop hall)
47300447,82313754,Неразобранное,143,Закрыто и не реализовано,2026-07-31T10:53:02.000Z,13268930,Комола (Rooftop hall)
47279919,82313754,Неразобранное,143,Закрыто и не реализовано,2026-07-31T10:52:45.000Z,13268930,Комола (Rooftop hall)
47198366,82313754,Неразобранное,143,Закрыто и не реализовано,2026-07-31T10:52:29.000Z,13268930,Комола (Rooftop hall)
47314097,82313754,Неразобранное,143,Закрыто и не реализовано,2026-07-31T10:52:14.000Z,13268930,Комола (Rooftop hall)
47329107,82313754,Неразобранное,143,Закрыто и не реализовано,2026-07-31T10:51:54.000Z,13268930,Комола (Rooftop hall)
47329043,82313754,Неразобранное,85355474,Instagram,2026-07-31T10:35:14.000Z,0,
47315383,82313754,Неразобранное,85355474,Instagram,2026-07-31T07:44:14.000Z,0,
47300101,85378206,Неразобранное,85378210,переговоры,2026-07-31T06:33:58.000Z,13216486,Admin (тех. аккаунт)
47301563,85378206,Неразобранное,85378210,переговоры,2026-07-31T06:32:33.000Z,13216486,Admin (тех. аккаунт)
47303599,85378206,Неразобранное,143,Закрыто и не реализовано,2026-07-31T06:30:59.000Z,13216486,Admin (тех. аккаунт)
47303989,85378206,Неразобранное,143,Закрыто и не реализовано,2026-07-31T06:28:45.000Z,13216486,Admin (тех. аккаунт)
47290215,86701234,Переговоры,143,Закрыто и не реализовано,2026-07-31T06:16:05.000Z,13268930,Комола (Rooftop hall)
47195196,82313754,Неразобранное,143,Закрыто и не реализовано,2026-07-31T06:11:51.000Z,13268930,Комола (Rooftop hall)
47247991,82313754,Неразобранное,143,Закрыто и не реализовано,2026-07-31T06:11:33.000Z,13268930,Комола (Rooftop hall)
47290011,82313754,Неразобранное,86701234,Переговоры,2026-07-31T06:10:56.000Z,13268930,Комола (Rooftop hall)
47297835,82313754,Неразобранное,143,Закрыто и не реализовано,2026-07-31T06:06:35.000Z,13268930,Комола (Rooftop hall)
45681395,85019690,Показ,143,Закрыто и не реализовано,2026-07-31T06:02:48.000Z,13268930,Комола (Rooftop hall)
46458057,85019690,Показ,143,Закрыто и не реализовано,2026-07-31T05:59:46.000Z,13268930,Комола (Rooftop hall)
47305279,85378206,Неразобранное,85378218,Принимают решение,2026-07-31T05:59:21.000Z,13216486,Admin (тех. аккаунт)
47298201,82313754,Неразобранное,85355474,Instagram,2026-07-30T19:54:05.000Z,0,
47293297,82313754,Неразобранное,85355474,Instagram,2026-07-30T17:13:14.000Z,0,
47290233,82313754,Неразобранное,85355474,Instagram,2026-07-30T15:48:12.000Z,0,
47290215,82313754,Неразобранное,86701234,Переговоры,2026-07-30T15:46:45.000Z,0,
47286715,82313754,Неразобранное,85355474,Instagram,2026-07-30T14:21:29.000Z,0,
47284505,82313754,Неразобранное,85355474,Instagram,2026-07-30T13:30:47.000Z,0,
47268685,82313754,Неразобранное,86701234,Переговоры,2026-07-30T11:07:02.000Z,13268930,Комола (Rooftop hall)
47258201,86701234,Переговоры,143,Закрыто и не реализовано,2026-07-30T11:05:59.000Z,13268930,Комола (Rooftop hall)
47040221,82313754,Неразобранное,143,Закрыто и не реализовано,2026-07-30T11:05:32.000Z,13268930,Комола (Rooftop hall)
47267257,82313754,Неразобранное,143,Закрыто и не реализовано,2026-07-30T11:05:13.000Z,13268930,Комола (Rooftop hall)
47263047,82313754,Неразобранное,143,Закрыто и не реализовано,2026-07-30T11:04:55.000Z,13268930,Комола (Rooftop hall)
47274491,82313754,Неразобранное,143,Закрыто и не реализовано,2026-07-30T11:04:37.000Z,13268930,Комола (Rooftop hall)
47271999,82313754,Неразобранное,143,Закрыто и не реализовано,2026-07-30T11:03:53.000Z,13268930,Комола (Rooftop hall)
47274637,82313754,Неразобранное,143,Закрыто и не реализовано,2026-07-30T11:03:32.000Z,13268930,Комола (Rooftop hall)
47269161,82313754,Неразобранное,143,Закрыто и не реализовано,2026-07-30T11:03:13.000Z,13268930,Комола (Rooftop hall)
47272049,82313754,Неразобранное,143,Закрыто и не реализовано,2026-07-30T11:02:49.000Z,13268930,Комола (Rooftop hall)
47259335,82313754,Неразобранное,85355474,Instagram,2026-07-30T06:24:22.000Z,0,
47242239,85378206,Неразобранное,85378218,Принимают решение,2026-07-30T06:17:39.000Z,13216486,Admin (тех. аккаунт)
47229483,82313754,Неразобранное,143,Закрыто и не реализовано,2026-07-30T05:38:06.000Z,13268930,Комола (Rooftop hall)
47228749,82313754,Неразобранное,86701234,Переговоры,2026-07-30T05:37:16.000Z,13268930,Комола (Rooftop hall)
47231665,82313754,Неразобранное,143,Закрыто и не реализовано,2026-07-30T05:36:15.000Z,13268930,Комола (Rooftop hall)
47233847,82313754,Неразобранное,143,Закрыто и не реализовано,2026-07-30T05:35:46.000Z,13268930,Комола (Rooftop hall)
47254659,82313754,Неразобранное,85355474,Instagram,2026-07-30T04:35:07.000Z,0,
47243345,82313754,Неразобранное,85355474,Instagram,2026-07-29T17:01:32.000Z,0,
47243119,82313754,Неразобранное,85355474,Instagram,2026-07-29T16:55:09.000Z,0,
47235903,82313754,Неразобранное,85355474,Instagram,2026-07-29T13:54:14.000Z,0,
47232243,82313754,Неразобранное,85355474,Instagram,2026-07-29T12:44:17.000Z,0,
47178257,86701234,Переговоры,143,Закрыто и не реализовано,2026-07-29T12:42:38.000Z,13268930,Комола (Rooftop hall)
47228007,82313754,Неразобранное,85355474,Instagram,2026-07-29T11:26:45.000Z,0,
47146537,85378206,Неразобранное,85378218,Принимают решение,2026-07-29T10:56:30.000Z,13216486,Admin (тех. аккаунт)
47126113,85378206,Неразобранное,143,Закрыто и не реализовано,2026-07-29T10:51:20.000Z,13216486,Admin (тех. аккаунт)
47115795,85378206,Неразобранное,143,Закрыто и не реализовано,2026-07-29T10:50:36.000Z,13216486,Admin (тех. аккаунт)
47176675,85378206,Неразобранное,85378218,Принимают решение,2026-07-29T10:49:47.000Z,13216486,Admin (тех. аккаунт)
47225637,82313754,Неразобранное,85355474,Instagram,2026-07-29T10:49:14.000Z,0,
47216529,82313754,Неразобранное,143,Закрыто и не реализовано,2026-07-29T10:47:37.000Z,13268930,Комола (Rooftop hall)
47219139,82313754,Неразобранное,143,Закрыто и не реализовано,2026-07-29T10:46:56.000Z,13268930,Комола (Rooftop hall)
47221851,82313754,Неразобранное,85355474,Instagram,2026-07-29T09:52:17.000Z,0,
46845349,85378218,Принимают решение,143,Закрыто и не реализовано,2026-07-29T08:03:40.000Z,13216486,Admin (тех. аккаунт)
47170517,82313754,Неразобранное,143,Закрыто и не реализовано,2026-07-29T06:24:40.000Z,13268930,Комола (Rooftop hall)
47170515,82313754,Неразобранное,143,Закрыто и не реализовано,2026-07-29T05:37:36.000Z,13268930,Комола (Rooftop hall)
47134221,82313754,Неразобранное,143,Закрыто и не реализовано,2026-07-29T05:37:19.000Z,13268930,Комола (Rooftop hall)
47175661,82313754,Неразобранное,143,Закрыто и не реализовано,2026-07-29T05:36:51.000Z,13268930,Комола (Rooftop hall)
47176993,82313754,Неразобранное,143,Закрыто и не реализовано,2026-07-29T05:36:33.000Z,13268930,Комола (Rooftop hall)
47172703,82313754,Неразобранное,143,Закрыто и не реализовано,2026-07-29T05:27:55.000Z,13268930,Комола (Rooftop hall)
47203479,82313754,Неразобранное,85355474,Instagram,2026-07-29T03:56:06.000Z,0,
47198952,82313754,Неразобранное,85355474,Instagram,2026-07-28T20:23:06.000Z,0,
47197084,82313754,Неразобранное,85355474,Instagram,2026-07-28T18:47:09.000Z,0,
47172661,82313754,Неразобранное,85355474,Instagram,2026-07-28T10:06:34.000Z,0,
47134043,82313754,Неразобранное,143,Закрыто и не реализовано,2026-07-28T07:25:01.000Z,13268930,Комола (Rooftop hall)
47039861,82313754,Неразобранное,143,Закрыто и не реализовано,2026-07-28T07:24:20.000Z,13268930,Комола (Rooftop hall)
47039375,82313754,Неразобранное,143,Закрыто и не реализовано,2026-07-28T07:23:30.000Z,13268930,Комола (Rooftop hall)
47135062,82313754,Неразобранное,143,Закрыто и не реализовано,2026-07-28T07:22:57.000Z,13268930,Комола (Rooftop hall)
47117411,82313754,Неразобранное,143,Закрыто и не реализовано,2026-07-28T07:22:37.000Z,13268930,Комола (Rooftop hall)
47115855,82313754,Неразобранное,143,Закрыто и не реализовано,2026-07-28T07:22:18.000Z,13268930,Комола (Rooftop hall)
47038329,82313754,Неразобранное,143,Закрыто и не реализовано,2026-07-28T07:21:59.000Z,13268930,Комола (Rooftop hall)
47038045,82313754,Неразобранное,143,Закрыто и не реализовано,2026-07-28T07:21:43.000Z,13268930,Комола (Rooftop hall)
47034389,82313754,Неразобранное,143,Закрыто и не реализовано,2026-07-28T07:21:25.000Z,13268930,Комола (Rooftop hall)
47032445,82313754,Неразобранное,143,Закрыто и не реализовано,2026-07-28T07:21:04.000Z,13268930,Комола (Rooftop hall)
47031529,82313754,Неразобранное,143,Закрыто и не реализовано,2026-07-28T07:20:47.000Z,13268930,Комола (Rooftop hall)
47136088,82313754,Неразобранное,86701234,Переговоры,2026-07-28T05:27:12.000Z,0,
47136070,82313754,Неразобранное,85355474,Instagram,2026-07-27T17:42:13.000Z,0,
47120557,82313754,Неразобранное,85355474,Instagram,2026-07-27T11:58:18.000Z,0,
47109501,85378206,Неразобранное,143,Закрыто и не реализовано,2026-07-27T10:24:36.000Z,13216486,Admin (тех. аккаунт)
47106701,82313754,Неразобранное,85355474,Instagram,2026-07-27T09:33:33.000Z,0,
47103813,85378210,переговоры,143,Закрыто и не реализовано,2026-07-27T09:14:01.000Z,13216486,Admin (тех. аккаунт)
47102931,85378218,Принимают решение,85378210,переговоры,2026-07-27T08:54:14.000Z,13216486,Admin (тех. аккаунт)
47102931,85378210,переговоры,85378218,Принимают решение,2026-07-27T08:53:03.000Z,13216486,Admin (тех. аккаунт)
46983491,82313754,Неразобранное,143,Закрыто и не реализовано,2026-07-27T06:55:36.000Z,13268930,Комола (Rooftop hall)
47085741,82313754,Неразобранное,143,Закрыто и не реализовано,2026-07-27T06:54:41.000Z,13268930,Комола (Rooftop hall)
47093633,82313754,Неразобранное,143,Закрыто и не реализовано,2026-07-27T06:53:19.000Z,13268930,Комола (Rooftop hall)
47057949,82313754,Неразобранное,143,Закрыто и не реализовано,2026-07-27T06:07:53.000Z,13268930,Комола (Rooftop hall)
47054535,82313754,Неразобранное,143,Закрыто и не реализовано,2026-07-27T06:07:33.000Z,13268930,Комола (Rooftop hall)
47021869,82313754,Неразобранное,143,Закрыто и не реализовано,2026-07-27T06:07:08.000Z,13268930,Комола (Rooftop hall)
47021507,82313754,Неразобранное,143,Закрыто и не реализовано,2026-07-27T06:06:49.000Z,13268930,Комола (Rooftop hall)
47018773,82313754,Неразобранное,143,Закрыто и не реализовано,2026-07-27T06:06:35.000Z,13268930,Комола (Rooftop hall)
47018341,82313754,Неразобранное,143,Закрыто и не реализовано,2026-07-27T06:06:17.000Z,13268930,Комола (Rooftop hall)
47005753,82313754,Неразобранное,143,Закрыто и не реализовано,2026-07-27T06:06:01.000Z,13268930,Комола (Rooftop hall)
47005717,82313754,Неразобранное,143,Закрыто и не реализовано,2026-07-27T06:05:34.000Z,13268930,Комола (Rooftop hall)
47004269,82313754,Неразобранное,143,Закрыто и не реализовано,2026-07-27T06:05:15.000Z,13268930,Комола (Rooftop hall)
47004173,82313754,Неразобранное,143,Закрыто и не реализовано,2026-07-27T06:04:56.000Z,13268930,Комола (Rooftop hall)
47002683,82313754,Неразобранное,143,Закрыто и не реализовано,2026-07-27T06:04:37.000Z,13268930,Комола (Rooftop hall)
47002153,82313754,Неразобранное,143,Закрыто и не реализовано,2026-07-27T06:04:14.000Z,13268930,Комола (Rooftop hall)
47002663,82313754,Неразобранное,143,Закрыто и не реализовано,2026-07-27T06:03:54.000Z,13268930,Комола (Rooftop hall)
46999861,82313754,Неразобранное,143,Закрыто и не реализовано,2026-07-27T06:03:33.000Z,13268930,Комола (Rooftop hall)
46991497,82313754,Неразобранное,143,Закрыто и не реализовано,2026-07-27T06:03:10.000Z,13268930,Комола (Rooftop hall)
46988111,82313754,Неразобранное,143,Закрыто и не реализовано,2026-07-27T06:02:45.000Z,13268930,Комола (Rooftop hall)
46972995,82313754,Неразобранное,143,Закрыто и не реализовано,2026-07-27T06:02:16.000Z,13268930,Комола (Rooftop hall)
46948551,82313754,Неразобранное,143,Закрыто и не реализовано,2026-07-27T06:01:57.000Z,13268930,Комола (Rooftop hall)
46930153,82313754,Неразобранное,143,Закрыто и не реализовано,2026-07-27T06:01:39.000Z,13268930,Комола (Rooftop hall)
46902149,82313754,Неразобранное,143,Закрыто и не реализовано,2026-07-27T06:01:21.000Z,13268930,Комола (Rooftop hall)
47003447,82313754,Неразобранное,143,Закрыто и не реализовано,2026-07-27T06:01:00.000Z,13268930,Комола (Rooftop hall)
46861875,82313754,Неразобранное,143,Закрыто и не реализовано,2026-07-27T06:00:43.000Z,13268930,Комола (Rooftop hall)
47064323,82313754,Неразобранное,143,Закрыто и не реализовано,2026-07-27T06:00:20.000Z,13268930,Комола (Rooftop hall)
47064565,82313754,Неразобранное,143,Закрыто и не реализовано,2026-07-27T05:59:57.000Z,13268930,Комола (Rooftop hall)
47066725,82313754,Неразобранное,143,Закрыто и не реализовано,2026-07-27T05:59:43.000Z,13268930,Комола (Rooftop hall)
47068935,82313754,Неразобранное,143,Закрыто и не реализовано,2026-07-27T05:59:26.000Z,13268930,Комола (Rooftop hall)
47007889,82313754,Неразобранное,143,Закрыто и не реализовано,2026-07-27T05:32:13.000Z,13268930,Комола (Rooftop hall)
47082139,82313754,Неразобранное,85355474,Instagram,2026-07-26T19:17:05.000Z,0,
47044547,82313754,Неразобранное,85355474,Instagram,2026-07-25T21:13:11.000Z,0,
47037189,82313754,Неразобранное,85355474,Instagram,2026-07-25T15:59:07.000Z,0,
47029759,82313754,Неразобранное,85355474,Instagram,2026-07-25T12:32:08.000Z,0,
47028153,82313754,Неразобранное,85355474,Instagram,2026-07-25T11:50:10.000Z,0,
47027527,82313754,Неразобранное,85355474,Instagram,2026-07-25T11:35:12.000Z,0,
47024651,82313754,Неразобранное,85355474,Instagram,2026-07-25T10:29:20.000Z,0,
47021501,82313754,Неразобранное,85355474,Instagram,2026-07-25T09:13:18.000Z,0,
47017443,82313754,Неразобранное,85355474,Instagram,2026-07-25T07:55:11.000Z,0,
47012925,82313754,Неразобранное,85355474,Instagram,2026-07-25T06:25:09.000Z,0,
47012725,82313754,Неразобранное,85355474,Instagram,2026-07-25T06:20:13.000Z,0,
47007877,82313754,Неразобранное,85355474,Instagram,2026-07-25T03:39:04.000Z,0,
47007601,82313754,Неразобранное,85355474,Instagram,2026-07-25T03:23:05.000Z,0,
47005713,82313754,Неразобранное,85355474,Instagram,2026-07-24T22:38:03.000Z,0,
47004515,82313754,Неразобранное,85355474,Instagram,2026-07-24T20:29:05.000Z,0,
47003633,82313754,Неразобранное,85355474,Instagram,2026-07-24T19:39:05.000Z,0,
47003215,82313754,Неразобранное,85355474,Instagram,2026-07-24T19:16:06.000Z,0,
47001649,82313754,Неразобранное,85355474,Instagram,2026-07-24T18:13:07.000Z,0,
47000229,82313754,Неразобранное,85355474,Instagram,2026-07-24T17:18:06.000Z,0,
46997417,82313754,Неразобранное,85355474,Instagram,2026-07-24T15:56:10.000Z,0,
46997257,82313754,Неразобранное,85355474,Instagram,2026-07-24T15:52:10.000Z,0,
46996907,82313754,Неразобранное,85355474,Instagram,2026-07-24T15:42:09.000Z,0,
46996113,82313754,Неразобранное,85355474,Instagram,2026-07-24T15:19:15.000Z,0,
46989719,82313754,Неразобранное,85355474,Instagram,2026-07-24T12:58:11.000Z,0,
46968811,82313754,Неразобранное,85355474,Instagram,2026-07-24T07:18:22.000Z,0,
46832773,82313754,Неразобранное,143,Закрыто и не реализовано,2026-07-24T06:58:57.000Z,13268930,Комола (Rooftop hall)
46879125,82313754,Неразобранное,86701234,Переговоры,2026-07-24T06:57:33.000Z,13216486,Admin (тех. аккаунт)
46965049,82313754,Неразобранное,143,Закрыто и не реализовано,2026-07-24T06:50:59.000Z,13268930,Комола (Rooftop hall)
46082363,85378218,Принимают решение,143,Закрыто и не реализовано,2026-07-24T05:49:52.000Z,13216486,Admin (тех. аккаунт)
46572787,85378218,Принимают решение,143,Закрыто и не реализовано,2026-07-24T05:46:33.000Z,13216486,Admin (тех. аккаунт)
46962231,82313754,Неразобранное,85355474,Instagram,2026-07-24T05:32:09.000Z,0,
46876415,86701234,Переговоры,143,Закрыто и не реализовано,2026-07-23T11:48:15.000Z,13268930,Комола (Rooftop hall)
46824837,82313754,Неразобранное,143,Закрыто и не реализовано,2026-07-23T11:47:29.000Z,13268930,Комола (Rooftop hall)
46851831,82313754,Неразобранное,143,Закрыто и не реализовано,2026-07-23T10:34:30.000Z,13268930,Комола (Rooftop hall)
46906105,82313754,Неразобранное,143,Закрыто и не реализовано,2026-07-23T10:34:00.000Z,13268930,Комола (Rooftop hall)
46914001,82313754,Неразобранное,143,Закрыто и не реализовано,2026-07-23T10:33:46.000Z,13268930,Комола (Rooftop hall)
46827297,82313754,Неразобранное,143,Закрыто и не реализовано,2026-07-23T10:33:25.000Z,13268930,Комола (Rooftop hall)
46726245,82313754,Неразобранное,85019690,Показ,2026-07-23T10:33:05.000Z,13268930,Комола (Rooftop hall)
46897703,82313754,Неразобранное,143,Закрыто и не реализовано,2026-07-23T10:31:58.000Z,13268930,Комола (Rooftop hall)
46906401,82313754,Неразобранное,143,Закрыто и не реализовано,2026-07-23T10:31:44.000Z,13268930,Комола (Rooftop hall)
46783777,143,Закрыто и не реализовано,85019690,Показ,2026-07-23T10:30:21.000Z,13268930,Комола (Rooftop hall)
46922929,82313754,Неразобранное,85355474,Instagram,2026-07-23T10:09:26.000Z,0,
46897685,82313754,Неразобранное,85355474,Instagram,2026-07-22T23:15:07.000Z,0,
46896561,82313754,Неразобранное,85355474,Instagram,2026-07-22T20:59:05.000Z,0,
46884449,82313754,Неразобранное,85355474,Instagram,2026-07-22T15:16:16.000Z,0,
46832117,82313754,Неразобранное,143,Закрыто и не реализовано,2026-07-22T12:00:29.000Z,13268930,Комола (Rooftop hall)
46872121,82313754,Неразобранное,85355474,Instagram,2026-07-22T11:54:11.000Z,0,
46871489,82313754,Неразобранное,86701234,Переговоры,2026-07-22T11:42:46.000Z,0,
46824449,82313754,Неразобранное,143,Закрыто и не реализовано,2026-07-22T10:39:15.000Z,13268930,Комола (Rooftop hall)
46823319,82313754,Неразобранное,143,Закрыто и не реализовано,2026-07-22T10:38:56.000Z,13268930,Комола (Rooftop hall)
46806159,82313754,Неразобранное,143,Закрыто и не реализовано,2026-07-22T10:38:41.000Z,13268930,Комола (Rooftop hall)
46804819,82313754,Неразобранное,143,Закрыто и не реализовано,2026-07-22T10:38:22.000Z,13268930,Комола (Rooftop hall)
46783777,82313754,Неразобранное,143,Закрыто и не реализовано,2026-07-22T10:37:40.000Z,13268930,Комола (Rooftop hall)
46852235,86701234,Переговоры,143,Закрыто и не реализовано,2026-07-22T10:35:42.000Z,13268930,Комола (Rooftop hall)
46847705,82313754,Неразобранное,143,Закрыто и не реализовано,2026-07-22T10:32:41.000Z,13268930,Комола (Rooftop hall)
46855151,82313754,Неразобранное,143,Закрыто и не реализовано,2026-07-22T10:32:16.000Z,13268930,Комола (Rooftop hall)
46863531,82313754,Неразобранное,143,Закрыто и не реализовано,2026-07-22T10:31:54.000Z,13268930,Комола (Rooftop hall)
46854371,82313754,Неразобранное,85355474,Instagram,2026-07-22T07:51:17.000Z,0,
46837137,82313754,Неразобранное,143,Закрыто и не реализовано,2026-07-22T06:42:10.000Z,13268930,Комола (Rooftop hall)
46847767,82313754,Неразобранное,85355474,Instagram,2026-07-22T06:23:21.000Z,0,
46842871,82313754,Неразобранное,143,Закрыто и не реализовано,2026-07-22T05:37:31.000Z,13268930,Комола (Rooftop hall)
46802289,85378218,Принимают решение,143,Закрыто и не реализовано,2026-07-22T05:24:06.000Z,13216486,Admin (тех. аккаунт)
46824803,82313754,Неразобранное,85355474,Instagram,2026-07-21T15:11:14.000Z,0,
46802101,85378210,переговоры,85378218,Принимают решение,2026-07-21T13:23:13.000Z,13216486,Admin (тех. аккаунт)
46356493,85378206,Неразобранное,85378210,переговоры,2026-07-21T13:05:07.000Z,13216486,Admin (тех. аккаунт)
46388031,85378206,Неразобранное,143,Закрыто и не реализовано,2026-07-21T13:04:54.000Z,13216486,Admin (тех. аккаунт)
46414413,85378206,Неразобранное,143,Закрыто и не реализовано,2026-07-21T13:04:41.000Z,13216486,Admin (тех. аккаунт)
46437359,85378206,Неразобранное,85378210,переговоры,2026-07-21T13:04:32.000Z,13216486,Admin (тех. аккаунт)
46448859,85378206,Неразобранное,85378210,переговоры,2026-07-21T13:04:24.000Z,13216486,Admin (тех. аккаунт)
46451793,85378206,Неразобранное,85378210,переговоры,2026-07-21T13:04:15.000Z,13216486,Admin (тех. аккаунт)
46460097,85378206,Неразобранное,85378210,переговоры,2026-07-21T13:04:05.000Z,13216486,Admin (тех. аккаунт)
46464595,85378206,Неразобранное,85378210,переговоры,2026-07-21T13:03:52.000Z,13216486,Admin (тех. аккаунт)
46474431,85378206,Неразобранное,143,Закрыто и не реализовано,2026-07-21T13:03:39.000Z,13216486,Admin (тех. аккаунт)
46480289,85378206,Неразобранное,143,Закрыто и не реализовано,2026-07-21T13:03:24.000Z,13216486,Admin (тех. аккаунт)
46480753,85378206,Неразобранное,85378210,переговоры,2026-07-21T13:02:19.000Z,13216486,Admin (тех. аккаунт)
46349681,85378206,Неразобранное,143,Закрыто и не реализовано,2026-07-21T13:02:09.000Z,13216486,Admin (тех. аккаунт)
46348775,85378206,Неразобранное,85378218,Принимают решение,2026-07-21T13:01:57.000Z,13216486,Admin (тех. аккаунт)
46341047,85378206,Неразобранное,143,Закрыто и не реализовано,2026-07-21T13:01:19.000Z,13216486,Admin (тех. аккаунт)
46334647,85378206,Неразобранное,85378210,переговоры,2026-07-21T13:01:01.000Z,13216486,Admin (тех. аккаунт)
46311219,85378206,Неразобранное,85378218,Принимают решение,2026-07-21T13:00:45.000Z,13216486,Admin (тех. аккаунт)
46297299,85378206,Неразобранное,85378210,переговоры,2026-07-21T13:00:18.000Z,13216486,Admin (тех. аккаунт)
46123643,85378218,Принимают решение,143,Закрыто и не реализовано,2026-07-21T12:59:44.000Z,13216486,Admin (тех. аккаунт)
46596997,86701234,Переговоры,143,Закрыто и не реализовано,2026-07-21T12:35:32.000Z,13268930,Комола (Rooftop hall)
46616937,82313754,Неразобранное,143,Закрыто и не реализовано,2026-07-21T12:35:05.000Z,13268930,Комола (Rooftop hall)
46796753,82313754,Неразобранное,143,Закрыто и не реализовано,2026-07-21T12:34:47.000Z,13268930,Комола (Rooftop hall)
46610131,82313754,Неразобранное,143,Закрыто и не реализовано,2026-07-21T11:58:07.000Z,13268930,Комола (Rooftop hall)
46793935,82313754,Неразобранное,85355474,Instagram,2026-07-21T11:33:19.000Z,0,
46792905,82313754,Неразобранное,85355474,Instagram,2026-07-21T11:17:26.000Z,0,
46780133,82313754,Неразобранное,85355474,Instagram,2026-07-21T08:23:39.000Z,0,
46745329,82313754,Неразобранное,143,Закрыто и не реализовано,2026-07-21T08:14:57.000Z,13268930,Комола (Rooftop hall)
46756859,82313754,Неразобранное,143,Закрыто и не реализовано,2026-07-21T08:14:40.000Z,13268930,Комола (Rooftop hall)
46762743,82313754,Неразобранное,143,Закрыто и не реализовано,2026-07-21T08:14:26.000Z,13268930,Комола (Rooftop hall)
46763765,82313754,Неразобранное,85355474,Instagram,2026-07-21T04:55:07.000Z,0,
46762713,82313754,Неразобранное,85355474,Instagram,2026-07-21T04:43:07.000Z,0,
46746111,82313754,Неразобранное,85355474,Instagram,2026-07-20T15:33:15.000Z,0,
46742957,82313754,Неразобранное,85355474,Instagram,2026-07-20T14:27:17.000Z,0,
46737947,82313754,Неразобранное,85355474,Instagram,2026-07-20T13:27:21.000Z,0,
46723623,82313754,Неразобранное,143,Закрыто и не реализовано,2026-07-20T12:33:55.000Z,13268930,Комола (Rooftop hall)
46723293,82313754,Неразобранное,143,Закрыто и не реализовано,2026-07-20T12:33:38.000Z,13268930,Комола (Rooftop hall)
46233697,86701234,Переговоры,85019690,Показ,2026-07-20T11:43:22.000Z,13268930,Комола (Rooftop hall)
46723613,82313754,Неразобранное,85355474,Instagram,2026-07-20T11:16:29.000Z,0,
46610661,82313754,Неразобранное,143,Закрыто и не реализовано,2026-07-20T10:42:08.000Z,13268930,Комола (Rooftop hall)
46600377,82313754,Неразобранное,143,Закрыто и не реализовано,2026-07-20T10:37:26.000Z,13268930,Комола (Rooftop hall)
45850815,85378218,Принимают решение,143,Закрыто и не реализовано,2026-07-20T10:35:14.000Z,13216486,Admin (тех. аккаунт)
46580763,82313754,Неразобранное,143,Закрыто и не реализовано,2026-07-20T10:35:02.000Z,13268930,Комола (Rooftop hall)
46574377,82313754,Неразобранное,143,Закрыто и не реализовано,2026-07-20T10:34:49.000Z,13268930,Комола (Rooftop hall)
46572369,82313754,Неразобранное,143,Закрыто и не реализовано,2026-07-20T10:34:32.000Z,13268930,Комола (Rooftop hall)
46082939,85378218,Принимают решение,143,Закрыто и не реализовано,2026-07-20T10:34:28.000Z,13216486,Admin (тех. аккаунт)
46558327,82313754,Неразобранное,143,Закрыто и не реализовано,2026-07-20T10:34:16.000Z,13268930,Комола (Rooftop hall)
46465027,82313754,Неразобранное,143,Закрыто и не реализовано,2026-07-20T10:33:59.000Z,13268930,Комола (Rooftop hall)
46594973,82313754,Неразобранное,143,Закрыто и не реализовано,2026-07-20T10:33:39.000Z,13268930,Комола (Rooftop hall)
46589763,82313754,Неразобранное,143,Закрыто и не реализовано,2026-07-20T10:33:22.000Z,13268930,Комола (Rooftop hall)
46606157,82313754,Неразобранное,86701234,Переговоры,2026-07-20T10:33:00.000Z,13268930,Комола (Rooftop hall)
46614807,82313754,Неразобранное,143,Закрыто и не реализовано,2026-07-20T10:32:04.000Z,13268930,Комола (Rooftop hall)
46614945,82313754,Неразобранное,143,Закрыто и не реализовано,2026-07-20T10:31:44.000Z,13268930,Комола (Rooftop hall)
46619641,82313754,Неразобранное,143,Закрыто и не реализовано,2026-07-20T10:30:49.000Z,13268930,Комола (Rooftop hall)
46082205,85378218,Принимают решение,143,Закрыто и не реализовано,2026-07-20T10:30:27.000Z,13216486,Admin (тех. аккаунт)
46621105,82313754,Неразобранное,143,Закрыто и не реализовано,2026-07-20T10:29:56.000Z,13268930,Комола (Rooftop hall)
46668441,82313754,Неразобранное,143,Закрыто и не реализовано,2026-07-20T10:29:39.000Z,13268930,Комола (Rooftop hall)
46040461,85378218,Принимают решение,143,Закрыто и не реализовано,2026-07-20T10:29:31.000Z,13216486,Admin (тех. аккаунт)
46016641,85378218,Принимают решение,143,Закрыто и не реализовано,2026-07-20T10:28:01.000Z,13216486,Admin (тех. аккаунт)
45894297,85378218,Принимают решение,143,Закрыто и не реализовано,2026-07-20T10:27:03.000Z,13216486,Admin (тех. аккаунт)
46641465,82313754,Неразобранное,143,Закрыто и не реализовано,2026-07-20T09:08:25.000Z,13268930,Комола (Rooftop hall)
46681309,82313754,Неразобранное,143,Закрыто и не реализовано,2026-07-20T09:08:07.000Z,13268930,Комола (Rooftop hall)
46713523,82313754,Неразобранное,85355474,Instagram,2026-07-20T08:38:17.000Z,0,
46669603,82313754,Неразобранное,143,Закрыто и не реализовано,2026-07-20T06:37:34.000Z,13268930,Комола (Rooftop hall)
46668423,82313754,Неразобранное,143,Закрыто и не реализовано,2026-07-20T06:35:06.000Z,13268930,Комола (Rooftop hall)
46667767,82313754,Неразобранное,143,Закрыто и не реализовано,2026-07-20T06:33:29.000Z,13268930,Комола (Rooftop hall)
46666955,82313754,Неразобранное,143,Закрыто и не реализовано,2026-07-20T06:31:14.000Z,13268930,Комола (Rooftop hall)
46644023,82313754,Неразобранное,143,Закрыто и не реализовано,2026-07-20T06:25:59.000Z,13268930,Комола (Rooftop hall)
46648557,82313754,Неразобранное,86701234,Переговоры,2026-07-20T04:56:37.000Z,0,
46683547,82313754,Неразобранное,85355474,Instagram,2026-07-19T15:26:13.000Z,0,
46678841,82313754,Неразобранное,85355474,Instagram,2026-07-19T13:05:09.000Z,0,
46664565,82313754,Неразобранное,85355474,Instagram,2026-07-19T07:04:14.000Z,0,
46649099,82313754,Неразобранное,85355474,Instagram,2026-07-18T17:31:04.000Z,0,
46631861,82313754,Неразобранное,85355474,Instagram,2026-07-18T09:46:12.000Z,0,
46618371,82313754,Неразобранное,85355474,Instagram,2026-07-18T04:28:06.000Z,0,
46602301,82313754,Неразобранное,85355474,Instagram,2026-07-17T14:58:12.000Z,0,
46561921,82313754,Неразобранное,86701234,Переговоры,2026-07-17T12:15:10.000Z,0,
46512789,82313754,Неразобранное,143,Закрыто и не реализовано,2026-07-17T12:12:29.000Z,13268930,Комола (Rooftop hall)
46512079,82313754,Неразобранное,143,Закрыто и не реализовано,2026-07-17T12:12:12.000Z,13268930,Комола (Rooftop hall)
46498353,82313754,Неразобранное,143,Закрыто и не реализовано,2026-07-17T12:11:55.000Z,13268930,Комола (Rooftop hall)
46473987,82313754,Неразобранное,143,Закрыто и не реализовано,2026-07-17T12:11:38.000Z,13268930,Комола (Rooftop hall)
46454911,82313754,Неразобранное,143,Закрыто и не реализовано,2026-07-17T12:11:15.000Z,13268930,Комола (Rooftop hall)
46389269,82313754,Неразобранное,143,Закрыто и не реализовано,2026-07-17T12:10:53.000Z,13268930,Комола (Rooftop hall)
46449875,82313754,Неразобранное,143,Закрыто и не реализовано,2026-07-17T12:10:39.000Z,13268930,Комола (Rooftop hall)
46535305,82313754,Неразобранное,143,Закрыто и не реализовано,2026-07-17T12:10:19.000Z,13268930,Комола (Rooftop hall)
46588009,86701234,Переговоры,143,Закрыто и не реализовано,2026-07-17T11:56:34.000Z,13268930,Комола (Rooftop hall)
46392817,143,Закрыто и не реализовано,85019690,Показ,2026-07-17T11:55:54.000Z,13268930,Комола (Rooftop hall)
46109915,85378210,переговоры,143,Закрыто и не реализовано,2026-07-17T11:29:18.000Z,13216486,Admin (тех. аккаунт)
46119467,85378210,переговоры,143,Закрыто и не реализовано,2026-07-17T11:28:34.000Z,13216486,Admin (тех. аккаунт)
46170387,85378210,переговоры,143,Закрыто и не реализовано,2026-07-17T11:23:13.000Z,13216486,Admin (тех. аккаунт)
46285131,85378210,переговоры,143,Закрыто и не реализовано,2026-07-17T11:22:18.000Z,13216486,Admin (тех. аккаунт)
46588333,82313754,Неразобранное,85355474,Instagram,2026-07-17T10:38:15.000Z,0,
46470495,82313754,Неразобранное,143,Закрыто и не реализовано,2026-07-17T10:35:56.000Z,13268930,Комола (Rooftop hall)
46082939,85378210,переговоры,85378218,Принимают решение,2026-07-17T10:03:54.000Z,13216486,Admin (тех. аккаунт)
46016641,85378210,переговоры,85378218,Принимают решение,2026-07-17T10:00:27.000Z,13216486,Admin (тех. аккаунт)
45928019,85378210,переговоры,143,Закрыто и не реализовано,2026-07-17T09:58:37.000Z,13216486,Admin (тех. аккаунт)
46512065,86701234,Переговоры,85019690,Показ,2026-07-17T09:22:29.000Z,13268930,Комола (Rooftop hall)
46580261,82313754,Неразобранное,85355474,Instagram,2026-07-17T08:23:29.000Z,0,
46560055,82313754,Неразобранное,143,Закрыто и не реализовано,2026-07-17T08:06:43.000Z,13268930,Комола (Rooftop hall)
46572567,82313754,Неразобранное,143,Закрыто и не реализовано,2026-07-17T07:32:08.000Z,13268930,Комола (Rooftop hall)
46575365,82313754,Неразобранное,85355474,Instagram,2026-07-17T06:58:12.000Z,0,
46572787,85378210,переговоры,85378218,Принимают решение,2026-07-17T06:28:49.000Z,13216486,Admin (тех. аккаунт)
46572939,85378210,переговоры,143,Закрыто и не реализовано,2026-07-17T06:12:05.000Z,13216486,Admin (тех. аккаунт)
46010921,82601130,Согласование договора/сметы,82313766,Предполата / бронирование,2026-07-17T05:40:40.000Z,13268930,Комола (Rooftop hall)
46010921,85019690,Показ,82601130,Согласование договора/сметы,2026-07-17T05:40:24.000Z,13268930,Комола (Rooftop hall)
46452017,82313754,Неразобранное,143,Закрыто и не реализовано,2026-07-17T05:35:26.000Z,13268930,Комола (Rooftop hall)
46399309,82313754,Неразобранное,143,Закрыто и не реализовано,2026-07-17T05:34:57.000Z,13268930,Комола (Rooftop hall)
46555263,82313754,Неразобранное,143,Закрыто и не реализовано,2026-07-17T05:34:25.000Z,13268930,Комола (Rooftop hall)
46567275,82313754,Неразобранное,85355474,Instagram,2026-07-17T03:48:05.000Z,0,
46555441,82313754,Неразобранное,85355474,Instagram,2026-07-16T16:25:07.000Z,0,
46552889,82313754,Неразобранное,85355474,Instagram,2026-07-16T15:21:22.000Z,0,
46533109,82313754,Неразобранное,86701234,Переговоры,2026-07-16T10:58:33.000Z,0,
46368439,82313754,Неразобранное,143,Закрыто и не реализовано,2026-07-16T10:23:55.000Z,13268930,Комола (Rooftop hall)
46467453,82313754,Неразобранное,143,Закрыто и не реализовано,2026-07-16T10:15:48.000Z,13268930,Комола (Rooftop hall)
46512065,82313754,Неразобранное,86701234,Переговоры,2026-07-16T10:12:34.000Z,13268930,Комола (Rooftop hall)
46512221,82313754,Неразобранное,86701234,Переговоры,2026-07-16T10:11:15.000Z,13268930,Комола (Rooftop hall)
46416191,82313754,Неразобранное,143,Закрыто и не реализовано,2026-07-16T10:08:53.000Z,13268930,Комола (Rooftop hall)
46471693,82313754,Неразобранное,143,Закрыто и не реализовано,2026-07-16T09:51:37.000Z,13268930,Комола (Rooftop hall)
46210031,86701234,Переговоры,143,Закрыто и не реализовано,2026-07-16T09:49:56.000Z,13268930,Комола (Rooftop hall)
46351201,82313754,Неразобранное,143,Закрыто и не реализовано,2026-07-16T09:48:43.000Z,13268930,Комола (Rooftop hall)
46457909,86701234,Переговоры,143,Закрыто и не реализовано,2026-07-16T09:48:19.000Z,13268930,Комола (Rooftop hall)
46213239,85378218,Принимают решение,143,Закрыто и не реализовано,2026-07-16T09:45:30.000Z,13216486,Admin (тех. аккаунт)
46455413,86701234,Переговоры,143,Закрыто и не реализовано,2026-07-16T07:37:53.000Z,13268930,Комола (Rooftop hall)
46457511,86701234,Переговоры,143,Закрыто и не реализовано,2026-07-16T07:37:22.000Z,13268930,Комола (Rooftop hall)
46512929,82313754,Неразобранное,85355474,Instagram,2026-07-16T05:48:10.000Z,0,
46512429,82313754,Неразобранное,143,Закрыто и не реализовано,2026-07-16T05:38:50.000Z,13268930,Комола (Rooftop hall)
46467719,82313754,Неразобранное,85355474,Instagram,2026-07-15T13:25:14.000Z,0,
46294011,85378206,Неразобранное,85378210,переговоры,2026-07-15T10:17:37.000Z,13216486,Admin (тех. аккаунт)
46285131,85378206,Неразобранное,85378210,переговоры,2026-07-15T10:16:38.000Z,13216486,Admin (тех. аккаунт)
46268495,85378206,Неразобранное,143,Закрыто и не реализовано,2026-07-15T10:15:44.000Z,13216486,Admin (тех. аккаунт)
46456027,82313754,Неразобранное,85355474,Instagram,2026-07-15T10:15:23.000Z,0,
46430381,85378206,Неразобранное,143,Закрыто и не реализовано,2026-07-15T10:13:10.000Z,13216486,Admin (тех. аккаунт)
46392817,82313754,Неразобранное,143,Закрыто и не реализовано,2026-07-15T10:00:41.000Z,13268930,Комола (Rooftop hall)
46389209,82313754,Неразобранное,143,Закрыто и не реализовано,2026-07-15T10:00:17.000Z,13268930,Комола (Rooftop hall)
46396407,82313754,Неразобранное,143,Закрыто и не реализовано,2026-07-15T09:59:10.000Z,13268930,Комола (Rooftop hall)
46353665,82313754,Неразобранное,143,Закрыто и не реализовано,2026-07-15T09:57:29.000Z,13268930,Комола (Rooftop hall)
46333949,82313754,Неразобранное,143,Закрыто и не реализовано,2026-07-15T09:54:59.000Z,13268930,Комола (Rooftop hall)
46332989,82313754,Неразобранное,143,Закрыто и не реализовано,2026-07-15T09:54:42.000Z,13268930,Комола (Rooftop hall)
46446549,82313754,Неразобранное,85355474,Instagram,2026-07-15T08:08:22.000Z,0,
46443089,82313754,Неразобранное,85355474,Instagram,2026-07-15T07:16:25.000Z,0,
46436029,82313754,Неразобранное,85355474,Instagram,2026-07-15T05:09:09.000Z,0,
46433583,82313754,Неразобранное,85355474,Instagram,2026-07-15T04:16:07.000Z,0,
46401221,82313754,Неразобранное,85355474,Instagram,2026-07-14T13:20:17.000Z,0,
46400271,82313754,Неразобранное,85355474,Instagram,2026-07-14T13:08:22.000Z,0,
46396363,82313754,Неразобранное,143,Закрыто и не реализовано,2026-07-14T12:51:15.000Z,13268930,Комола (Rooftop hall)
46395593,82313754,Неразобранное,85355474,Instagram,2026-07-14T12:06:25.000Z,0,
46389233,82313754,Неразобранное,143,Закрыто и не реализовано,2026-07-14T11:56:40.000Z,13268930,Комола (Rooftop hall)
46364177,82313754,Неразобранное,143,Закрыто и не реализовано,2026-07-14T11:56:23.000Z,13268930,Комола (Rooftop hall)
46332105,82313754,Неразобранное,143,Закрыто и не реализовано,2026-07-14T11:55:17.000Z,13268930,Комола (Rooftop hall)
46390831,82313754,Неразобранное,85355474,Instagram,2026-07-14T11:11:23.000Z,0,
46390633,82313754,Неразобранное,86701234,Переговоры,2026-07-14T11:10:16.000Z,13268930,Комола (Rooftop hall)
46388563,82313754,Неразобранное,85355474,Instagram,2026-07-14T10:45:20.000Z,0,
46388027,82313754,Неразобранное,85355474,Instagram,2026-07-14T10:38:15.000Z,0,
46331037,82313754,Неразобранное,143,Закрыто и не реализовано,2026-07-14T10:36:15.000Z,13268930,Комола (Rooftop hall)
46327605,82313754,Неразобранное,143,Закрыто и не реализовано,2026-07-14T10:35:20.000Z,13268930,Комола (Rooftop hall)
46259371,82313754,Неразобранное,143,Закрыто и не реализовано,2026-07-14T10:34:27.000Z,13268930,Комола (Rooftop hall)
46387727,82313754,Неразобранное,85355474,Instagram,2026-07-14T10:34:19.000Z,0,
46385367,82313754,Неразобранное,143,Закрыто и не реализовано,2026-07-14T10:32:40.000Z,13268930,Комола (Rooftop hall)
46326221,82313754,Неразобранное,143,Закрыто и не реализовано,2026-07-14T10:31:59.000Z,13268930,Комола (Rooftop hall)
46386429,82313754,Неразобранное,143,Закрыто и не реализовано,2026-07-14T10:30:15.000Z,13268930,Комола (Rooftop hall)
46386951,82313754,Неразобранное,143,Закрыто и не реализовано,2026-07-14T10:29:52.000Z,13268930,Комола (Rooftop hall)
46387199,82313754,Неразобранное,85355474,Instagram,2026-07-14T10:29:18.000Z,0,
46385549,82313754,Неразобранное,85355474,Instagram,2026-07-14T10:08:27.000Z,0,
46367713,82313754,Неразобранное,143,Закрыто и не реализовано,2026-07-14T09:42:56.000Z,13268930,Комола (Rooftop hall)
46347901,82313754,Неразобранное,143,Закрыто и не реализовано,2026-07-14T09:36:51.000Z,13268930,Комола (Rooftop hall)
46364757,86701234,Переговоры,143,Закрыто и не реализовано,2026-07-14T09:30:26.000Z,13268930,Комола (Rooftop hall)
46379679,82313754,Неразобранное,85355474,Instagram,2026-07-14T08:52:14.000Z,0,
46374257,82313754,Неразобранное,143,Закрыто и не реализовано,2026-07-14T08:06:37.000Z,13268930,Комола (Rooftop hall)
46279787,82313754,Неразобранное,143,Закрыто и не реализовано,2026-07-14T08:02:10.000Z,13268930,Комола (Rooftop hall)
46342077,82313754,Неразобранное,86701234,Переговоры,2026-07-14T08:01:51.000Z,13268930,Комола (Rooftop hall)
46373975,82313754,Неразобранное,85355474,Instagram,2026-07-14T07:58:14.000Z,0,
46341531,82313754,Неразобранное,143,Закрыто и не реализовано,2026-07-14T07:16:53.000Z,13268930,Комола (Rooftop hall)
46348395,82313754,Неразобранное,143,Закрыто и не реализовано,2026-07-14T07:16:35.000Z,13268930,Комола (Rooftop hall)
46357127,82313754,Неразобранное,143,Закрыто и не реализовано,2026-07-14T06:23:28.000Z,13268930,Комола (Rooftop hall)
46362157,82313754,Неразобранное,143,Закрыто и не реализовано,2026-07-14T06:21:53.000Z,13268930,Комола (Rooftop hall)
46349847,82313754,Неразобранное,85355474,Instagram,2026-07-13T16:09:10.000Z,0,
46349037,82313754,Неразобранное,85355474,Instagram,2026-07-13T15:48:11.000Z,0,
46348161,82313754,Неразобранное,85355474,Instagram,2026-07-13T15:26:23.000Z,0,
46347367,82313754,Неразобранное,85355474,Instagram,2026-07-13T15:06:15.000Z,0,
46346767,82313754,Неразобранное,85355474,Instagram,2026-07-13T14:50:11.000Z,0,
46346313,82313754,Неразобранное,85355474,Instagram,2026-07-13T14:39:11.000Z,0,
46332243,82313754,Неразобранное,143,Закрыто и не реализовано,2026-07-13T11:47:48.000Z,13268930,Комола (Rooftop hall)
46331035,82313754,Неразобранное,143,Закрыто и не реализовано,2026-07-13T11:34:09.000Z,13268930,Комола (Rooftop hall)
46331219,82313754,Неразобранное,143,Закрыто и не реализовано,2026-07-13T11:33:10.000Z,13268930,Комола (Rooftop hall)
46278107,82313754,Неразобранное,143,Закрыто и не реализовано,2026-07-13T11:32:52.000Z,13268930,Комола (Rooftop hall)
46331211,82313754,Неразобранное,85355474,Instagram,2026-07-13T11:32:16.000Z,0,
46277241,82313754,Неразобранное,143,Закрыто и не реализовано,2026-07-13T11:20:12.000Z,13268930,Комола (Rooftop hall)
46247571,82313754,Неразобранное,143,Закрыто и не реализовано,2026-07-13T11:17:12.000Z,13268930,Комола (Rooftop hall)
46324987,86701234,Переговоры,143,Закрыто и не реализовано,2026-07-13T11:08:02.000Z,13268930,Комола (Rooftop hall)
46327053,86701234,Переговоры,143,Закрыто и не реализовано,2026-07-13T11:07:43.000Z,13268930,Комола (Rooftop hall)
46328659,82313754,Неразобранное,143,Закрыто и не реализовано,2026-07-13T11:07:19.000Z,13268930,Комола (Rooftop hall)
46329715,143,Закрыто и не реализовано,85355474,Instagram,2026-07-13T11:06:20.000Z,0,
46329715,82313754,Неразобранное,143,Закрыто и не реализовано,2026-07-13T11:06:17.000Z,13268930,Комола (Rooftop hall)
46259255,86701234,Переговоры,143,Закрыто и не реализовано,2026-07-13T11:04:52.000Z,13268930,Комола (Rooftop hall)
46219381,85378210,переговоры,143,Закрыто и не реализовано,2026-07-13T10:57:18.000Z,13216486,Admin (тех. аккаунт)
46257195,85378206,Неразобранное,143,Закрыто и не реализовано,2026-07-13T10:53:19.000Z,13216486,Admin (тех. аккаунт)
46256925,85378206,Неразобранное,85378210,переговоры,2026-07-13T10:49:39.000Z,13216486,Admin (тех. аккаунт)
46219381,85378206,Неразобранное,85378210,переговоры,2026-07-13T10:46:26.000Z,13216486,Admin (тех. аккаунт)
46213239,85378206,Неразобранное,85378218,Принимают решение,2026-07-13T10:45:22.000Z,13216486,Admin (тех. аккаунт)
46259255,82313754,Неразобранное,86701234,Переговоры,2026-07-13T10:25:21.000Z,0,
46255337,82313754,Неразобранное,143,Закрыто и не реализовано,2026-07-13T10:22:42.000Z,13268930,Комола (Rooftop hall)
46216287,82313754,Неразобранное,143,Закрыто и не реализовано,2026-07-13T10:20:10.000Z,13268930,Комола (Rooftop hall)
46209915,85378206,Неразобранное,143,Закрыто и не реализовано,2026-07-13T10:06:38.000Z,13216486,Admin (тех. аккаунт)
46209173,85378206,Неразобранное,143,Закрыто и не реализовано,2026-07-13T10:03:10.000Z,13216486,Admin (тех. аккаунт)
46206305,82313754,Неразобранное,86701234,Переговоры,2026-07-13T09:49:26.000Z,0,
46169697,85378206,Неразобранное,85378210,переговоры,2026-07-13T09:24:35.000Z,13216486,Admin (тех. аккаунт)
46203649,82313754,Неразобранное,143,Закрыто и не реализовано,2026-07-13T09:24:03.000Z,13268930,Комола (Rooftop hall)
46294445,82313754,Неразобранное,143,Закрыто и не реализовано,2026-07-13T09:16:09.000Z,13268930,Комола (Rooftop hall)
46277257,82313754,Неразобранное,143,Закрыто и не реализовано,2026-07-13T08:57:51.000Z,13268930,Комола (Rooftop hall)
46309009,86701234,Переговоры,143,Закрыто и не реализовано,2026-07-13T08:56:40.000Z,13268930,Комола (Rooftop hall)
46316241,82313754,Неразобранное,85355474,Instagram,2026-07-13T08:48:17.000Z,0,
46313221,82313754,Неразобранное,85355474,Instagram,2026-07-13T07:56:21.000Z,0,
46312417,82313754,Неразобранное,85355474,Instagram,2026-07-13T07:52:17.000Z,0,
46127751,82313754,Неразобранное,143,Закрыто и не реализовано,2026-07-13T07:30:37.000Z,13268930,Комола (Rooftop hall)
46310943,82313754,Неразобранное,143,Закрыто и не реализовано,2026-07-13T07:29:38.000Z,13268930,Комола (Rooftop hall)
46233697,82313754,Неразобранное,86701234,Переговоры,2026-07-13T07:26:11.000Z,0,
46310661,82313754,Неразобранное,85355474,Instagram,2026-07-13T07:24:28.000Z,0,
45222621,86701234,Переговоры,143,Закрыто и не реализовано,2026-07-13T07:19:18.000Z,13268930,Комола (Rooftop hall)
46195447,86701234,Переговоры,143,Закрыто и не реализовано,2026-07-13T07:16:27.000Z,13268930,Комола (Rooftop hall)
46177301,86701234,Переговоры,143,Закрыто и не реализовано,2026-07-13T07:15:57.000Z,13268930,Комола (Rooftop hall)
46287901,82313754,Неразобранное,143,Закрыто и не реализовано,2026-07-13T07:15:03.000Z,13268930,Комола (Rooftop hall)
46301635,82313754,Неразобранное,143,Закрыто и не реализовано,2026-07-13T07:13:31.000Z,13268930,Комола (Rooftop hall)
46301563,82313754,Неразобранное,143,Закрыто и не реализовано,2026-07-13T07:12:48.000Z,13268930,Комола (Rooftop hall)
46308127,82313754,Неразобранное,143,Закрыто и не реализовано,2026-07-13T07:11:54.000Z,13268930,Комола (Rooftop hall)
45853605,85378210,переговоры,143,Закрыто и не реализовано,2026-07-13T06:45:50.000Z,13216486,Admin (тех. аккаунт)
46002617,85378218,Принимают решение,143,Закрыто и не реализовано,2026-07-13T06:42:04.000Z,13216486,Admin (тех. аккаунт)
46041207,85378218,Принимают решение,143,Закрыто и не реализовано,2026-07-13T06:38:50.000Z,13216486,Admin (тех. аккаунт)
46183897,86701234,Переговоры,143,Закрыто и не реализовано,2026-07-13T06:30:54.000Z,13268930,Комола (Rooftop hall)
46196591,86701234,Переговоры,143,Закрыто и не реализовано,2026-07-13T06:30:39.000Z,13268930,Комола (Rooftop hall)
46248007,86701234,Переговоры,143,Закрыто и не реализовано,2026-07-13T06:30:05.000Z,13268930,Комола (Rooftop hall)
46183991,82313754,Неразобранное,143,Закрыто и не реализовано,2026-07-13T06:17:37.000Z,13268930,Комола (Rooftop hall)
46181155,82313754,Неразобранное,143,Закрыто и не реализовано,2026-07-13T06:15:44.000Z,13268930,Комола (Rooftop hall)
46236073,82313754,Неразобранное,143,Закрыто и не реализовано,2026-07-13T06:15:10.000Z,13268930,Комола (Rooftop hall)
46235141,82313754,Неразобранное,143,Закрыто и не реализовано,2026-07-13T06:14:12.000Z,13268930,Комола (Rooftop hall)
46183631,82313754,Неразобранное,143,Закрыто и не реализовано,2026-07-13T06:13:40.000Z,13268930,Комола (Rooftop hall)
46219603,82313754,Неразобранное,143,Закрыто и не реализовано,2026-07-13T06:13:19.000Z,13268930,Комола (Rooftop hall)
46119589,82313754,Неразобранное,143,Закрыто и не реализовано,2026-07-13T06:12:56.000Z,13268930,Комола (Rooftop hall)
46081613,82313754,Неразобранное,143,Закрыто и не реализовано,2026-07-13T06:01:00.000Z,13268930,Комола (Rooftop hall)
46075341,82313754,Неразобранное,143,Закрыто и не реализовано,2026-07-13T06:00:31.000Z,13268930,Комола (Rooftop hall)
46236149,82313754,Неразобранное,143,Закрыто и не реализовано,2026-07-13T05:59:36.000Z,13268930,Комола (Rooftop hall)
46236583,82313754,Неразобранное,143,Закрыто и не реализовано,2026-07-13T05:59:00.000Z,13268930,Комола (Rooftop hall)
46246765,82313754,Неразобранное,143,Закрыто и не реализовано,2026-07-13T05:58:41.000Z,13268930,Комола (Rooftop hall)
46247593,82313754,Неразобранное,143,Закрыто и не реализовано,2026-07-13T05:58:18.000Z,13268930,Комола (Rooftop hall)
46253859,82313754,Неразобранное,143,Закрыто и не реализовано,2026-07-13T05:57:53.000Z,13268930,Комола (Rooftop hall)
46271205,82313754,Неразобранное,143,Закрыто и не реализовано,2026-07-13T05:57:22.000Z,13268930,Комола (Rooftop hall)
46278031,82313754,Неразобранное,143,Закрыто и не реализовано,2026-07-13T05:56:57.000Z,13268930,Комола (Rooftop hall)
46285929,82313754,Неразобранное,143,Закрыто и не реализовано,2026-07-13T05:56:36.000Z,13268930,Комола (Rooftop hall)
46292543,82313754,Неразобранное,143,Закрыто и не реализовано,2026-07-13T05:56:19.000Z,13268930,Комола (Rooftop hall)
46292873,82313754,Неразобранное,143,Закрыто и не реализовано,2026-07-13T05:56:03.000Z,13268930,Комола (Rooftop hall)
46295157,82313754,Неразобранное,143,Закрыто и не реализовано,2026-07-13T05:55:40.000Z,13268930,Комола (Rooftop hall)
46304203,82313754,Неразобранное,85355474,Instagram,2026-07-13T05:38:06.000Z,0,
46256829,82313754,Неразобранное,143,Закрыто и не реализовано,2026-07-13T05:11:26.000Z,13268930,Комола (Rooftop hall)
46290237,82313754,Неразобранное,85355474,Instagram,2026-07-12T17:38:06.000Z,0,
46250151,82313754,Неразобранное,85355474,Instagram,2026-07-11T15:08:10.000Z,0,
46239043,82313754,Неразобранное,85355474,Instagram,2026-07-11T10:39:09.000Z,0,
46232823,82313754,Неразобранное,86701234,Переговоры,2026-07-11T10:17:38.000Z,0,
46235993,82313754,Неразобранное,85355474,Instagram,2026-07-11T09:33:09.000Z,0,
46234073,82313754,Неразобранное,85355474,Instagram,2026-07-11T08:44:09.000Z,0,
46232413,82313754,Неразобранное,85355474,Instagram,2026-07-11T08:08:13.000Z,0,
46231897,82313754,Неразобранное,85355474,Instagram,2026-07-11T07:56:10.000Z,0,
46229495,82313754,Неразобранное,85355474,Instagram,2026-07-11T07:03:17.000Z,0,
46228899,82313754,Неразобранное,85355474,Instagram,2026-07-11T06:51:09.000Z,0,
46226069,82313754,Неразобранное,85355474,Instagram,2026-07-11T05:38:06.000Z,0,
46224887,82313754,Неразобранное,85355474,Instagram,2026-07-11T05:03:08.000Z,0,
46215935,82313754,Неразобранное,85355474,Instagram,2026-07-10T17:48:08.000Z,0,
46212729,82313754,Неразобранное,85355474,Instagram,2026-07-10T16:09:10.000Z,0,
46212615,82313754,Неразобранное,85355474,Instagram,2026-07-10T16:06:12.000Z,0,
46209539,82313754,Неразобранное,85355474,Instagram,2026-07-10T14:42:11.000Z,0,
46201523,82313754,Неразобранное,143,Закрыто и не реализовано,2026-07-10T11:46:53.000Z,13268930,Комола (Rooftop hall)
45898693,85378218,Принимают решение,143,Закрыто и не реализовано,2026-07-10T10:58:12.000Z,13216486,Admin (тех. аккаунт)
45873609,85378218,Принимают решение,143,Закрыто и не реализовано,2026-07-10T10:54:31.000Z,13216486,Admin (тех. аккаунт)
46079503,82313754,Неразобранное,143,Закрыто и не реализовано,2026-07-10T10:31:17.000Z,13268930,Комола (Rooftop hall)
46194629,82313754,Неразобранное,143,Закрыто и не реализовано,2026-07-10T10:30:19.000Z,13268930,Комола (Rooftop hall)
46031381,82601130,Согласование договора/сметы,82313766,Предполата / бронирование,2026-07-10T10:28:00.000Z,13268930,Комола (Rooftop hall)
46170387,85378206,Неразобранное,85378210,переговоры,2026-07-10T10:21:26.000Z,13216486,Admin (тех. аккаунт)
46181265,82313754,Неразобранное,143,Закрыто и не реализовано,2026-07-10T10:19:28.000Z,13268930,Комола (Rooftop hall)
46135897,85378206,Неразобранное,143,Закрыто и не реализовано,2026-07-10T10:18:54.000Z,13216486,Admin (тех. аккаунт)
46181085,82313754,Неразобранное,86701234,Переговоры,2026-07-10T10:13:33.000Z,13268930,Комола (Rooftop hall)
46191983,82313754,Неразобранное,143,Закрыто и не реализовано,2026-07-10T10:12:40.000Z,13268930,Комола (Rooftop hall)
46123643,85378206,Неразобранное,85378218,Принимают решение,2026-07-10T10:12:37.000Z,13216486,Admin (тех. аккаунт)
46193963,82313754,Неразобранное,85355474,Instagram,2026-07-10T10:11:17.000Z,0,
46185213,82313754,Неразобранное,85355474,Instagram,2026-07-10T08:38:11.000Z,0,
46184073,82313754,Неразобранное,85355474,Instagram,2026-07-10T08:19:17.000Z,0,
46181861,82313754,Неразобранное,85355474,Instagram,2026-07-10T07:37:13.000Z,0,
46004221,85378210,переговоры,143,Закрыто и не реализовано,2026-07-10T07:27:44.000Z,13216486,Admin (тех. аккаунт)
46002617,85378210,переговоры,85378218,Принимают решение,2026-07-10T07:25:04.000Z,13216486,Admin (тех. аккаунт)
46001749,85378210,переговоры,143,Закрыто и не реализовано,2026-07-10T07:21:50.000Z,13216486,Admin (тех. аккаунт)
46180489,82313754,Неразобранное,85355474,Instagram,2026-07-10T07:19:16.000Z,0,
46023251,85378210,переговоры,143,Закрыто и не реализовано,2026-07-10T07:19:09.000Z,13216486,Admin (тех. аккаунт)
46122229,82313754,Неразобранное,143,Закрыто и не реализовано,2026-07-10T07:14:38.000Z,13268930,Комола (Rooftop hall)
46179465,82313754,Неразобранное,85355474,Instagram,2026-07-10T06:58:14.000Z,0,
46122517,82313754,Неразобранное,143,Закрыто и не реализовано,2026-07-10T06:15:17.000Z,13268930,Комола (Rooftop hall)
46122259,86701234,Переговоры,143,Закрыто и не реализовано,2026-07-10T05:39:44.000Z,13268930,Комола (Rooftop hall)
46175431,86701234,Переговоры,143,Закрыто и не реализовано,2026-07-10T05:39:25.000Z,13268930,Комола (Rooftop hall)
46125769,86701234,Переговоры,143,Закрыто и не реализовано,2026-07-10T05:39:04.000Z,13268930,Комола (Rooftop hall)
46130545,82313754,Неразобранное,85355474,Instagram,2026-07-09T15:45:14.000Z,0,
46129647,82313754,Неразобранное,85355474,Instagram,2026-07-09T15:17:11.000Z,0,
46126913,82313754,Неразобранное,85355474,Instagram,2026-07-09T14:30:21.000Z,0,
46122891,82313754,Неразобранное,85355474,Instagram,2026-07-09T13:11:18.000Z,0,
46023251,85378206,Неразобранное,85378210,переговоры,2026-07-09T13:04:30.000Z,13216486,Admin (тех. аккаунт)
46041207,85378206,Неразобранное,85378218,Принимают решение,2026-07-09T13:01:40.000Z,13216486,Admin (тех. аккаунт)
46109915,85378206,Неразобранное,85378210,переговоры,2026-07-09T13:00:00.000Z,13216486,Admin (тех. аккаунт)
46117643,86701234,Переговоры,143,Закрыто и не реализовано,2026-07-09T12:20:39.000Z,13268930,Комола (Rooftop hall)
46118043,82313754,Неразобранное,143,Закрыто и не реализовано,2026-07-09T12:20:06.000Z,13268930,Комола (Rooftop hall)
46118227,82313754,Неразобранное,143,Закрыто и не реализовано,2026-07-09T12:19:38.000Z,13268930,Комола (Rooftop hall)
46119467,85378206,Неразобранное,85378210,переговоры,2026-07-09T12:13:16.000Z,13216486,Admin (тех. аккаунт)
46118255,82313754,Неразобранное,85355474,Instagram,2026-07-09T11:54:15.000Z,0,
46118129,82313754,Неразобранное,85355474,Instagram,2026-07-09T11:53:15.000Z,0,
46103571,82313754,Неразобранное,86701234,Переговоры,2026-07-09T11:25:06.000Z,0,
46108761,85378206,Неразобранное,85378218,Принимают решение,2026-07-09T10:52:09.000Z,13216486,Admin (тех. аккаунт)
46094235,86701234,Переговоры,143,Закрыто и не реализовано,2026-07-09T10:11:45.000Z,13268930,Комола (Rooftop hall)
46078449,82313754,Неразобранное,143,Закрыто и не реализовано,2026-07-09T10:07:42.000Z,13268930,Комола (Rooftop hall)
46023463,85378210,переговоры,143,Закрыто и не реализовано,2026-07-09T09:41:46.000Z,13216486,Admin (тех. аккаунт)
46104703,82313754,Неразобранное,86701234,Переговоры,2026-07-09T09:34:26.000Z,13268930,Комола (Rooftop hall)
46081639,82313754,Неразобранное,143,Закрыто и не реализовано,2026-07-09T09:33:21.000Z,13268930,Комола (Rooftop hall)
46083529,82313754,Неразобранное,143,Закрыто и не реализовано,2026-07-09T09:26:36.000Z,13268930,Комола (Rooftop hall)
46102105,82313754,Неразобранное,85355474,Instagram,2026-07-09T08:51:17.000Z,0,
46061255,82313754,Неразобранное,143,Закрыто и не реализовано,2026-07-09T08:47:59.000Z,13268930,Комола (Rooftop hall)
45906577,86701234,Переговоры,143,Закрыто и не реализовано,2026-07-09T08:47:31.000Z,13268930,Комола (Rooftop hall)
46040585,86701234,Переговоры,143,Закрыто и не реализовано,2026-07-09T08:46:32.000Z,13268930,Комола (Rooftop hall)
46081977,86701234,Переговоры,143,Закрыто и не реализовано,2026-07-09T08:46:00.000Z,13268930,Комола (Rooftop hall)
42432517,82601126,КП / презентация,143,Закрыто и не реализовано,2026-07-09T08:41:13.000Z,13268930,Комола (Rooftop hall)
46060823,86701234,Переговоры,85019690,Показ,2026-07-09T08:22:59.000Z,13268930,Комола (Rooftop hall)
46060823,82313754,Неразобранное,86701234,Переговоры,2026-07-09T08:22:30.000Z,13268930,Комола (Rooftop hall)
46082205,85378210,переговоры,85378218,Принимают решение,2026-07-09T08:21:16.000Z,13216486,Admin (тех. аккаунт)
45972519,82313754,Неразобранное,143,Закрыто и не реализовано,2026-07-09T08:13:33.000Z,13268930,Комола (Rooftop hall)
46095613,82313754,Неразобранное,86701234,Переговоры,2026-07-09T08:13:13.000Z,13268930,Комола (Rooftop hall)
46040461,85378206,Неразобранное,85378218,Принимают решение,2026-07-09T08:13:11.000Z,13216486,Admin (тех. аккаунт)
46098615,82313754,Неразобранное,143,Закрыто и не реализовано,2026-07-09T08:12:16.000Z,13268930,Комола (Rooftop hall)
46098701,86701234,Переговоры,143,Закрыто и не реализовано,2026-07-09T08:09:30.000Z,13268930,Комола (Rooftop hall)
46044719,85378206,Неразобранное,143,Закрыто и не реализовано,2026-07-09T08:07:42.000Z,13216486,Admin (тех. аккаунт)
46082205,85378206,Неразобранное,85378210,переговоры,2026-07-09T08:07:16.000Z,13216486,Admin (тех. аккаунт)
46099181,85378206,Неразобранное,143,Закрыто и не реализовано,2026-07-09T08:06:58.000Z,13216486,Admin (тех. аккаунт)
45681395,86701234,Переговоры,85019690,Показ,2026-07-09T08:00:26.000Z,13268930,Комола (Rooftop hall)
46082363,85378206,Неразобранное,85378218,Принимают решение,2026-07-09T07:55:33.000Z,13216486,Admin (тех. аккаунт)
46096367,82313754,Неразобранное,85355474,Instagram,2026-07-09T07:18:18.000Z,0,
46081977,82313754,Неразобранное,86701234,Переговоры,2026-07-09T06:55:40.000Z,0,
46066995,82313754,Неразобранное,143,Закрыто и не реализовано,2026-07-09T06:47:38.000Z,13268930,Комола (Rooftop hall)
46093777,82313754,Неразобранное,86701234,Переговоры,2026-07-09T06:43:56.000Z,0,
46065421,82313754,Неразобранное,143,Закрыто и не реализовано,2026-07-09T06:37:23.000Z,13268930,Комола (Rooftop hall)
45972213,82313754,Неразобранное,143,Закрыто и не реализовано,2026-07-09T06:30:13.000Z,13268930,Комола (Rooftop hall)
46082939,85378206,Неразобранное,85378210,переговоры,2026-07-09T06:29:49.000Z,13216486,Admin (тех. аккаунт)
46092255,82313754,Неразобранное,143,Закрыто и не реализовано,2026-07-09T06:10:37.000Z,13268930,Комола (Rooftop hall)
46085549,82313754,Неразобранное,143,Закрыто и не реализовано,2026-07-09T06:09:24.000Z,13268930,Комола (Rooftop hall)
46086349,82313754,Неразобранное,143,Закрыто и не реализовано,2026-07-09T05:24:17.000Z,13268930,Комола (Rooftop hall)
46088351,82313754,Неразобранное,85355474,Instagram,2026-07-09T04:41:05.000Z,0,
46086341,82313754,Неразобранное,85355474,Instagram,2026-07-09T03:07:05.000Z,0,
46067337,82313754,Неразобранное,85355474,Instagram,2026-07-08T13:56:15.000Z,0,
46066987,82313754,Неразобранное,85355474,Instagram,2026-07-08T13:49:14.000Z,0,
46061645,82313754,Неразобранное,143,Закрыто и не реализовано,2026-07-08T12:31:17.000Z,13268930,Комола (Rooftop hall)
45997321,82313754,Неразобранное,143,Закрыто и не реализовано,2026-07-08T12:16:20.000Z,13268930,Комола (Rooftop hall)
46001719,82313754,Неразобранное,143,Закрыто и не реализовано,2026-07-08T12:15:51.000Z,13268930,Комола (Rooftop hall)
46010733,82313754,Неразобранное,143,Закрыто и не реализовано,2026-07-08T12:13:41.000Z,13268930,Комола (Rooftop hall)
46040277,82313754,Неразобранное,143,Закрыто и не реализовано,2026-07-08T12:13:27.000Z,13268930,Комола (Rooftop hall)
46041539,82313754,Неразобранное,143,Закрыто и не реализовано,2026-07-08T12:13:14.000Z,13268930,Комола (Rooftop hall)
46041649,82313754,Неразобранное,143,Закрыто и не реализовано,2026-07-08T12:13:00.000Z,13268930,Комола (Rooftop hall)
46044125,82313754,Неразобранное,143,Закрыто и не реализовано,2026-07-08T12:12:47.000Z,13268930,Комола (Rooftop hall)
46049417,82313754,Неразобранное,143,Закрыто и не реализовано,2026-07-08T12:12:35.000Z,13268930,Комола (Rooftop hall)
45984659,82313754,Неразобранное,143,Закрыто и не реализовано,2026-07-08T12:12:18.000Z,13268930,Комола (Rooftop hall)
46043567,82313754,Неразобранное,143,Закрыто и не реализовано,2026-07-08T12:11:16.000Z,13268930,Комола (Rooftop hall)
46047057,82313754,Неразобранное,143,Закрыто и не реализовано,2026-07-08T12:09:26.000Z,13268930,Комола (Rooftop hall)
46059909,85378206,Неразобранное,143,Закрыто и не реализовано,2026-07-08T12:06:25.000Z,13216486,Admin (тех. аккаунт)
45978455,82313754,Неразобранное,143,Закрыто и не реализовано,2026-07-08T11:56:37.000Z,13268930,Комола (Rooftop hall)
45967757,82313754,Неразобранное,143,Закрыто и не реализовано,2026-07-08T11:53:46.000Z,13268930,Комола (Rooftop hall)
46008023,82313754,Неразобранное,143,Закрыто и не реализовано,2026-07-08T11:47:19.000Z,13268930,Комола (Rooftop hall)
45960827,82313754,Неразобранное,143,Закрыто и не реализовано,2026-07-08T11:46:18.000Z,13268930,Комола (Rooftop hall)
45959597,82313754,Неразобранное,143,Закрыто и не реализовано,2026-07-08T11:45:28.000Z,13268930,Комола (Rooftop hall)
46055253,82313754,Неразобранное,86701234,Переговоры,2026-07-08T11:44:04.000Z,13268930,Комола (Rooftop hall)
46054761,86701234,Переговоры,143,Закрыто и не реализовано,2026-07-08T11:43:11.000Z,13268930,Комола (Rooftop hall)
46058585,86701234,Переговоры,143,Закрыто и не реализовано,2026-07-08T11:42:51.000Z,13268930,Комола (Rooftop hall)
46031381,86701234,Переговоры,82601130,Согласование договора/сметы,2026-07-08T11:16:32.000Z,13268930,Комола (Rooftop hall)
46056191,82313754,Неразобранное,85355474,Instagram,2026-07-08T11:03:17.000Z,0,
46031381,82313754,Неразобранное,86701234,Переговоры,2026-07-08T10:20:31.000Z,0,
45942321,86701234,Переговоры,143,Закрыто и не реализовано,2026-07-08T10:14:52.000Z,13268930,Комола (Rooftop hall)
45945193,86701234,Переговоры,143,Закрыто и не реализовано,2026-07-08T10:14:31.000Z,13268930,Комола (Rooftop hall)
46035307,86701234,Переговоры,143,Закрыто и не реализовано,2026-07-08T10:13:36.000Z,13268930,Комола (Rooftop hall)
46040751,86701234,Переговоры,143,Закрыто и не реализовано,2026-07-08T10:13:13.000Z,13268930,Комола (Rooftop hall)
46041105,86701234,Переговоры,143,Закрыто и не реализовано,2026-07-08T10:02:18.000Z,13268930,Комола (Rooftop hall)
46010921,82313754,Неразобранное,85019690,Показ,2026-07-08T10:01:57.000Z,13268930,Комола (Rooftop hall)
45901735,82313754,Неразобранное,143,Закрыто и не реализовано,2026-07-08T09:59:55.000Z,13268930,Комола (Rooftop hall)
45882577,82313754,Неразобранное,143,Закрыто и не реализовано,2026-07-08T09:59:34.000Z,13268930,Комола (Rooftop hall)
46029187,85378206,Неразобранное,143,Закрыто и не реализовано,2026-07-08T07:43:07.000Z,13216486,Admin (тех. аккаунт)
46023463,85378206,Неразобранное,85378210,переговоры,2026-07-08T07:39:53.000Z,13216486,Admin (тех. аккаунт)
46040585,82313754,Неразобранное,86701234,Переговоры,2026-07-08T07:39:35.000Z,0,
46020465,85378206,Неразобранное,143,Закрыто и не реализовано,2026-07-08T07:37:44.000Z,13216486,Admin (тех. аккаунт)
46016641,85378206,Неразобранное,85378210,переговоры,2026-07-08T07:36:16.000Z,13216486,Admin (тех. аккаунт)
45215943,86701234,Переговоры,143,Закрыто и не реализовано,2026-07-08T07:15:25.000Z,13268930,Комола (Rooftop hall)
44587495,86701234,Переговоры,143,Закрыто и не реализовано,2026-07-08T07:10:24.000Z,13268930,Комола (Rooftop hall)
44574339,86701234,Переговоры,143,Закрыто и не реализовано,2026-07-08T07:09:54.000Z,13268930,Комола (Rooftop hall)
45997329,82313754,Неразобранное,143,Закрыто и не реализовано,2026-07-08T07:09:06.000Z,13268930,Комола (Rooftop hall)
45951157,82313754,Неразобранное,86701234,Переговоры,2026-07-08T07:08:08.000Z,13268930,Комола (Rooftop hall)
45894855,82313754,Неразобранное,143,Закрыто и не реализовано,2026-07-08T07:01:05.000Z,13268930,Комола (Rooftop hall)
45986381,82313754,Неразобранное,86701234,Переговоры,2026-07-08T07:00:40.000Z,13268930,Комола (Rooftop hall)
45996781,82313754,Неразобранное,143,Закрыто и не реализовано,2026-07-08T06:59:17.000Z,13268930,Комола (Rooftop hall)
46033749,82313754,Неразобранное,86701234,Переговоры,2026-07-08T06:58:27.000Z,13268930,Комола (Rooftop hall)
46035133,82313754,Неразобранное,143,Закрыто и не реализовано,2026-07-08T06:56:31.000Z,13268930,Комола (Rooftop hall)
45806335,85355474,Instagram,143,Закрыто и не реализовано,2026-07-08T06:39:28.000Z,13216486,Admin (тех. аккаунт)
45855211,85355474,Instagram,143,Закрыто и не реализовано,2026-07-08T06:36:26.000Z,13216486,Admin (тех. аккаунт)
46032285,82313754,Неразобранное,85355474,Instagram,2026-07-08T05:58:08.000Z,0,
46019691,82313754,Неразобранное,85355474,Instagram,2026-07-07T18:26:07.000Z,0,
46009311,82313754,Неразобранное,85355474,Instagram,2026-07-07T14:06:21.000Z,0,
46004221,85378206,Неразобранное,85378210,переговоры,2026-07-07T12:43:11.000Z,13216486,Admin (тех. аккаунт)
45899971,85378218,Принимают решение,143,Закрыто и не реализовано,2026-07-07T12:39:35.000Z,13216486,Admin (тех. аккаунт)
45845203,85378218,Принимают решение,143,Закрыто и не реализовано,2026-07-07T12:35:12.000Z,13216486,Admin (тех. аккаунт)
45833679,85378218,Принимают решение,143,Закрыто и не реализовано,2026-07-07T12:32:57.000Z,13216486,Admin (тех. аккаунт)
45770069,85378218,Принимают решение,143,Закрыто и не реализовано,2026-07-07T12:29:26.000Z,13216486,Admin (тех. аккаунт)
45903851,85378210,переговоры,143,Закрыто и не реализовано,2026-07-07T12:26:30.000Z,13216486,Admin (тех. аккаунт)
45900289,85378210,переговоры,143,Закрыто и не реализовано,2026-07-07T12:23:39.000Z,13216486,Admin (тех. аккаунт)
45897223,85378210,переговоры,143,Закрыто и не реализовано,2026-07-07T12:19:29.000Z,13216486,Admin (тех. аккаунт)
45887519,85378210,переговоры,143,Закрыто и не реализовано,2026-07-07T12:18:31.000Z,13216486,Admin (тех. аккаунт)
46002617,85378206,Неразобранное,85378210,переговоры,2026-07-07T12:16:28.000Z,13216486,Admin (тех. аккаунт)
46001749,85378206,Неразобранное,85378210,переговоры,2026-07-07T12:15:11.000Z,13216486,Admin (тех. аккаунт)
45998691,85378206,Неразобранное,143,Закрыто и не реализовано,2026-07-07T12:13:56.000Z,13216486,Admin (тех. аккаунт)
46002137,82313754,Неразобранное,85355474,Instagram,2026-07-07T12:01:28.000Z,0,
46000151,82313754,Неразобранное,85355474,Instagram,2026-07-07T11:29:35.000Z,0,
45997083,82313754,Неразобранное,85355474,Instagram,2026-07-07T10:41:22.000Z,0,
45996529,82313754,Неразобранное,85355474,Instagram,2026-07-07T10:34:16.000Z,0,
45992325,82313754,Неразобранное,85355474,Instagram,2026-07-07T09:22:30.000Z,0,
45928787,85378206,Неразобранное,143,Закрыто и не реализовано,2026-07-07T06:38:33.000Z,13216486,Admin (тех. аккаунт)
45928019,85378206,Неразобранное,85378210,переговоры,2026-07-07T06:37:17.000Z,13216486,Admin (тех. аккаунт)
45903011,85378218,Принимают решение,143,Закрыто и не реализовано,2026-07-07T05:37:13.000Z,13216486,Admin (тех. аккаунт)
45962129,82313754,Неразобранное,85355474,Instagram,2026-07-06T17:01:15.000Z,0,
45961339,82313754,Неразобранное,85355474,Instagram,2026-07-06T16:40:13.000Z,0,
45959393,82313754,Неразобранное,85355474,Instagram,2026-07-06T15:54:10.000Z,0,
45957259,82313754,Неразобранное,85355474,Instagram,2026-07-06T15:13:15.000Z,0,
45956643,82313754,Неразобранное,85355474,Instagram,2026-07-06T14:59:15.000Z,0,
45952849,82313754,Неразобранное,85355474,Instagram,2026-07-06T13:40:21.000Z,0,
45857179,85378210,переговоры,143,Закрыто и не реализовано,2026-07-06T12:59:28.000Z,13216486,Admin (тех. аккаунт)
45850815,85378210,переговоры,85378218,Принимают решение,2026-07-06T12:53:29.000Z,13216486,Admin (тех. аккаунт)
45903011,85378210,переговоры,85378218,Принимают решение,2026-07-06T12:51:04.000Z,13216486,Admin (тех. аккаунт)
45591611,86701234,Переговоры,143,Закрыто и не реализовано,2026-07-06T12:40:47.000Z,13268930,Комола (Rooftop hall)
45848701,82313754,Неразобранное,143,Закрыто и не реализовано,2026-07-06T12:36:36.000Z,13268930,Комола (Rooftop hall)
45898133,82313754,Неразобранное,143,Закрыто и не реализовано,2026-07-06T12:36:22.000Z,13268930,Комола (Rooftop hall)
45946009,82313754,Неразобранное,143,Закрыто и не реализовано,2026-07-06T12:35:48.000Z,13268930,Комола (Rooftop hall)
45945193,82313754,Неразобранное,86701234,Переговоры,2026-07-06T12:21:49.000Z,0,
45886411,82313754,Неразобранное,143,Закрыто и не реализовано,2026-07-06T11:33:56.000Z,13268930,Комола (Rooftop hall)
45928729,82313754,Неразобранное,143,Закрыто и не реализовано,2026-07-06T11:33:38.000Z,13268930,Комола (Rooftop hall)
45939723,82313754,Неразобранное,143,Закрыто и не реализовано,2026-07-06T11:33:07.000Z,13268930,Комола (Rooftop hall)
45933941,82313754,Неразобранное,86701234,Переговоры,2026-07-06T11:32:25.000Z,13268930,Комола (Rooftop hall)
45926435,82313754,Неразобранное,143,Закрыто и не реализовано,2026-07-06T09:02:32.000Z,13268930,Комола (Rooftop hall)
45925831,82313754,Неразобранное,85355474,Instagram,2026-07-06T08:34:16.000Z,0,
45522343,86701234,Переговоры,143,Закрыто и не реализовано,2026-07-06T07:54:51.000Z,13268930,Комола (Rooftop hall)
45550259,86701234,Переговоры,85019690,Показ,2026-07-06T07:53:33.000Z,13268930,Комола (Rooftop hall)
45896891,82313754,Неразобранное,143,Закрыто и не реализовано,2026-07-06T07:51:05.000Z,13268930,Комола (Rooftop hall)
45898693,85378210,переговоры,85378218,Принимают решение,2026-07-06T07:43:22.000Z,13216486,Admin (тех. аккаунт)
45901019,82313754,Неразобранное,86701234,Переговоры,2026-07-06T07:40:20.000Z,13268930,Комола (Rooftop hall)
45840227,82313754,Неразобранное,143,Закрыто и не реализовано,2026-07-06T07:34:59.000Z,13268930,Комола (Rooftop hall)
45814479,85378210,переговоры,143,Закрыто и не реализовано,2026-07-06T07:28:30.000Z,13216486,Admin (тех. аккаунт)
45899971,85378210,переговоры,85378218,Принимают решение,2026-07-06T07:28:01.000Z,13216486,Admin (тех. аккаунт)
45576175,86701234,Переговоры,143,Закрыто и не реализовано,2026-07-06T07:20:12.000Z,13268930,Комола (Rooftop hall)
45579081,86701234,Переговоры,143,Закрыто и не реализовано,2026-07-06T07:19:41.000Z,13268930,Комола (Rooftop hall)
45003049,86701234,Переговоры,143,Закрыто и не реализовано,2026-07-06T07:19:18.000Z,13268930,Комола (Rooftop hall)
45808149,82313754,Неразобранное,143,Закрыто и не реализовано,2026-07-06T07:14:35.000Z,13268930,Комола (Rooftop hall)
45903851,85378206,Неразобранное,85378210,переговоры,2026-07-06T07:11:53.000Z,13216486,Admin (тех. аккаунт)
45832315,86701234,Переговоры,143,Закрыто и не реализовано,2026-07-06T07:11:38.000Z,13268930,Комола (Rooftop hall)
45899971,85378206,Неразобранное,85378210,переговоры,2026-07-06T07:10:38.000Z,13216486,Admin (тех. аккаунт)
45894297,85378210,переговоры,85378218,Принимают решение,2026-07-06T07:08:51.000Z,13216486,Admin (тех. аккаунт)
45894297,85378206,Неразобранное,85378210,переговоры,2026-07-06T07:07:32.000Z,13216486,Admin (тех. аккаунт)
45853605,85378206,Неразобранное,85378210,переговоры,2026-07-06T07:05:43.000Z,13216486,Admin (тех. аккаунт)
45833431,82313754,Неразобранное,86701234,Переговоры,2026-07-06T06:50:40.000Z,13268930,Комола (Rooftop hall)
45854595,82313754,Неразобранное,86701234,Переговоры,2026-07-06T06:49:57.000Z,13268930,Комола (Rooftop hall)
45859179,82313754,Неразобранное,86701234,Переговоры,2026-07-06T06:49:56.000Z,13268930,Комола (Rooftop hall)
45905987,82313754,Неразобранное,86701234,Переговоры,2026-07-06T06:49:17.000Z,13268930,Комола (Rooftop hall)
45850815,85378206,Неразобранное,85378210,переговоры,2026-07-06T06:40:20.000Z,13216486,Admin (тех. аккаунт)
45873609,85378210,переговоры,85378218,Принимают решение,2026-07-06T06:36:16.000Z,13216486,Admin (тех. аккаунт)
45912513,82313754,Неразобранное,85355474,Instagram,2026-07-06T06:29:13.000Z,0,
45852159,85378210,переговоры,143,Закрыто и не реализовано,2026-07-06T06:28:31.000Z,13216486,Admin (тех. аккаунт)
45833679,85378210,переговоры,85378218,Принимают решение,2026-07-06T06:26:07.000Z,13216486,Admin (тех. аккаунт)
45911919,82313754,Неразобранное,85355474,Instagram,2026-07-06T06:20:16.000Z,0,
45845203,85378210,переговоры,85378218,Принимают решение,2026-07-06T06:18:28.000Z,13216486,Admin (тех. аккаунт)
45771805,85378210,переговоры,143,Закрыто и не реализовано,2026-07-06T06:17:52.000Z,13216486,Admin (тех. аккаунт)
45770069,85378210,переговоры,85378218,Принимают решение,2026-07-06T06:17:36.000Z,13216486,Admin (тех. аккаунт)
45769833,85378218,Принимают решение,143,Закрыто и не реализовано,2026-07-06T06:17:15.000Z,13216486,Admin (тех. аккаунт)
45769833,85378210,переговоры,85378218,Принимают решение,2026-07-06T05:49:59.000Z,13216486,Admin (тех. аккаунт)
45833679,82313754,Неразобранное,85378210,переговоры,2026-07-06T05:48:57.000Z,13216486,Admin (тех. аккаунт)
45814479,82313754,Неразобранное,85378210,переговоры,2026-07-06T05:48:37.000Z,13216486,Admin (тех. аккаунт)
45852159,82313754,Неразобранное,85378210,переговоры,2026-07-06T05:48:06.000Z,13216486,Admin (тех. аккаунт)
45857179,82313754,Неразобранное,85378210,переговоры,2026-07-06T05:47:39.000Z,13216486,Admin (тех. аккаунт)
45887519,82313754,Неразобранное,85378210,переговоры,2026-07-06T05:47:14.000Z,13216486,Admin (тех. аккаунт)
45873609,82313754,Неразобранное,85378210,переговоры,2026-07-06T05:46:57.000Z,13216486,Admin (тех. аккаунт)
45897223,82313754,Неразобранное,85378210,переговоры,2026-07-06T05:46:11.000Z,13216486,Admin (тех. аккаунт)
45898693,82313754,Неразобранное,85378210,переговоры,2026-07-06T05:45:47.000Z,13216486,Admin (тех. аккаунт)
45900289,86701234,Переговоры,85378210,переговоры,2026-07-06T05:45:15.000Z,13216486,Admin (тех. аккаунт)
45900289,82313754,Неразобранное,86701234,Переговоры,2026-07-06T05:45:05.000Z,13216486,Admin (тех. аккаунт)
45903011,86701234,Переговоры,85378210,переговоры,2026-07-06T05:44:36.000Z,13216486,Admin (тех. аккаунт)
45903011,82313754,Неразобранное,86701234,Переговоры,2026-07-06T05:44:19.000Z,13216486,Admin (тех. аккаунт)
45906577,82313754,Неразобранное,86701234,Переговоры,2026-07-06T05:43:44.000Z,13216486,Admin (тех. аккаунт)
45897125,82313754,Неразобранное,86701234,Переговоры,2026-07-06T05:41:13.000Z,13216486,Admin (тех. аккаунт)
45890111,82313754,Неразобранное,143,Закрыто и не реализовано,2026-07-06T05:33:03.000Z,13268930,Комола (Rooftop hall)
45894465,82313754,Неразобранное,143,Закрыто и не реализовано,2026-07-06T05:32:36.000Z,13268930,Комола (Rooftop hall)
45845203,85378206,Неразобранное,85378210,переговоры,2026-07-06T05:32:19.000Z,13216486,Admin (тех. аккаунт)
45907821,82313754,Неразобранное,85355474,Instagram,2026-07-06T04:58:06.000Z,0,
45907131,82313754,Неразобранное,85355474,Instagram,2026-07-06T04:42:09.000Z,0,
45899353,82313754,Неразобранное,85355474,Instagram,2026-07-05T19:24:11.000Z,0,
45886851,82313754,Неразобранное,85355474,Instagram,2026-07-05T13:03:15.000Z,0,
45885001,82313754,Неразобранное,86701234,Переговоры,2026-07-05T12:17:05.000Z,0,
45859163,82313754,Неразобранное,85355474,Instagram,2026-07-04T20:12:04.000Z,0,
45855211,82313754,Неразобранное,85355474,Instagram,2026-07-04T17:50:10.000Z,0,
45835261,82313754,Неразобранное,85355474,Instagram,2026-07-04T10:18:09.000Z,0,
45829255,82313754,Неразобранное,86701234,Переговоры,2026-07-04T09:37:54.000Z,13268930,Комола (Rooftop hall)
45831549,82313754,Неразобранное,85355474,Instagram,2026-07-04T08:56:09.000Z,0,
45825857,82313754,Неразобранное,85355474,Instagram,2026-07-04T06:58:08.000Z,0,
45665313,85355474,Instagram,143,Закрыто и не реализовано,2026-07-04T06:21:54.000Z,13268930,Комола (Rooftop hall)
45799433,82313754,Неразобранное,86701234,Переговоры,2026-07-04T05:46:43.000Z,13268930,Комола (Rooftop hall)
45812901,82313754,Неразобранное,85355474,Instagram,2026-07-03T18:17:07.000Z,0,
45812403,82313754,Неразобранное,85355474,Instagram,2026-07-03T17:58:07.000Z,0,
45810071,82313754,Неразобранное,85355474,Instagram,2026-07-03T16:41:08.000Z,0,
45806335,82313754,Неразобранное,85355474,Instagram,2026-07-03T15:03:12.000Z,0,
45799075,82313754,Неразобранное,85355474,Instagram,2026-07-03T12:54:13.000Z,0,
45797547,82313754,Неразобранное,85355474,Instagram,2026-07-03T12:39:13.000Z,0,
45770757,82313754,Неразобранное,143,Закрыто и не реализовано,2026-07-03T12:00:03.000Z,13268930,Комола (Rooftop hall)
45791553,82313754,Неразобранное,86701234,Переговоры,2026-07-03T11:58:43.000Z,13268930,Комола (Rooftop hall)
45791269,82313754,Неразобранное,86701234,Переговоры,2026-07-03T11:58:29.000Z,13268930,Комола (Rooftop hall)
45786851,82313754,Неразобранное,86701234,Переговоры,2026-07-03T11:58:09.000Z,13268930,Комола (Rooftop hall)
45793683,82313754,Неразобранное,143,Закрыто и не реализовано,2026-07-03T11:58:03.000Z,13268930,Комола (Rooftop hall)
45789931,82313754,Неразобранное,85355474,Instagram,2026-07-03T11:25:19.000Z,0,
45789619,82313754,Неразобранное,85355474,Instagram,2026-07-03T11:21:29.000Z,0,
45781293,82313754,Неразобранное,143,Закрыто и не реализовано,2026-07-03T10:40:20.000Z,13268930,Комола (Rooftop hall)
45777549,82313754,Неразобранное,143,Закрыто и не реализовано,2026-07-03T09:12:12.000Z,13268930,Комола (Rooftop hall)
45763945,82313754,Неразобранное,143,Закрыто и не реализовано,2026-07-03T08:18:18.000Z,13268930,Комола (Rooftop hall)
45777009,82313754,Неразобранное,85355474,Instagram,2026-07-03T08:04:23.000Z,0,
45774605,82313754,Неразобранное,85355474,Instagram,2026-07-03T07:27:21.000Z,0,
45724989,82313754,Неразобранное,143,Закрыто и не реализовано,2026-07-03T06:33:46.000Z,13268930,Комола (Rooftop hall)
45769833,85378206,Неразобранное,85378210,переговоры,2026-07-03T06:33:40.000Z,13216486,Admin (тех. аккаунт)
45650077,82313754,Неразобранное,143,Закрыто и не реализовано,2026-07-03T06:33:09.000Z,13268930,Комола (Rooftop hall)
45700607,82313754,Неразобранное,143,Закрыто и не реализовано,2026-07-03T06:32:52.000Z,13268930,Комола (Rooftop hall)
45768353,82313754,Неразобранное,143,Закрыто и не реализовано,2026-07-03T05:18:04.000Z,13268930,Комола (Rooftop hall)
45756327,82313754,Неразобранное,86701234,Переговоры,2026-07-03T05:14:26.000Z,13268930,Комола (Rooftop hall)
45758333,82313754,Неразобранное,85355474,Instagram,2026-07-02T17:56:06.000Z,0,
45754013,82313754,Неразобранное,85355474,Instagram,2026-07-02T15:48:11.000Z,0,
45752677,82313754,Неразобранное,85355474,Instagram,2026-07-02T15:14:09.000Z,0,
45721187,82313754,Неразобранное,86701234,Переговоры,2026-07-02T12:59:25.000Z,13268930,Комола (Rooftop hall)
45646133,82313754,Неразобранное,143,Закрыто и не реализовано,2026-07-02T12:43:23.000Z,13268930,Комола (Rooftop hall)
45720473,82313754,Неразобранное,143,Закрыто и не реализовано,2026-07-02T12:40:26.000Z,13268930,Комола (Rooftop hall)
45718445,82313754,Неразобранное,85355474,Instagram,2026-07-02T12:17:25.000Z,0,
45717297,82313754,Неразобранное,85355474,Instagram,2026-07-02T11:55:17.000Z,0,
45713137,82313754,Неразобранное,143,Закрыто и не реализовано,2026-07-02T11:08:15.000Z,13268930,Комола (Rooftop hall)
45713135,82313754,Неразобранное,86701234,Переговоры,2026-07-02T11:08:04.000Z,13268930,Комола (Rooftop hall)
45165621,82313766,Предполата / бронирование,142,Провели мероприятие (100% оплата),2026-07-02T11:03:04.000Z,13216486,Admin (тех. аккаунт)
45710587,82313754,Неразобранное,143,Закрыто и не реализовано,2026-07-02T10:32:15.000Z,13268930,Комола (Rooftop hall)
45706151,82313754,Неразобранное,85019690,Показ,2026-07-02T10:31:48.000Z,13268930,Комола (Rooftop hall)
45711361,82313754,Неразобранное,85355474,Instagram,2026-07-02T10:23:38.000Z,0,
45693983,82313754,Неразобранное,143,Закрыто и не реализовано,2026-07-02T08:18:14.000Z,13268930,Комола (Rooftop hall)
45675675,82313754,Неразобранное,143,Закрыто и не реализовано,2026-07-02T08:15:45.000Z,13268930,Комола (Rooftop hall)
45619741,82313754,Неразобранное,143,Закрыто и не реализовано,2026-07-02T08:15:11.000Z,13268930,Комола (Rooftop hall)
45648337,82313754,Неразобранное,143,Закрыто и не реализовано,2026-07-02T08:14:57.000Z,13268930,Комола (Rooftop hall)
45688785,82313754,Неразобранное,85355474,Instagram,2026-07-02T07:18:17.000Z,0,
45589465,82313754,Неразобранное,143,Закрыто и не реализовано,2026-07-02T07:01:28.000Z,13268930,Комола (Rooftop hall)
45571445,82313754,Неразобранное,143,Закрыто и не реализовано,2026-07-02T06:56:03.000Z,13268930,Комола (Rooftop hall)
45644643,82313754,Неразобранное,85346514,Отложенный спрос,2026-07-02T06:55:12.000Z,13268930,Комола (Rooftop hall)
45644865,82313754,Неразобранное,143,Закрыто и не реализовано,2026-07-02T06:49:12.000Z,13268930,Комола (Rooftop hall)
45672595,82313754,Неразобранное,143,Закрыто и не реализовано,2026-07-02T06:39:22.000Z,13268930,Комола (Rooftop hall)
45685021,82313754,Неразобранное,85355474,Instagram,2026-07-02T06:20:19.000Z,0,
45681395,82313754,Неразобранное,86701234,Переговоры,2026-07-02T05:29:07.000Z,13268930,Комола (Rooftop hall)
45674877,82313754,Неразобранное,85355474,Instagram,2026-07-01T20:44:05.000Z,0,
45672469,82313754,Неразобранное,85355474,Instagram,2026-07-01T18:43:09.000Z,0,
45665313,82313754,Неразобранное,85355474,Instagram,2026-07-01T18:21:15.000Z,0,
45656969,82313754,Неразобранное,85355474,Instagram,2026-07-01T17:40:09.000Z,0,
45652193,82313754,Неразобранное,85355474,Instagram,2026-07-01T17:08:12.000Z,0,
45646791,82313754,Неразобранное,85355474,Instagram,2026-07-01T14:48:12.000Z,0,
45639785,82313754,Неразобранное,143,Закрыто и не реализовано,2026-07-01T12:56:52.000Z,13268930,Комола (Rooftop hall)
45631795,82313754,Неразобранное,143,Закрыто и не реализовано,2026-07-01T12:05:58.000Z,13268930,Комола (Rooftop hall)
45562229,82313754,Неразобранное,143,Закрыто и не реализовано,2026-07-01T11:38:02.000Z,13268930,Комола (Rooftop hall)
45630557,82313754,Неразобранное,143,Закрыто и не реализовано,2026-07-01T11:37:40.000Z,13268930,Комола (Rooftop hall)
45629271,82313754,Неразобранное,85355474,Instagram,2026-07-01T11:16:24.000Z,0,
45628927,82313754,Неразобранное,143,Закрыто и не реализовано,2026-07-01T11:09:11.000Z,13268930,Комола (Rooftop hall)
45627955,82313754,Неразобранное,85355474,Instagram,2026-07-01T10:52:19.000Z,0,
45165681,86701234,Переговоры,143,Закрыто и не реализовано,2026-07-01T10:41:33.000Z,13268930,Комола (Rooftop hall)
45332001,86701234,Переговоры,143,Закрыто и не реализовано,2026-07-01T10:41:05.000Z,13268930,Комола (Rooftop hall)
45592333,82313754,Неразобранное,143,Закрыто и не реализовано,2026-07-01T09:43:34.000Z,13268930,Комола (Rooftop hall)
45623261,82313754,Неразобранное,85355474,Instagram,2026-07-01T09:38:16.000Z,0,
45614205,82313754,Неразобранное,85355474,Instagram,2026-07-01T07:39:16.000Z,0,
45585531,86701234,Переговоры,143,Закрыто и не реализовано,2026-07-01T07:33:00.000Z,13268930,Комола (Rooftop hall)
45611971,82313754,Неразобранное,143,Закрыто и не реализовано,2026-07-01T07:31:04.000Z,13268930,Комола (Rooftop hall)
45486565,82313754,Неразобранное,143,Закрыто и не реализовано,2026-07-01T06:48:31.000Z,13268930,Комола (Rooftop hall)
45581205,82313754,Неразобранное,143,Закрыто и не реализовано,2026-07-01T06:47:16.000Z,13268930,Комола (Rooftop hall)
45591611,82313754,Неразобранное,86701234,Переговоры,2026-07-01T06:46:56.000Z,13268930,Комола (Rooftop hall)
45576175,82313754,Неразобранное,86701234,Переговоры,2026-07-01T06:08:39.000Z,13268930,Комола (Rooftop hall)
45585531,82313754,Неразобранное,86701234,Переговоры,2026-07-01T05:21:24.000Z,13268930,Комола (Rooftop hall)
45603943,82313754,Неразобранное,85355474,Instagram,2026-07-01T03:48:06.000Z,0,
45599365,82313754,Неразобранное,85355474,Instagram,2026-06-30T21:11:07.000Z,0,
45591533,82313754,Неразобранное,85355474,Instagram,2026-06-30T16:46:10.000Z,0,
45575135,82313754,Неразобранное,85355474,Instagram,2026-06-30T11:17:20.000Z,0,
45570569,82313754,Неразобранное,143,Закрыто и не реализовано,2026-06-30T11:12:09.000Z,13268930,Комола (Rooftop hall)
45571243,82313754,Неразобранное,85355474,Instagram,2026-06-30T10:13:23.000Z,0,
45531835,82313754,Неразобранное,143,Закрыто и не реализовано,2026-06-30T09:43:06.000Z,13268930,Комола (Rooftop hall)
45531465,82313754,Неразобранное,143,Закрыто и не реализовано,2026-06-30T09:39:26.000Z,13268930,Комола (Rooftop hall)
45568647,82313754,Неразобранное,143,Закрыто и не реализовано,2026-06-30T09:38:50.000Z,13268930,Комола (Rooftop hall)
45521903,82313754,Неразобранное,143,Закрыто и не реализовано,2026-06-30T09:31:55.000Z,13268930,Комола (Rooftop hall)
45478177,86701234,Переговоры,143,Закрыто и не реализовано,2026-06-30T09:30:45.000Z,13268930,Комола (Rooftop hall)
45524487,82313754,Неразобранное,143,Закрыто и не реализовано,2026-06-30T09:29:20.000Z,13268930,Комола (Rooftop hall)
45531263,82313754,Неразобранное,143,Закрыто и не реализовано,2026-06-30T09:25:29.000Z,13268930,Комола (Rooftop hall)
45566227,82313754,Неразобранное,143,Закрыто и не реализовано,2026-06-30T09:24:58.000Z,13268930,Комола (Rooftop hall)
45247081,86701234,Переговоры,143,Закрыто и не реализовано,2026-06-30T07:30:00.000Z,13268930,Комола (Rooftop hall)
45539991,82313754,Неразобранное,143,Закрыто и не реализовано,2026-06-30T07:27:11.000Z,13268930,Комола (Rooftop hall)
45527037,82313754,Неразобранное,143,Закрыто и не реализовано,2026-06-30T07:22:17.000Z,13268930,Комола (Rooftop hall)
45523355,86701234,Переговоры,143,Закрыто и не реализовано,2026-06-30T06:13:38.000Z,13268930,Комола (Rooftop hall)
45523355,82313754,Неразобранное,86701234,Переговоры,2026-06-30T06:11:48.000Z,13268930,Комола (Rooftop hall)
45522343,82313754,Неразобранное,86701234,Переговоры,2026-06-30T06:10:36.000Z,13268930,Комола (Rooftop hall)
45472543,86701234,Переговоры,143,Закрыто и не реализовано,2026-06-30T06:05:52.000Z,13268930,Комола (Rooftop hall)
45550259,82313754,Неразобранное,86701234,Переговоры,2026-06-30T06:02:02.000Z,13268930,Комола (Rooftop hall)
45482533,82313754,Неразобранное,143,Закрыто и не реализовано,2026-06-30T06:00:50.000Z,13268930,Комола (Rooftop hall)
45195851,86701234,Переговоры,143,Закрыто и не реализовано,2026-06-30T05:57:26.000Z,13268930,Комола (Rooftop hall)
45550301,86701234,Переговоры,143,Закрыто и не реализовано,2026-06-30T05:51:36.000Z,13268930,Комола (Rooftop hall)
45265277,86701234,Переговоры,143,Закрыто и не реализовано,2026-06-30T05:51:04.000Z,13268930,Комола (Rooftop hall)
45268515,86701234,Переговоры,82601126,КП / презентация,2026-06-30T05:47:56.000Z,13268930,Комола (Rooftop hall)
44683741,86701234,Переговоры,143,Закрыто и не реализовано,2026-06-30T05:46:26.000Z,13268930,Комола (Rooftop hall)
45488593,85019690,Показ,143,Закрыто и не реализовано,2026-06-30T05:43:14.000Z,13268930,Комола (Rooftop hall)
45158679,86701234,Переговоры,143,Закрыто и не реализовано,2026-06-30T05:42:34.000Z,13268930,Комола (Rooftop hall)
45495369,86701234,Переговоры,143,Закрыто и не реализовано,2026-06-30T05:41:45.000Z,13268930,Комола (Rooftop hall)
45014383,86701234,Переговоры,143,Закрыто и не реализовано,2026-06-30T05:40:48.000Z,13268930,Комола (Rooftop hall)
45126817,86701234,Переговоры,143,Закрыто и не реализовано,2026-06-30T05:39:51.000Z,13268930,Комола (Rooftop hall)
45272483,86701234,Переговоры,143,Закрыто и не реализовано,2026-06-30T05:39:19.000Z,13268930,Комола (Rooftop hall)
45273745,86701234,Переговоры,143,Закрыто и не реализовано,2026-06-30T05:38:51.000Z,13268930,Комола (Rooftop hall)
45513847,82313754,Неразобранное,143,Закрыто и не реализовано,2026-06-30T05:24:01.000Z,13268930,Комола (Rooftop hall)
45546885,82313754,Неразобранное,85355474,Instagram,2026-06-30T04:33:06.000Z,0,
45544779,82313754,Неразобранное,86701234,Переговоры,2026-06-30T03:20:55.000Z,0,
45543409,82313754,Неразобранное,85355474,Instagram,2026-06-30T00:28:05.000Z,0,
45537847,82313754,Неразобранное,85355474,Instagram,2026-06-29T19:28:14.000Z,0,
45537259,82313754,Неразобранное,85355474,Instagram,2026-06-29T19:07:09.000Z,0,
45529423,82313754,Неразобранное,85355474,Instagram,2026-06-29T16:04:11.000Z,0,
45528029,82313754,Неразобранное,85355474,Instagram,2026-06-29T15:32:12.000Z,0,
45523051,82313754,Неразобранное,85355474,Instagram,2026-06-29T13:51:11.000Z,0,
45485647,85355474,Instagram,143,Закрыто и не реализовано,2026-06-29T13:10:36.000Z,13216486,Admin (тех. аккаунт)
45461611,85355474,Instagram,143,Закрыто и не реализовано,2026-06-29T13:10:17.000Z,13216486,Admin (тех. аккаунт)
45464249,82313754,Неразобранное,143,Закрыто и не реализовано,2026-06-29T10:36:40.000Z,13268930,Комола (Rooftop hall)
45475961,82313754,Неразобранное,143,Закрыто и не реализовано,2026-06-29T10:28:00.000Z,13268930,Комола (Rooftop hall)
45502883,82313754,Неразобранное,143,Закрыто и не реализовано,2026-06-29T10:26:53.000Z,13268930,Комола (Rooftop hall)
45468429,82313754,Неразобранное,143,Закрыто и не реализовано,2026-06-29T09:32:35.000Z,13268930,Комола (Rooftop hall)
45465845,82313754,Неразобранное,143,Закрыто и не реализовано,2026-06-29T09:32:17.000Z,13268930,Комола (Rooftop hall)
45459701,82313754,Неразобранное,143,Закрыто и не реализовано,2026-06-29T09:31:42.000Z,13268930,Комола (Rooftop hall)
45455799,82313754,Неразобранное,143,Закрыто и не реализовано,2026-06-29T09:31:29.000Z,13268930,Комола (Rooftop hall)
45431697,82313754,Неразобранное,143,Закрыто и не реализовано,2026-06-29T09:31:11.000Z,13268930,Комола (Rooftop hall)
45431097,82313754,Неразобранное,143,Закрыто и не реализовано,2026-06-29T09:29:17.000Z,13268930,Комола (Rooftop hall)
45430517,82313754,Неразобранное,143,Закрыто и не реализовано,2026-06-29T09:29:01.000Z,13268930,Комола (Rooftop hall)
45429583,82313754,Неразобранное,143,Закрыто и не реализовано,2026-06-29T09:28:46.000Z,13268930,Комола (Rooftop hall)
45500533,82313754,Неразобранное,86701234,Переговоры,2026-06-29T09:27:38.000Z,13268930,Комола (Rooftop hall)
45500631,82313754,Неразобранное,85355474,Instagram,2026-06-29T09:08:21.000Z,0,
45403007,86701234,Переговоры,143,Закрыто и не реализовано,2026-06-29T08:46:20.000Z,13268930,Комола (Rooftop hall)
45378085,86701234,Переговоры,143,Закрыто и не реализовано,2026-06-29T08:45:03.000Z,13268930,Комола (Rooftop hall)
45271533,86701234,Переговоры,143,Закрыто и не реализовано,2026-06-29T08:44:49.000Z,13268930,Комола (Rooftop hall)
45490289,82313754,Неразобранное,143,Закрыто и не реализовано,2026-06-29T08:41:25.000Z,13268930,Комола (Rooftop hall)
45488205,82313754,Неразобранное,143,Закрыто и не реализовано,2026-06-29T08:14:55.000Z,13268930,Комола (Rooftop hall)
45495285,85355474,Instagram,143,Закрыто и не реализовано,2026-06-29T08:10:18.000Z,13268930,Комола (Rooftop hall)
45492495,82313754,Неразобранное,143,Закрыто и не реализовано,2026-06-29T08:04:09.000Z,13268930,Комола (Rooftop hall)
45495285,143,Закрыто и не реализовано,85355474,Instagram,2026-06-29T08:03:44.000Z,0,
45495285,82313754,Неразобранное,143,Закрыто и не реализовано,2026-06-29T08:03:35.000Z,13268930,Комола (Rooftop hall)
45492481,82313754,Неразобранное,85355474,Instagram,2026-06-29T07:22:30.000Z,0,
45492119,82313754,Неразобранное,85355474,Instagram,2026-06-29T07:15:21.000Z,0,
45402145,82313754,Неразобранное,143,Закрыто и не реализовано,2026-06-29T06:21:53.000Z,13268930,Комола (Rooftop hall)
45407209,82313754,Неразобранное,143,Закрыто и не реализовано,2026-06-29T06:17:10.000Z,13268930,Комола (Rooftop hall)
45392835,82313754,Неразобранное,143,Закрыто и не реализовано,2026-06-29T06:05:35.000Z,13268930,Комола (Rooftop hall)
45388929,82313754,Неразобранное,85019690,Показ,2026-06-29T06:05:04.000Z,13268930,Комола (Rooftop hall)
45383373,82313754,Неразобранное,143,Закрыто и не реализовано,2026-06-29T06:04:04.000Z,13268930,Комола (Rooftop hall)
45478177,82313754,Неразобранное,86701234,Переговоры,2026-06-29T06:01:57.000Z,13268930,Комола (Rooftop hall)
45425829,82313754,Неразобранное,85019690,Показ,2026-06-29T06:01:36.000Z,13268930,Комола (Rooftop hall)
45428305,82313754,Неразобранное,85019690,Показ,2026-06-29T05:59:52.000Z,13268930,Комола (Rooftop hall)
45408397,82313754,Неразобранное,143,Закрыто и не реализовано,2026-06-29T05:58:21.000Z,13268930,Комола (Rooftop hall)
45383363,82313754,Неразобранное,143,Закрыто и не реализовано,2026-06-29T05:58:03.000Z,13268930,Комола (Rooftop hall)
45447889,82313754,Неразобранное,143,Закрыто и не реализовано,2026-06-29T05:57:45.000Z,13268930,Комола (Rooftop hall)
45472543,82313754,Неразобранное,86701234,Переговоры,2026-06-29T05:57:19.000Z,13268930,Комола (Rooftop hall)
45472567,82313754,Неразобранное,143,Закрыто и не реализовано,2026-06-29T05:57:13.000Z,13268930,Комола (Rooftop hall)
45483253,82313754,Неразобранное,143,Закрыто и не реализовано,2026-06-29T05:56:53.000Z,13268930,Комола (Rooftop hall)
45380299,82313754,Неразобранное,143,Закрыто и не реализовано,2026-06-29T05:56:40.000Z,13268930,Комола (Rooftop hall)
45487579,82313754,Неразобранное,85355474,Instagram,2026-06-29T05:51:08.000Z,0,
45487551,82313754,Неразобранное,85355474,Instagram,2026-06-29T05:51:08.000Z,0,
45486957,82313754,Неразобранное,85355474,Instagram,2026-06-29T05:40:09.000Z,0,
45485647,82313754,Неразобранное,85355474,Instagram,2026-06-29T05:12:10.000Z,0,
45485273,82313754,Неразобранное,85355474,Instagram,2026-06-29T05:04:10.000Z,0,
45484513,82313754,Неразобранное,85355474,Instagram,2026-06-29T04:47:06.000Z,0,
45483145,82313754,Неразобранное,85355474,Instagram,2026-06-29T04:11:05.000Z,0,
45483005,82313754,Неразобранное,85355474,Instagram,2026-06-29T04:07:05.000Z,0,
45482663,82313754,Неразобранное,85355474,Instagram,2026-06-29T03:54:05.000Z,0,
45481965,82313754,Неразобранное,85355474,Instagram,2026-06-29T03:25:05.000Z,0,
45480441,82313754,Неразобранное,85355474,Instagram,2026-06-29T02:27:03.000Z,0,
45480011,82313754,Неразобранное,85355474,Instagram,2026-06-29T01:51:06.000Z,0,
45479887,82313754,Неразобранное,85355474,Instagram,2026-06-29T01:46:04.000Z,0,
45478869,82313754,Неразобранное,85355474,Instagram,2026-06-28T23:37:03.000Z,0,
45478619,82313754,Неразобранное,85355474,Instagram,2026-06-28T22:36:04.000Z,0,
45477105,82313754,Неразобранное,85355474,Instagram,2026-06-28T20:12:06.000Z,0,
45468371,82313754,Неразобранное,85355474,Instagram,2026-06-28T15:03:08.000Z,0,
45468321,82313754,Неразобранное,85355474,Instagram,2026-06-28T15:00:53.000Z,0,
45467117,82313754,Неразобранное,85355474,Instagram,2026-06-28T14:21:15.000Z,0,
45466705,82313754,Неразобранное,85355474,Instagram,2026-06-28T14:09:07.000Z,0,
45465615,82313754,Неразобранное,85355474,Instagram,2026-06-28T13:36:08.000Z,0,
45465317,82313754,Неразобранное,85355474,Instagram,2026-06-28T13:27:14.000Z,0,
45462069,82313754,Неразобранное,85355474,Instagram,2026-06-28T12:04:13.000Z,0,
45461611,82313754,Неразобранное,85355474,Instagram,2026-06-28T11:53:09.000Z,0,
45457649,82313754,Неразобранное,85355474,Instagram,2026-06-28T10:14:12.000Z,0,
45454959,82313754,Неразобранное,85355474,Instagram,2026-06-28T09:06:12.000Z,0,
45454261,82313754,Неразобранное,85355474,Instagram,2026-06-28T08:46:11.000Z,0,
45453831,82313754,Неразобранное,85355474,Instagram,2026-06-28T08:33:10.000Z,0,
45451731,82313754,Неразобранное,85355474,Instagram,2026-06-28T07:41:08.000Z,0,
45449859,82313754,Неразобранное,85355474,Instagram,2026-06-28T07:00:52.000Z,0,
45449563,82313754,Неразобранное,85355474,Instagram,2026-06-28T06:51:07.000Z,0,
45446247,82313754,Неразобранное,85355474,Instagram,2026-06-28T04:49:04.000Z,0,
45437543,82313754,Неразобранное,85355474,Instagram,2026-06-27T17:11:06.000Z,0,
45433877,82313754,Неразобранное,85355474,Instagram,2026-06-27T14:54:08.000Z,0,
45432571,82313754,Неразобранное,85355474,Instagram,2026-06-27T14:13:08.000Z,0,
45421969,82313754,Неразобранное,85355474,Instagram,2026-06-27T10:22:20.000Z,0,
45420603,82313754,Неразобранное,85355474,Instagram,2026-06-27T09:52:11.000Z,0,
45403007,82313754,Неразобранное,86701234,Переговоры,2026-06-27T09:36:41.000Z,0,
45419657,82313754,Неразобранное,85355474,Instagram,2026-06-27T09:33:12.000Z,0,
45419359,82313754,Неразобранное,85355474,Instagram,2026-06-27T09:28:22.000Z,0,
45417645,82313754,Неразобранное,85355474,Instagram,2026-06-27T08:58:13.000Z,0,
45411897,82313754,Неразобранное,85355474,Instagram,2026-06-27T07:02:21.000Z,0,
45406907,82313754,Неразобранное,85355474,Instagram,2026-06-27T04:17:04.000Z,0,
45383197,82313754,Неразобранное,85355474,Instagram,2026-06-26T16:14:13.000Z,0,
45322039,82313754,Неразобранное,143,Закрыто и не реализовано,2026-06-26T12:57:49.000Z,13268930,Комола (Rooftop hall)
45372989,82313754,Неразобранное,85355474,Instagram,2026-06-26T12:32:14.000Z,0,
45368107,82313754,Неразобранное,85355474,Instagram,2026-06-26T11:55:19.000Z,0,
45367339,82313754,Неразобранное,85355474,Instagram,2026-06-26T11:42:15.000Z,0,
45353431,82313754,Неразобранное,143,Закрыто и не реализовано,2026-06-26T08:01:43.000Z,13268930,Комола (Rooftop hall)
45332001,82313754,Неразобранное,86701234,Переговоры,2026-06-26T06:10:20.000Z,13268930,Комола (Rooftop hall)
45330739,82313754,Неразобранное,86701234,Переговоры,2026-06-26T05:59:03.000Z,13268930,Комола (Rooftop hall)
45346005,82313754,Неразобранное,85355474,Instagram,2026-06-26T05:57:07.000Z,0,
45337881,82313754,Неразобранное,143,Закрыто и не реализовано,2026-06-26T05:51:53.000Z,13268930,Комола (Rooftop hall)
45331075,82313754,Неразобранное,143,Закрыто и не реализовано,2026-06-26T05:16:20.000Z,13268930,Комола (Rooftop hall)
45332107,82313754,Неразобранное,143,Закрыто и не реализовано,2026-06-26T05:14:52.000Z,13268930,Комола (Rooftop hall)
45341945,82313754,Неразобранное,85355474,Instagram,2026-06-26T04:32:08.000Z,0,
45340839,82313754,Неразобранное,85355474,Instagram,2026-06-26T03:42:06.000Z,0,
45334539,82313754,Неразобранное,85355474,Instagram,2026-06-25T19:38:05.000Z,0,
45321323,82313754,Неразобранное,85355474,Instagram,2026-06-25T13:26:24.000Z,0,
45317411,82313754,Неразобранное,143,Закрыто и не реализовано,2026-06-25T12:20:23.000Z,13268930,Комола (Rooftop hall)
45316697,82313754,Неразобранное,143,Закрыто и не реализовано,2026-06-25T12:16:02.000Z,13268930,Комола (Rooftop hall)
45212597,86701234,Переговоры,143,Закрыто и не реализовано,2026-06-25T12:01:23.000Z,13268930,Комола (Rooftop hall)
44626103,86701234,Переговоры,143,Закрыто и не реализовано,2026-06-25T12:00:25.000Z,13268930,Комола (Rooftop hall)
44586469,86701234,Переговоры,143,Закрыто и не реализовано,2026-06-25T11:59:43.000Z,13268930,Комола (Rooftop hall)
44540903,86701234,Переговоры,143,Закрыто и не реализовано,2026-06-25T11:59:11.000Z,13268930,Комола (Rooftop hall)
45242687,82313754,Неразобранное,86701234,Переговоры,2026-06-25T11:10:54.000Z,13268930,Комола (Rooftop hall)
45265277,82313754,Неразобранное,86701234,Переговоры,2026-06-25T11:10:47.000Z,13268930,Комола (Rooftop hall)
45272483,82313754,Неразобранное,86701234,Переговоры,2026-06-25T11:10:42.000Z,13268930,Комола (Rooftop hall)
45309751,82313754,Неразобранное,143,Закрыто и не реализовано,2026-06-25T11:09:29.000Z,13268930,Комола (Rooftop hall)
45311205,82313754,Неразобранное,143,Закрыто и не реализовано,2026-06-25T11:07:51.000Z,13268930,Комола (Rooftop hall)
45310797,82313754,Неразобранное,85355474,Instagram,2026-06-25T10:50:21.000Z,0,
45309627,82313754,Неразобранное,85355474,Instagram,2026-06-25T10:31:13.000Z,0,
45268605,86701234,Переговоры,143,Закрыто и не реализовано,2026-06-25T09:52:46.000Z,13268930,Комола (Rooftop hall)
45296925,82313754,Неразобранное,143,Закрыто и не реализовано,2026-06-25T09:52:16.000Z,13268930,Комола (Rooftop hall)
45273745,82313754,Неразобранное,86701234,Переговоры,2026-06-25T09:51:06.000Z,13268930,Комола (Rooftop hall)
45278119,82313754,Неразобранное,143,Закрыто и не реализовано,2026-06-25T09:50:46.000Z,13268930,Комола (Rooftop hall)
45267069,82313754,Неразобранное,143,Закрыто и не реализовано,2026-06-25T09:48:20.000Z,13268930,Комола (Rooftop hall)
45268515,82313754,Неразобранное,86701234,Переговоры,2026-06-25T07:54:17.000Z,13268930,Комола (Rooftop hall)
45270337,82313754,Неразобранное,86701234,Переговоры,2026-06-25T07:51:35.000Z,13268930,Комола (Rooftop hall)
45272805,82313754,Неразобранное,143,Закрыто и не реализовано,2026-06-25T07:50:43.000Z,13268930,Комола (Rooftop hall)
45247081,82313754,Неразобранное,86701234,Переговоры,2026-06-25T06:08:55.000Z,13268930,Комола (Rooftop hall)
45242605,86701234,Переговоры,143,Закрыто и не реализовано,2026-06-25T05:22:46.000Z,13268930,Комола (Rooftop hall)
45147449,82313754,Неразобранное,143,Закрыто и не реализовано,2026-06-25T05:22:02.000Z,13268930,Комола (Rooftop hall)
45247709,82313754,Неразобранное,143,Закрыто и не реализовано,2026-06-25T05:20:50.000Z,13268930,Комола (Rooftop hall)
45242605,82313754,Неразобранное,86701234,Переговоры,2026-06-25T05:18:39.000Z,13268930,Комола (Rooftop hall)
45264711,82313754,Неразобранное,85355474,Instagram,2026-06-25T04:30:09.000Z,0,
45261713,82313754,Неразобранное,85355474,Instagram,2026-06-25T03:14:05.000Z,0,
45260875,82313754,Неразобранное,85355474,Instagram,2026-06-25T02:20:05.000Z,0,
45258817,82313754,Неразобранное,85355474,Instagram,2026-06-24T22:10:04.000Z,0,
45258601,82313754,Неразобранное,85355474,Instagram,2026-06-24T21:40:05.000Z,0,
45258053,82313754,Неразобранное,85355474,Instagram,2026-06-24T20:53:05.000Z,0,
45257351,82313754,Неразобранное,85355474,Instagram,2026-06-24T20:07:06.000Z,0,
45257119,82313754,Неразобранное,85355474,Instagram,2026-06-24T19:57:06.000Z,0,
45256597,82313754,Неразобранное,85355474,Instagram,2026-06-24T19:27:06.000Z,0,
45256505,82313754,Неразобранное,85355474,Instagram,2026-06-24T19:22:20.000Z,0,
45249543,82313754,Неразобранное,85355474,Instagram,2026-06-24T18:14:08.000Z,0,
45248739,82313754,Неразобранное,85355474,Instagram,2026-06-24T17:48:07.000Z,0,
45247635,82313754,Неразобранное,85355474,Instagram,2026-06-24T17:15:10.000Z,0,
45246761,82313754,Неразобранное,85355474,Instagram,2026-06-24T16:50:14.000Z,0,
45246553,82313754,Неразобранное,85355474,Instagram,2026-06-24T16:43:08.000Z,0,
45246103,82313754,Неразобранное,85355474,Instagram,2026-06-24T16:31:08.000Z,0,
45246033,82313754,Неразобранное,85355474,Instagram,2026-06-24T16:29:09.000Z,0,
45243855,82313754,Неразобранное,85355474,Instagram,2026-06-24T15:39:12.000Z,0,
45243417,82313754,Неразобранное,85355474,Instagram,2026-06-24T15:29:13.000Z,0,
45243161,82313754,Неразобранное,85355474,Instagram,2026-06-24T15:24:17.000Z,0,
45240385,82313754,Неразобранное,85355474,Instagram,2026-06-24T14:21:37.000Z,0,
45239081,82313754,Неразобранное,85355474,Instagram,2026-06-24T13:55:13.000Z,0,
45238987,82313754,Неразобранное,85355474,Instagram,2026-06-24T13:54:13.000Z,0,
41788623,82601126,КП / презентация,143,Закрыто и не реализовано,2026-06-24T12:45:40.000Z,13216486,Admin (тех. аккаунт)
41748631,82601126,КП / презентация,143,Закрыто и не реализовано,2026-06-24T12:45:19.000Z,13216486,Admin (тех. аккаунт)
44731895,85355474,Instagram,143,Закрыто и не реализовано,2026-06-24T12:44:56.000Z,13216486,Admin (тех. аккаунт)
45191085,85355474,Instagram,143,Закрыто и не реализовано,2026-06-24T12:41:59.000Z,13216486,Admin (тех. аккаунт)
45232137,85355474,Instagram,143,Закрыто и не реализовано,2026-06-24T12:41:25.000Z,13216486,Admin (тех. аккаунт)
45232137,82313754,Неразобранное,85355474,Instagram,2026-06-24T11:54:18.000Z,0,
45231729,82313754,Неразобранное,85355474,Instagram,2026-06-24T11:48:17.000Z,0,
45222871,143,Закрыто и не реализовано,85355474,Instagram,2026-06-24T10:35:47.000Z,0,
45223835,82313754,Неразобранное,143,Закрыто и не реализовано,2026-06-24T10:26:05.000Z,13268930,Комола (Rooftop hall)
45016191,82313754,Неразобранное,143,Закрыто и не реализовано,2026-06-24T10:25:26.000Z,13268930,Комола (Rooftop hall)
45014883,82313754,Неразобранное,143,Закрыто и не реализовано,2026-06-24T10:25:12.000Z,13268930,Комола (Rooftop hall)
45014145,82313754,Неразобранное,143,Закрыто и не реализовано,2026-06-24T10:24:39.000Z,13268930,Комола (Rooftop hall)
45012747,82313754,Неразобранное,143,Закрыто и не реализовано,2026-06-24T10:24:11.000Z,13268930,Комола (Rooftop hall)
45012675,82313754,Неразобранное,143,Закрыто и не реализовано,2026-06-24T10:23:54.000Z,13268930,Комола (Rooftop hall)
45006013,82313754,Неразобранное,143,Закрыто и не реализовано,2026-06-24T10:23:21.000Z,13268930,Комола (Rooftop hall)
45001989,82313754,Неразобранное,143,Закрыто и не реализовано,2026-06-24T10:22:43.000Z,13268930,Комола (Rooftop hall)
44996099,82313754,Неразобранное,143,Закрыто и не реализовано,2026-06-24T10:22:24.000Z,13268930,Комола (Rooftop hall)
44993821,82313754,Неразобранное,143,Закрыто и не реализовано,2026-06-24T10:21:52.000Z,13268930,Комола (Rooftop hall)
45124733,82313754,Неразобранное,143,Закрыто и не реализовано,2026-06-24T10:21:04.000Z,13268930,Комола (Rooftop hall)
45157157,82313754,Неразобранное,143,Закрыто и не реализовано,2026-06-24T10:19:47.000Z,13268930,Комола (Rooftop hall)
45000781,85355474,Instagram,143,Закрыто и не реализовано,2026-06-24T10:18:44.000Z,13216486,Admin (тех. аккаунт)
45221435,82313754,Неразобранное,143,Закрыто и не реализовано,2026-06-24T10:18:15.000Z,13268930,Комола (Rooftop hall)
45192455,85355474,Instagram,143,Закрыто и не реализовано,2026-06-24T10:17:55.000Z,13216486,Admin (тех. аккаунт)
45190051,85355474,Instagram,143,Закрыто и не реализовано,2026-06-24T10:16:37.000Z,13216486,Admin (тех. аккаунт)
45055891,86701234,Переговоры,85019690,Показ,2026-06-24T10:16:33.000Z,13268930,Комола (Rooftop hall)
45196017,85355474,Instagram,143,Закрыто и не реализовано,2026-06-24T10:16:20.000Z,13216486,Admin (тех. аккаунт)
45191587,85355474,Instagram,143,Закрыто и не реализовано,2026-06-24T10:15:42.000Z,13216486,Admin (тех. аккаунт)
45222871,82313754,Неразобранное,143,Закрыто и не реализовано,2026-06-24T10:14:26.000Z,13268930,Комола (Rooftop hall)
44976143,82313754,Неразобранное,143,Закрыто и не реализовано,2026-06-24T10:02:16.000Z,13268930,Комола (Rooftop hall)
44938151,82313754,Неразобранное,143,Закрыто и не реализовано,2026-06-24T09:56:19.000Z,13268930,Комола (Rooftop hall)
45220785,82313754,Неразобранное,85355474,Instagram,2026-06-24T09:50:59.000Z,0,
44928045,82313754,Неразобранное,143,Закрыто и не реализовано,2026-06-24T09:50:03.000Z,13268930,Комола (Rooftop hall)
44683907,82313754,Неразобранное,143,Закрыто и не реализовано,2026-06-24T09:29:05.000Z,13268930,Комола (Rooftop hall)
45019991,82313754,Неразобранное,86701234,Переговоры,2026-06-24T09:25:43.000Z,13268930,Комола (Rooftop hall)
45138907,82313754,Неразобранное,86701234,Переговоры,2026-06-24T09:24:03.000Z,13268930,Комола (Rooftop hall)
45157455,82313754,Неразобранное,86701234,Переговоры,2026-06-24T09:23:59.000Z,13268930,Комола (Rooftop hall)
44876561,82313754,Неразобранное,143,Закрыто и не реализовано,2026-06-24T09:22:57.000Z,13268930,Комола (Rooftop hall)
44893551,82313754,Неразобранное,143,Закрыто и не реализовано,2026-06-24T09:20:24.000Z,13268930,Комола (Rooftop hall)
44669207,82313754,Неразобранное,143,Закрыто и не реализовано,2026-06-24T09:18:57.000Z,13268930,Комола (Rooftop hall)
45011455,82313754,Неразобранное,143,Закрыто и не реализовано,2026-06-24T09:17:55.000Z,13268930,Комола (Rooftop hall)
44998295,82313754,Неразобранное,143,Закрыто и не реализовано,2026-06-24T09:15:54.000Z,13268930,Комола (Rooftop hall)
45215943,82313754,Неразобранное,86701234,Переговоры,2026-06-24T09:12:49.000Z,13268930,Комола (Rooftop hall)
44936243,82313754,Неразобранное,143,Закрыто и не реализовано,2026-06-24T09:12:08.000Z,13268930,Комола (Rooftop hall)
45034709,82313754,Неразобранное,86701234,Переговоры,2026-06-24T08:20:22.000Z,13268930,Комола (Rooftop hall)
45165681,82313754,Неразобранное,86701234,Переговоры,2026-06-24T08:15:41.000Z,13268930,Комола (Rooftop hall)
44940323,82313754,Неразобранное,143,Закрыто и не реализовано,2026-06-24T08:07:04.000Z,13268930,Комола (Rooftop hall)
44738925,82313754,Неразобранное,143,Закрыто и не реализовано,2026-06-24T08:01:16.000Z,13268930,Комола (Rooftop hall)
44696341,82313754,Неразобранное,143,Закрыто и не реализовано,2026-06-24T07:58:14.000Z,13268930,Комола (Rooftop hall)
45128667,82313754,Неразобранное,143,Закрыто и не реализовано,2026-06-24T07:39:03.000Z,13268930,Комола (Rooftop hall)
45128175,82313754,Неразобранное,143,Закрыто и не реализовано,2026-06-24T07:38:28.000Z,13268930,Комола (Rooftop hall)
45068727,82313754,Неразобранное,143,Закрыто и не реализовано,2026-06-24T07:36:58.000Z,13268930,Комола (Rooftop hall)
45034661,82313754,Неразобранное,143,Закрыто и не реализовано,2026-06-24T07:36:33.000Z,13268930,Комола (Rooftop hall)
45055891,82313754,Неразобранное,86701234,Переговоры,2026-06-24T07:35:12.000Z,13268930,Комола (Rooftop hall)
45010171,82313754,Неразобранное,143,Закрыто и не реализовано,2026-06-24T07:34:43.000Z,13268930,Комола (Rooftop hall)
44657193,82313754,Неразобранное,143,Закрыто и не реализовано,2026-06-24T07:33:47.000Z,13268930,Комола (Rooftop hall)
44655147,82313754,Неразобранное,143,Закрыто и не реализовано,2026-06-24T07:30:26.000Z,13268930,Комола (Rooftop hall)
44643823,82313754,Неразобранное,143,Закрыто и не реализовано,2026-06-24T07:24:26.000Z,13268930,Комола (Rooftop hall)
44639033,82313754,Неразобранное,143,Закрыто и не реализовано,2026-06-24T07:23:13.000Z,13268930,Комола (Rooftop hall)
44636501,82313754,Неразобранное,143,Закрыто и не реализовано,2026-06-24T07:21:26.000Z,13268930,Комола (Rooftop hall)
44633821,82313754,Неразобранное,143,Закрыто и не реализовано,2026-06-24T07:20:19.000Z,13268930,Комола (Rooftop hall)
44965715,82313754,Неразобранное,143,Закрыто и не реализовано,2026-06-24T07:19:10.000Z,13268930,Комола (Rooftop hall)
45168621,82313754,Неразобранное,143,Закрыто и не реализовано,2026-06-24T07:18:24.000Z,13268930,Комола (Rooftop hall)
44996989,82313754,Неразобранное,143,Закрыто и не реализовано,2026-06-24T07:17:59.000Z,13268930,Комола (Rooftop hall)
45019429,82313754,Неразобранное,143,Закрыто и не реализовано,2026-06-24T07:15:12.000Z,13268930,Комола (Rooftop hall)
44652745,82313754,Неразобранное,143,Закрыто и не реализовано,2026-06-24T07:11:33.000Z,13268930,Комола (Rooftop hall)
44654543,82313754,Неразобранное,143,Закрыто и не реализовано,2026-06-24T07:10:39.000Z,13268930,Комола (Rooftop hall)
44633349,82313754,Неразобранное,143,Закрыто и не реализовано,2026-06-24T07:05:12.000Z,13268930,Комола (Rooftop hall)
44630875,82313754,Неразобранное,143,Закрыто и не реализовано,2026-06-24T07:03:12.000Z,13268930,Комола (Rooftop hall)
44630851,82313754,Неразобранное,143,Закрыто и не реализовано,2026-06-24T07:02:47.000Z,13268930,Комола (Rooftop hall)
44624287,82313754,Неразобранное,86701234,Переговоры,2026-06-24T07:02:08.000Z,13268930,Комола (Rooftop hall)
44622485,82313754,Неразобранное,143,Закрыто и не реализовано,2026-06-24T07:01:13.000Z,13268930,Комола (Rooftop hall)
44604607,82313754,Неразобранное,143,Закрыто и не реализовано,2026-06-24T07:00:49.000Z,13268930,Комола (Rooftop hall)
44601557,82313754,Неразобранное,143,Закрыто и не реализовано,2026-06-24T06:52:30.000Z,13268930,Комола (Rooftop hall)
44596867,82313754,Неразобранное,143,Закрыто и не реализовано,2026-06-24T06:50:44.000Z,13268930,Комола (Rooftop hall)
44596145,82313754,Неразобранное,143,Закрыто и не реализовано,2026-06-24T06:50:21.000Z,13268930,Комола (Rooftop hall)
44587531,82313754,Неразобранное,143,Закрыто и не реализовано,2026-06-24T06:49:44.000Z,13268930,Комола (Rooftop hall)
44587495,82313754,Неразобранное,86701234,Переговоры,2026-06-24T06:48:44.000Z,13268930,Комола (Rooftop hall)
44586469,82313754,Неразобранное,86701234,Переговоры,2026-06-24T06:40:46.000Z,13268930,Комола (Rooftop hall)
44583427,82313754,Неразобранное,143,Закрыто и не реализовано,2026-06-24T06:39:08.000Z,13268930,Комола (Rooftop hall)
44582969,82313754,Неразобранное,143,Закрыто и не реализовано,2026-06-24T06:36:35.000Z,13268930,Комола (Rooftop hall)
44573251,82313754,Неразобранное,143,Закрыто и не реализовано,2026-06-24T06:35:09.000Z,13268930,Комола (Rooftop hall)
44568439,82313754,Неразобранное,143,Закрыто и не реализовано,2026-06-24T06:33:18.000Z,13268930,Комола (Rooftop hall)
44563461,82313754,Неразобранное,143,Закрыто и не реализовано,2026-06-24T06:32:33.000Z,13268930,Комола (Rooftop hall)
44558787,82313754,Неразобранное,143,Закрыто и не реализовано,2026-06-24T06:32:01.000Z,13268930,Комола (Rooftop hall)
44553647,82313754,Неразобранное,143,Закрыто и не реализовано,2026-06-24T06:31:17.000Z,13268930,Комола (Rooftop hall)
45179143,86701234,Переговоры,143,Закрыто и не реализовано,2026-06-24T06:30:17.000Z,13268930,Комола (Rooftop hall)
44545789,82313754,Неразобранное,143,Закрыто и не реализовано,2026-06-24T06:29:07.000Z,13268930,Комола (Rooftop hall)
44540903,82313754,Неразобранное,86701234,Переговоры,2026-06-24T06:28:52.000Z,13268930,Комола (Rooftop hall)
44532079,82313754,Неразобранное,143,Закрыто и не реализовано,2026-06-24T06:23:04.000Z,13268930,Комола (Rooftop hall)
44519985,82313754,Неразобранное,143,Закрыто и не реализовано,2026-06-24T06:22:19.000Z,13268930,Комола (Rooftop hall)
44519767,82313754,Неразобранное,143,Закрыто и не реализовано,2026-06-24T06:21:20.000Z,13268930,Комола (Rooftop hall)
44510919,82313754,Неразобранное,143,Закрыто и не реализовано,2026-06-24T06:07:14.000Z,13268930,Комола (Rooftop hall)
44510003,82313754,Неразобранное,143,Закрыто и не реализовано,2026-06-24T06:06:45.000Z,13268930,Комола (Rooftop hall)
44502837,82313754,Неразобранное,143,Закрыто и не реализовано,2026-06-24T06:05:07.000Z,13268930,Комола (Rooftop hall)
44491663,82313754,Неразобранное,143,Закрыто и не реализовано,2026-06-24T06:02:06.000Z,13268930,Комола (Rooftop hall)
44574339,82313754,Неразобранное,86701234,Переговоры,2026-06-24T06:01:49.000Z,13268930,Комола (Rooftop hall)
44431963,82313754,Неразобранное,143,Закрыто и не реализовано,2026-06-24T06:00:02.000Z,13268930,Комола (Rooftop hall)
45102723,82313754,Неразобранное,143,Закрыто и не реализовано,2026-06-24T05:58:22.000Z,13268930,Комола (Rooftop hall)
44507961,82313754,Неразобранное,143,Закрыто и не реализовано,2026-06-24T05:56:44.000Z,13268930,Комола (Rooftop hall)
44507953,82313754,Неразобранное,143,Закрыто и не реализовано,2026-06-24T05:56:21.000Z,13268930,Комола (Rooftop hall)
44657031,82313754,Неразобранное,143,Закрыто и не реализовано,2026-06-24T05:54:46.000Z,13268930,Комола (Rooftop hall)
45195851,82313754,Неразобранное,86701234,Переговоры,2026-06-24T05:54:15.000Z,13268930,Комола (Rooftop hall)
45146707,86701234,Переговоры,143,Закрыто и не реализовано,2026-06-24T05:53:46.000Z,13268930,Комола (Rooftop hall)
45146707,82313754,Неразобранное,86701234,Переговоры,2026-06-24T05:53:22.000Z,13268930,Комола (Rooftop hall)
41266887,82601126,КП / презентация,143,Закрыто и не реализовано,2026-06-24T05:44:21.000Z,13216486,Admin (тех. аккаунт)
41298135,82601126,КП / презентация,143,Закрыто и не реализовано,2026-06-24T05:44:02.000Z,13216486,Admin (тех. аккаунт)
45195271,86701234,Переговоры,143,Закрыто и не реализовано,2026-06-24T05:43:17.000Z,13216486,Admin (тех. аккаунт)
45200991,86701234,Переговоры,143,Закрыто и не реализовано,2026-06-24T05:42:57.000Z,13216486,Admin (тех. аккаунт)
45157867,82313754,Неразобранное,143,Закрыто и не реализовано,2026-06-24T05:41:39.000Z,13268930,Комола (Rooftop hall)
45188783,82313754,Неразобранное,143,Закрыто и не реализовано,2026-06-24T05:40:54.000Z,13268930,Комола (Rooftop hall)
44626103,82313754,Неразобранное,86701234,Переговоры,2026-06-24T05:37:27.000Z,13268930,Комола (Rooftop hall)
44694983,82313754,Неразобранное,86701234,Переговоры,2026-06-24T05:37:23.000Z,13268930,Комола (Rooftop hall)
44683741,82313754,Неразобранное,86701234,Переговоры,2026-06-24T05:37:21.000Z,13268930,Комола (Rooftop hall)
44506913,82313754,Неразобранное,143,Закрыто и не реализовано,2026-06-24T05:37:09.000Z,13268930,Комола (Rooftop hall)
44506769,82313754,Неразобранное,143,Закрыто и не реализовано,2026-06-24T05:35:12.000Z,13268930,Комола (Rooftop hall)
44505559,82313754,Неразобранное,143,Закрыто и не реализовано,2026-06-24T05:32:31.000Z,13268930,Комола (Rooftop hall)
44504325,82313754,Неразобранное,143,Закрыто и не реализовано,2026-06-24T05:31:41.000Z,13268930,Комола (Rooftop hall)
44504291,82313754,Неразобранное,143,Закрыто и не реализовано,2026-06-24T05:31:00.000Z,13268930,Комола (Rooftop hall)
45203737,82313754,Неразобранное,85355474,Instagram,2026-06-24T05:26:30.000Z,0,
45196017,82313754,Неразобранное,85355474,Instagram,2026-06-23T20:53:05.000Z,0,
45195265,82313754,Неразобранное,85355474,Instagram,2026-06-23T20:16:07.000Z,0,
45195259,82313754,Неразобранное,85355474,Instagram,2026-06-23T20:15:07.000Z,0,
45194803,82313754,Неразобранное,85355474,Instagram,2026-06-23T19:50:08.000Z,0,
45192711,82313754,Неразобранное,85355474,Instagram,2026-06-23T18:34:07.000Z,0,
45192455,82313754,Неразобранное,85355474,Instagram,2026-06-23T18:25:06.000Z,0,
45191587,82313754,Неразобранное,85355474,Instagram,2026-06-23T17:59:08.000Z,0,
45191085,82313754,Неразобранное,85355474,Instagram,2026-06-23T17:46:07.000Z,0,
45190051,82313754,Неразобранное,85355474,Instagram,2026-06-23T17:15:12.000Z,0,
45189763,82313754,Неразобранное,85355474,Instagram,2026-06-23T17:04:08.000Z,0,
45189563,82313754,Неразобранное,85355474,Instagram,2026-06-23T16:59:09.000Z,0,
45189439,82313754,Неразобранное,85355474,Instagram,2026-06-23T16:55:08.000Z,0,
45173145,82313754,Неразобранное,85355474,Instagram,2026-06-23T14:14:22.000Z,0,
42510093,82601126,КП / презентация,143,Закрыто и не реализовано,2026-06-23T12:47:38.000Z,13268930,Комола (Rooftop hall)
42532891,82601126,КП / презентация,143,Закрыто и не реализовано,2026-06-23T12:47:22.000Z,13268930,Комола (Rooftop hall)
42571675,82601126,КП / презентация,143,Закрыто и не реализовано,2026-06-23T12:47:08.000Z,13268930,Комола (Rooftop hall)
42633351,82601126,КП / презентация,143,Закрыто и не реализовано,2026-06-23T12:46:51.000Z,13268930,Комола (Rooftop hall)
42661053,82601126,КП / презентация,143,Закрыто и не реализовано,2026-06-23T12:46:35.000Z,13268930,Комола (Rooftop hall)
42663711,82601126,КП / презентация,143,Закрыто и не реализовано,2026-06-23T12:46:15.000Z,13268930,Комола (Rooftop hall)
42776337,82601126,КП / презентация,143,Закрыто и не реализовано,2026-06-23T12:45:52.000Z,13268930,Комола (Rooftop hall)
42800407,82601126,КП / презентация,143,Закрыто и не реализовано,2026-06-23T12:45:33.000Z,13268930,Комола (Rooftop hall)
45003049,85355474,Instagram,86701234,Переговоры,2026-06-23T12:45:17.000Z,13268930,Комола (Rooftop hall)
42828639,82601126,КП / презентация,143,Закрыто и не реализовано,2026-06-23T12:45:08.000Z,13268930,Комола (Rooftop hall)
44533401,82313754,Неразобранное,82601130,Согласование договора/сметы,2026-06-23T12:42:47.000Z,13268930,Комола (Rooftop hall)
41758617,82601126,КП / презентация,82601130,Согласование договора/сметы,2026-06-23T12:41:00.000Z,13268930,Комола (Rooftop hall)
42883867,82601126,КП / презентация,143,Закрыто и не реализовано,2026-06-23T12:40:02.000Z,13268930,Комола (Rooftop hall)
42943051,82601126,КП / презентация,143,Закрыто и не реализовано,2026-06-23T12:39:31.000Z,13268930,Комола (Rooftop hall)
45164695,82313754,Неразобранное,85355474,Instagram,2026-06-23T12:39:15.000Z,0,
42972433,82601126,КП / презентация,143,Закрыто и не реализовано,2026-06-23T12:38:34.000Z,13268930,Комола (Rooftop hall)
42420251,82601126,КП / презентация,143,Закрыто и не реализовано,2026-06-23T12:38:19.000Z,13268930,Комола (Rooftop hall)
43024631,82601126,КП / презентация,143,Закрыто и не реализовано,2026-06-23T12:37:55.000Z,13268930,Комола (Rooftop hall)
43081861,82601126,КП / презентация,143,Закрыто и не реализовано,2026-06-23T12:37:38.000Z,13268930,Комола (Rooftop hall)
43086999,82601126,КП / презентация,143,Закрыто и не реализовано,2026-06-23T12:37:16.000Z,13268930,Комола (Rooftop hall)
43103823,82601126,КП / презентация,143,Закрыто и не реализовано,2026-06-23T12:36:48.000Z,13268930,Комола (Rooftop hall)
43113715,82601126,КП / презентация,143,Закрыто и не реализовано,2026-06-23T12:35:35.000Z,13268930,Комола (Rooftop hall)
45014383,85355474,Instagram,86701234,Переговоры,2026-06-23T12:35:08.000Z,13268930,Комола (Rooftop hall)
43218397,82601126,КП / презентация,143,Закрыто и не реализовано,2026-06-23T12:34:59.000Z,13268930,Комола (Rooftop hall)
43223891,82601126,КП / презентация,143,Закрыто и не реализовано,2026-06-23T12:34:35.000Z,13268930,Комола (Rooftop hall)
43227837,82601126,КП / презентация,143,Закрыто и не реализовано,2026-06-23T12:34:20.000Z,13268930,Комола (Rooftop hall)
43229773,82601126,КП / презентация,143,Закрыто и не реализовано,2026-06-23T12:34:00.000Z,13268930,Комола (Rooftop hall)
43245115,82601126,КП / презентация,143,Закрыто и не реализовано,2026-06-23T12:33:42.000Z,13268930,Комола (Rooftop hall)
43251677,82601126,КП / презентация,143,Закрыто и не реализовано,2026-06-23T12:33:25.000Z,13268930,Комола (Rooftop hall)
43253625,82601126,КП / презентация,143,Закрыто и не реализовано,2026-06-23T12:33:10.000Z,13268930,Комола (Rooftop hall)
43256661,82601126,КП / презентация,143,Закрыто и не реализовано,2026-06-23T12:32:38.000Z,13268930,Комола (Rooftop hall)
43299211,82601126,КП / презентация,143,Закрыто и не реализовано,2026-06-23T12:32:15.000Z,13268930,Комола (Rooftop hall)
43310603,82601126,КП / презентация,143,Закрыто и не реализовано,2026-06-23T12:31:57.000Z,13268930,Комола (Rooftop hall)
43320751,82601126,КП / презентация,143,Закрыто и не реализовано,2026-06-23T12:31:34.000Z,13268930,Комола (Rooftop hall)
43330893,82601126,КП / презентация,143,Закрыто и не реализовано,2026-06-23T12:31:13.000Z,13268930,Комола (Rooftop hall)
43422925,82601126,КП / презентация,143,Закрыто и не реализовано,2026-06-23T12:30:56.000Z,13268930,Комола (Rooftop hall)
43467063,82601126,КП / презентация,143,Закрыто и не реализовано,2026-06-23T12:30:37.000Z,13268930,Комола (Rooftop hall)
43469989,82601126,КП / презентация,143,Закрыто и не реализовано,2026-06-23T12:30:17.000Z,13268930,Комола (Rooftop hall)
43606583,82601126,КП / презентация,143,Закрыто и не реализовано,2026-06-23T12:29:58.000Z,13268930,Комола (Rooftop hall)
43624152,82601126,КП / презентация,143,Закрыто и не реализовано,2026-06-23T12:28:40.000Z,13268930,Комола (Rooftop hall)
43670637,82601126,КП / презентация,85346514,Отложенный спрос,2026-06-23T12:28:24.000Z,13268930,Комола (Rooftop hall)
45161623,82313754,Неразобранное,143,Закрыто и не реализовано,2026-06-23T12:07:16.000Z,13216486,Admin (тех. аккаунт)
41404821,84174870,Неразобранное,143,Закрыто и не реализовано,2026-06-23T11:43:11.000Z,13216486,Admin (тех. аккаунт)
41404561,84174870,Неразобранное,143,Закрыто и не реализовано,2026-06-23T11:43:11.000Z,13216486,Admin (тех. аккаунт)
41404441,84174870,Неразобранное,143,Закрыто и не реализовано,2026-06-23T11:43:11.000Z,13216486,Admin (тех. аккаунт)
41355397,84174874,Прайс отправлен / Ожидание,143,Закрыто и не реализовано,2026-06-23T11:43:10.000Z,13216486,Admin (тех. аккаунт)
41402233,84174870,Неразобранное,143,Закрыто и не реализовано,2026-06-23T11:43:10.000Z,13216486,Admin (тех. аккаунт)
41359121,84174870,Неразобранное,143,Закрыто и не реализовано,2026-06-23T11:43:10.000Z,13216486,Admin (тех. аккаунт)
41343013,84174878,Уточнение / Консультация,143,Закрыто и не реализовано,2026-06-23T11:43:10.000Z,13216486,Admin (тех. аккаунт)
41359019,84174874,Прайс отправлен / Ожидание,143,Закрыто и не реализовано,2026-06-23T11:43:10.000Z,13216486,Admin (тех. аккаунт)
41357721,84174874,Прайс отправлен / Ожидание,143,Закрыто и не реализовано,2026-06-23T11:43:10.000Z,13216486,Admin (тех. аккаунт)
41328749,84174882,Назначение визита,143,Закрыто и не реализовано,2026-06-23T11:43:09.000Z,13216486,Admin (тех. аккаунт)
41318603,84174874,Прайс отправлен / Ожидание,143,Закрыто и не реализовано,2026-06-23T11:43:09.000Z,13216486,Admin (тех. аккаунт)
41314625,84174878,Уточнение / Консультация,143,Закрыто и не реализовано,2026-06-23T11:43:09.000Z,13216486,Admin (тех. аккаунт)
41312527,84174930,Визит состоялся,143,Закрыто и не реализовано,2026-06-23T11:43:09.000Z,13216486,Admin (тех. аккаунт)
41311243,84174874,Прайс отправлен / Ожидание,143,Закрыто и не реализовано,2026-06-23T11:43:09.000Z,13216486,Admin (тех. аккаунт)
41306185,84174878,Уточнение / Консультация,143,Закрыто и не реализовано,2026-06-23T11:43:09.000Z,13216486,Admin (тех. аккаунт)
41305981,84174874,Прайс отправлен / Ожидание,143,Закрыто и не реализовано,2026-06-23T11:43:09.000Z,13216486,Admin (тех. аккаунт)
41303115,84174878,Уточнение / Консультация,143,Закрыто и не реализовано,2026-06-23T11:43:09.000Z,13216486,Admin (тех. аккаунт)
41305829,84174870,Неразобранное,143,Закрыто и не реализовано,2026-06-23T11:43:09.000Z,13216486,Admin (тех. аккаунт)
41303663,84174878,Уточнение / Консультация,143,Закрыто и не реализовано,2026-06-23T11:43:09.000Z,13216486,Admin (тех. аккаунт)
41299387,84174874,Прайс отправлен / Ожидание,143,Закрыто и не реализовано,2026-06-23T11:43:08.000Z,13216486,Admin (тех. аккаунт)
41267603,84174870,Неразобранное,143,Закрыто и не реализовано,2026-06-23T11:43:08.000Z,13216486,Admin (тех. аккаунт)
41260181,84174874,Прайс отправлен / Ожидание,143,Закрыто и не реализовано,2026-06-23T11:43:08.000Z,13216486,Admin (тех. аккаунт)
41256403,84174882,Назначение визита,143,Закрыто и не реализовано,2026-06-23T11:43:08.000Z,13216486,Admin (тех. аккаунт)
41242847,84174874,Прайс отправлен / Ожидание,143,Закрыто и не реализовано,2026-06-23T11:43:08.000Z,13216486,Admin (тех. аккаунт)
41222417,84174870,Неразобранное,143,Закрыто и не реализовано,2026-06-23T11:43:08.000Z,13216486,Admin (тех. аккаунт)
41105229,84174878,Уточнение / Консультация,143,Закрыто и не реализовано,2026-06-23T11:43:07.000Z,13216486,Admin (тех. аккаунт)
41103207,84174934,Бронирование (Предзаказ),143,Закрыто и не реализовано,2026-06-23T11:43:07.000Z,13216486,Admin (тех. аккаунт)
41100197,84174934,Бронирование (Предзаказ),143,Закрыто и не реализовано,2026-06-23T11:43:07.000Z,13216486,Admin (тех. аккаунт)
41088487,84174882,Назначение визита,143,Закрыто и не реализовано,2026-06-23T11:43:07.000Z,13216486,Admin (тех. аккаунт)
41042937,84174878,Уточнение / Консультация,143,Закрыто и не реализовано,2026-06-23T11:43:07.000Z,13216486,Admin (тех. аккаунт)
40909717,84174882,Назначение визита,143,Закрыто и не реализовано,2026-06-23T11:43:07.000Z,13216486,Admin (тех. аккаунт)
40909183,84174882,Назначение визита,143,Закрыто и не реализовано,2026-06-23T11:43:07.000Z,13216486,Admin (тех. аккаунт)
40872752,84174882,Назначение визита,143,Закрыто и не реализовано,2026-06-23T11:43:07.000Z,13216486,Admin (тех. аккаунт)
40838097,84174878,Уточнение / Консультация,143,Закрыто и не реализовано,2026-06-23T11:43:07.000Z,13216486,Admin (тех. аккаунт)
40823119,84174878,Уточнение / Консультация,143,Закрыто и не реализовано,2026-06-23T11:43:07.000Z,13216486,Admin (тех. аккаунт)
40749643,84174878,Уточнение / Консультация,143,Закрыто и не реализовано,2026-06-23T11:43:07.000Z,13216486,Admin (тех. аккаунт)
40727275,84174882,Назначение визита,143,Закрыто и не реализовано,2026-06-23T11:43:07.000Z,13216486,Admin (тех. аккаунт)
40479981,84174882,Назначение визита,143,Закрыто и не реализовано,2026-06-23T11:43:07.000Z,13216486,Admin (тех. аккаунт)
41632621,84180098,INSTAGRAM неразобранное,143,Закрыто и не реализовано,2026-06-23T11:43:06.000Z,13216486,Admin (тех. аккаунт)
40392709,84174882,Назначение визита,143,Закрыто и не реализовано,2026-06-23T11:43:06.000Z,13216486,Admin (тех. аккаунт)
40184651,84174882,Назначение визита,143,Закрыто и не реализовано,2026-06-23T11:43:06.000Z,13216486,Admin (тех. аккаунт)
40134571,84174882,Назначение визита,143,Закрыто и не реализовано,2026-06-23T11:43:06.000Z,13216486,Admin (тех. аккаунт)
40134551,84174882,Назначение визита,143,Закрыто и не реализовано,2026-06-23T11:43:06.000Z,13216486,Admin (тех. аккаунт)
40128053,84174878,Уточнение / Консультация,143,Закрыто и не реализовано,2026-06-23T11:43:06.000Z,13216486,Admin (тех. аккаунт)
41633983,84174870,Неразобранное,143,Закрыто и не реализовано,2026-06-23T11:43:06.000Z,13216486,Admin (тех. аккаунт)
41633883,84180098,INSTAGRAM неразобранное,143,Закрыто и не реализовано,2026-06-23T11:43:06.000Z,13216486,Admin (тех. аккаунт)
41633765,84180098,INSTAGRAM неразобранное,143,Закрыто и не реализовано,2026-06-23T11:43:06.000Z,13216486,Admin (тех. аккаунт)
41632609,84174870,Неразобранное,143,Закрыто и не реализовано,2026-06-23T11:43:05.000Z,13216486,Admin (тех. аккаунт)
41630449,84180098,INSTAGRAM неразобранное,143,Закрыто и не реализовано,2026-06-23T11:43:05.000Z,13216486,Admin (тех. аккаунт)
41629469,84180098,INSTAGRAM неразобранное,143,Закрыто и не реализовано,2026-06-23T11:43:05.000Z,13216486,Admin (тех. аккаунт)
41628445,84180098,INSTAGRAM неразобранное,143,Закрыто и не реализовано,2026-06-23T11:43:05.000Z,13216486,Admin (тех. аккаунт)
41627011,84174870,Неразобранное,143,Закрыто и не реализовано,2026-06-23T11:43:05.000Z,13216486,Admin (тех. аккаунт)
41625085,84174870,Неразобранное,143,Закрыто и не реализовано,2026-06-23T11:43:05.000Z,13216486,Admin (тех. аккаунт)
41621145,84180098,INSTAGRAM неразобранное,143,Закрыто и не реализовано,2026-06-23T11:43:04.000Z,13216486,Admin (тех. аккаунт)
41618353,84180098,INSTAGRAM неразобранное,143,Закрыто и не реализовано,2026-06-23T11:43:04.000Z,13216486,Admin (тех. аккаунт)
41596779,84174870,Неразобранное,143,Закрыто и не реализовано,2026-06-23T11:43:04.000Z,13216486,Admin (тех. аккаунт)
41611891,84180098,INSTAGRAM неразобранное,143,Закрыто и не реализовано,2026-06-23T11:43:04.000Z,13216486,Admin (тех. аккаунт)
41609263,84180098,INSTAGRAM неразобранное,143,Закрыто и не реализовано,2026-06-23T11:43:04.000Z,13216486,Admin (тех. аккаунт)
41607963,84174870,Неразобранное,143,Закрыто и не реализовано,2026-06-23T11:43:04.000Z,13216486,Admin (тех. аккаунт)
41607383,84180098,INSTAGRAM неразобранное,143,Закрыто и не реализовано,2026-06-23T11:43:04.000Z,13216486,Admin (тех. аккаунт)
41604579,84174870,Неразобранное,143,Закрыто и не реализовано,2026-06-23T11:43:04.000Z,13216486,Admin (тех. аккаунт)
41595603,84174870,Неразобранное,143,Закрыто и не реализовано,2026-06-23T11:43:03.000Z,13216486,Admin (тех. аккаунт)
41595537,84174870,Неразобранное,143,Закрыто и не реализовано,2026-06-23T11:43:03.000Z,13216486,Admin (тех. аккаунт)
41594431,84174870,Неразобранное,143,Закрыто и не реализовано,2026-06-23T11:43:03.000Z,13216486,Admin (тех. аккаунт)
41593401,84174870,Неразобранное,143,Закрыто и не реализовано,2026-06-23T11:43:03.000Z,13216486,Admin (тех. аккаунт)
41592269,84174870,Неразобранное,143,Закрыто и не реализовано,2026-06-23T11:43:02.000Z,13216486,Admin (тех. аккаунт)
41588449,84174870,Неразобранное,143,Закрыто и не реализовано,2026-06-23T11:43:02.000Z,13216486,Admin (тех. аккаунт)
41590997,84174870,Неразобранное,143,Закрыто и не реализовано,2026-06-23T11:43:02.000Z,13216486,Admin (тех. аккаунт)
41530931,84174870,Неразобранное,143,Закрыто и не реализовано,2026-06-23T11:43:01.000Z,13216486,Admin (тех. аккаунт)
41515667,84174870,Неразобранное,143,Закрыто и не реализовано,2026-06-23T11:43:01.000Z,13216486,Admin (тех. аккаунт)
41515539,84174870,Неразобранное,143,Закрыто и не реализовано,2026-06-23T11:43:00.000Z,13216486,Admin (тех. аккаунт)
41513603,84174870,Неразобранное,143,Закрыто и не реализовано,2026-06-23T11:43:00.000Z,13216486,Admin (тех. аккаунт)
41510847,84174870,Неразобранное,143,Закрыто и не реализовано,2026-06-23T11:43:00.000Z,13216486,Admin (тех. аккаунт)
41510839,84174870,Неразобранное,143,Закрыто и не реализовано,2026-06-23T11:43:00.000Z,13216486,Admin (тех. аккаунт)
41510785,84174870,Неразобранное,143,Закрыто и не реализовано,2026-06-23T11:42:59.000Z,13216486,Admin (тех. аккаунт)
41510241,84174870,Неразобранное,143,Закрыто и не реализовано,2026-06-23T11:42:59.000Z,13216486,Admin (тех. аккаунт)
41505145,84174870,Неразобранное,143,Закрыто и не реализовано,2026-06-23T11:42:59.000Z,13216486,Admin (тех. аккаунт)
41509767,84174870,Неразобранное,143,Закрыто и не реализовано,2026-06-23T11:42:59.000Z,13216486,Admin (тех. аккаунт)
41505143,84174870,Неразобранное,143,Закрыто и не реализовано,2026-06-23T11:42:58.000Z,13216486,Admin (тех. аккаунт)
41504915,84174870,Неразобранное,143,Закрыто и не реализовано,2026-06-23T11:42:58.000Z,13216486,Admin (тех. аккаунт)
41473171,84174870,Неразобранное,143,Закрыто и не реализовано,2026-06-23T11:42:58.000Z,13216486,Admin (тех. аккаунт)
41483427,84174870,Неразобранное,143,Закрыто и не реализовано,2026-06-23T11:42:58.000Z,13216486,Admin (тех. аккаунт)
41436279,84174870,Неразобранное,143,Закрыто и не реализовано,2026-06-23T11:42:57.000Z,13216486,Admin (тех. аккаунт)
41433987,84174870,Неразобранное,143,Закрыто и не реализовано,2026-06-23T11:42:57.000Z,13216486,Admin (тех. аккаунт)
41436069,84174870,Неразобранное,143,Закрыто и не реализовано,2026-06-23T11:42:57.000Z,13216486,Admin (тех. аккаунт)
41427511,84174870,Неразобранное,143,Закрыто и не реализовано,2026-06-23T11:42:56.000Z,13216486,Admin (тех. аккаунт)
41426311,84174870,Неразобранное,143,Закрыто и не реализовано,2026-06-23T11:42:56.000Z,13216486,Admin (тех. аккаунт)
41425725,84174870,Неразобранное,143,Закрыто и не реализовано,2026-06-23T11:42:56.000Z,13216486,Admin (тех. аккаунт)
41419357,84174870,Неразобранное,143,Закрыто и не реализовано,2026-06-23T11:42:55.000Z,13216486,Admin (тех. аккаунт)
41413883,84174870,Неразобранное,143,Закрыто и не реализовано,2026-06-23T11:42:55.000Z,13216486,Admin (тех. аккаунт)
41408911,84174870,Неразобранное,143,Закрыто и не реализовано,2026-06-23T11:42:55.000Z,13216486,Admin (тех. аккаунт)
41410105,84174870,Неразобранное,143,Закрыто и не реализовано,2026-06-23T11:42:55.000Z,13216486,Admin (тех. аккаунт)
41409935,84174870,Неразобранное,143,Закрыто и не реализовано,2026-06-23T11:42:55.000Z,13216486,Admin (тех. аккаунт)
41656591,84174870,Неразобранное,143,Закрыто и не реализовано,2026-06-23T11:42:54.000Z,13216486,Admin (тех. аккаунт)
41667433,84180098,INSTAGRAM неразобранное,143,Закрыто и не реализовано,2026-06-23T11:42:54.000Z,13216486,Admin (тех. аккаунт)
41666425,84180098,INSTAGRAM неразобранное,143,Закрыто и не реализовано,2026-06-23T11:42:54.000Z,13216486,Admin (тех. аккаунт)
41660633,84180098,INSTAGRAM неразобранное,143,Закрыто и не реализовано,2026-06-23T11:42:54.000Z,13216486,Admin (тех. аккаунт)
41659049,84180098,INSTAGRAM неразобранное,143,Закрыто и не реализовано,2026-06-23T11:42:54.000Z,13216486,Admin (тех. аккаунт)
41657279,84180098,INSTAGRAM неразобранное,143,Закрыто и не реализовано,2026-06-23T11:42:54.000Z,13216486,Admin (тех. аккаунт)
41657017,84174870,Неразобранное,143,Закрыто и не реализовано,2026-06-23T11:42:54.000Z,13216486,Admin (тех. аккаунт)
41653513,84180098,INSTAGRAM неразобранное,143,Закрыто и не реализовано,2026-06-23T11:42:53.000Z,13216486,Admin (тех. аккаунт)
41656399,84180098,INSTAGRAM неразобранное,143,Закрыто и не реализовано,2026-06-23T11:42:53.000Z,13216486,Admin (тех. аккаунт)
41654693,84174870,Неразобранное,143,Закрыто и не реализовано,2026-06-23T11:42:53.000Z,13216486,Admin (тех. аккаунт)
41654483,84174870,Неразобранное,143,Закрыто и не реализовано,2026-06-23T11:42:53.000Z,13216486,Admin (тех. аккаунт)
41654417,84180098,INSTAGRAM неразобранное,143,Закрыто и не реализовано,2026-06-23T11:42:53.000Z,13216486,Admin (тех. аккаунт)
41654363,84180098,INSTAGRAM неразобранное,143,Закрыто и не реализовано,2026-06-23T11:42:53.000Z,13216486,Admin (тех. аккаунт)
41654209,84180098,INSTAGRAM неразобранное,143,Закрыто и не реализовано,2026-06-23T11:42:53.000Z,13216486,Admin (тех. аккаунт)
41653929,84180098,INSTAGRAM неразобранное,143,Закрыто и не реализовано,2026-06-23T11:42:53.000Z,13216486,Admin (тех. аккаунт)
41653045,84174870,Неразобранное,143,Закрыто и не реализовано,2026-06-23T11:42:52.000Z,13216486,Admin (тех. аккаунт)
41651571,84180098,INSTAGRAM неразобранное,143,Закрыто и не реализовано,2026-06-23T11:42:52.000Z,13216486,Admin (тех. аккаунт)
41647817,84174870,Неразобранное,143,Закрыто и не реализовано,2026-06-23T11:42:52.000Z,13216486,Admin (тех. аккаунт)
41651565,84180098,INSTAGRAM неразобранное,143,Закрыто и не реализовано,2026-06-23T11:42:52.000Z,13216486,Admin (тех. аккаунт)
41651525,84180098,INSTAGRAM неразобранное,143,Закрыто и не реализовано,2026-06-23T11:42:52.000Z,13216486,Admin (тех. аккаунт)
41651395,84180098,INSTAGRAM неразобранное,143,Закрыто и не реализовано,2026-06-23T11:42:52.000Z,13216486,Admin (тех. аккаунт)
41650165,84180098,INSTAGRAM неразобранное,143,Закрыто и не реализовано,2026-06-23T11:42:52.000Z,13216486,Admin (тех. аккаунт)
41649853,84180098,INSTAGRAM неразобранное,143,Закрыто и не реализовано,2026-06-23T11:42:52.000Z,13216486,Admin (тех. аккаунт)
41649449,84180098,INSTAGRAM неразобранное,143,Закрыто и не реализовано,2026-06-23T11:42:52.000Z,13216486,Admin (тех. аккаунт)
41648659,84180098,INSTAGRAM неразобранное,143,Закрыто и не реализовано,2026-06-23T11:42:52.000Z,13216486,Admin (тех. аккаунт)
41648647,84180098,INSTAGRAM неразобранное,143,Закрыто и не реализовано,2026-06-23T11:42:52.000Z,13216486,Admin (тех. аккаунт)
41648285,84180098,INSTAGRAM неразобранное,143,Закрыто и не реализовано,2026-06-23T11:42:52.000Z,13216486,Admin (тех. аккаунт)
41647549,84174870,Неразобранное,143,Закрыто и не реализовано,2026-06-23T11:42:51.000Z,13216486,Admin (тех. аккаунт)
41643965,84180098,INSTAGRAM неразобранное,143,Закрыто и не реализовано,2026-06-23T11:42:51.000Z,13216486,Admin (тех. аккаунт)
41647387,84180098,INSTAGRAM неразобранное,143,Закрыто и не реализовано,2026-06-23T11:42:51.000Z,13216486,Admin (тех. аккаунт)
41647053,84180098,INSTAGRAM неразобранное,143,Закрыто и не реализовано,2026-06-23T11:42:51.000Z,13216486,Admin (тех. аккаунт)
41647051,84180098,INSTAGRAM неразобранное,143,Закрыто и не реализовано,2026-06-23T11:42:51.000Z,13216486,Admin (тех. аккаунт)
41646583,84180098,INSTAGRAM неразобранное,143,Закрыто и не реализовано,2026-06-23T11:42:51.000Z,13216486,Admin (тех. аккаунт)
41646197,84180098,INSTAGRAM неразобранное,143,Закрыто и не реализовано,2026-06-23T11:42:51.000Z,13216486,Admin (тех. аккаунт)
41646181,84180098,INSTAGRAM неразобранное,143,Закрыто и не реализовано,2026-06-23T11:42:51.000Z,13216486,Admin (тех. аккаунт)
41644633,84174870,Неразобранное,143,Закрыто и не реализовано,2026-06-23T11:42:51.000Z,13216486,Admin (тех. аккаунт)
41643177,84174870,Неразобранное,143,Закрыто и не реализовано,2026-06-23T11:42:50.000Z,13216486,Admin (тех. аккаунт)
41637387,84180098,INSTAGRAM неразобранное,143,Закрыто и не реализовано,2026-06-23T11:42:50.000Z,13216486,Admin (тех. аккаунт)
41637317,84174870,Неразобранное,143,Закрыто и не реализовано,2026-06-23T11:42:50.000Z,13216486,Admin (тех. аккаунт)
41636605,84174870,Неразобранное,143,Закрыто и не реализовано,2026-06-23T11:42:50.000Z,13216486,Admin (тех. аккаунт)
41636603,84174870,Неразобранное,143,Закрыто и не реализовано,2026-06-23T11:42:50.000Z,13216486,Admin (тех. аккаунт)
41636281,84174870,Неразобранное,143,Закрыто и не реализовано,2026-06-23T11:42:49.000Z,13216486,Admin (тех. аккаунт)
41636149,84174870,Неразобранное,143,Закрыто и не реализовано,2026-06-23T11:42:49.000Z,13216486,Admin (тех. аккаунт)
41634597,84180098,INSTAGRAM неразобранное,143,Закрыто и не реализовано,2026-06-23T11:42:49.000Z,13216486,Admin (тех. аккаунт)
41636135,84180098,INSTAGRAM неразобранное,143,Закрыто и не реализовано,2026-06-23T11:42:49.000Z,13216486,Admin (тех. аккаунт)
41636029,84180098,INSTAGRAM неразобранное,143,Закрыто и не реализовано,2026-06-23T11:42:49.000Z,13216486,Admin (тех. аккаунт)
41635033,84180098,INSTAGRAM неразобранное,143,Закрыто и не реализовано,2026-06-23T11:42:49.000Z,13216486,Admin (тех. аккаунт)
41634847,84180098,INSTAGRAM неразобранное,143,Закрыто и не реализовано,2026-06-23T11:42:49.000Z,13216486,Admin (тех. аккаунт)
41634837,84180098,INSTAGRAM неразобранное,143,Закрыто и не реализовано,2026-06-23T11:42:49.000Z,13216486,Admin (тех. аккаунт)
41634253,84180098,INSTAGRAM неразобранное,143,Закрыто и не реализовано,2026-06-23T11:42:48.000Z,13216486,Admin (тех. аккаунт)
41698837,84180098,INSTAGRAM неразобранное,143,Закрыто и не реализовано,2026-06-23T11:42:48.000Z,13216486,Admin (тех. аккаунт)
41698649,84174870,Неразобранное,143,Закрыто и не реализовано,2026-06-23T11:42:48.000Z,13216486,Admin (тех. аккаунт)
41698117,84180098,INSTAGRAM неразобранное,143,Закрыто и не реализовано,2026-06-23T11:42:48.000Z,13216486,Admin (тех. аккаунт)
41697691,84180098,INSTAGRAM неразобранное,143,Закрыто и не реализовано,2026-06-23T11:42:48.000Z,13216486,Admin (тех. аккаунт)
41697513,84174870,Неразобранное,143,Закрыто и не реализовано,2026-06-23T11:42:48.000Z,13216486,Admin (тех. аккаунт)
41697463,84180098,INSTAGRAM неразобранное,143,Закрыто и не реализовано,2026-06-23T11:42:47.000Z,13216486,Admin (тех. аккаунт)
41695619,84174870,Неразобранное,143,Закрыто и не реализовано,2026-06-23T11:42:47.000Z,13216486,Admin (тех. аккаунт)
41694259,84180098,INSTAGRAM неразобранное,143,Закрыто и не реализовано,2026-06-23T11:42:47.000Z,13216486,Admin (тех. аккаунт)
41693691,84180098,INSTAGRAM неразобранное,143,Закрыто и не реализовано,2026-06-23T11:42:47.000Z,13216486,Admin (тех. аккаунт)
41693465,84180098,INSTAGRAM неразобранное,143,Закрыто и не реализовано,2026-06-23T11:42:47.000Z,13216486,Admin (тех. аккаунт)
41693205,84180098,INSTAGRAM неразобранное,143,Закрыто и не реализовано,2026-06-23T11:42:47.000Z,13216486,Admin (тех. аккаунт)
41692901,84174870,Неразобранное,143,Закрыто и не реализовано,2026-06-23T11:42:47.000Z,13216486,Admin (тех. аккаунт)
41691213,84174870,Неразобранное,143,Закрыто и не реализовано,2026-06-23T11:42:46.000Z,13216486,Admin (тех. аккаунт)
41688727,84174870,Неразобранное,143,Закрыто и не реализовано,2026-06-23T11:42:46.000Z,13216486,Admin (тех. аккаунт)
41689965,84180098,INSTAGRAM неразобранное,143,Закрыто и не реализовано,2026-06-23T11:42:46.000Z,13216486,Admin (тех. аккаунт)
41689663,84180098,INSTAGRAM неразобранное,143,Закрыто и не реализовано,2026-06-23T11:42:46.000Z,13216486,Admin (тех. аккаунт)
41688895,84180098,INSTAGRAM неразобранное,143,Закрыто и не реализовано,2026-06-23T11:42:46.000Z,13216486,Admin (тех. аккаунт)
41688809,84180098,INSTAGRAM неразобранное,143,Закрыто и не реализовано,2026-06-23T11:42:46.000Z,13216486,Admin (тех. аккаунт)
41688199,84180098,INSTAGRAM неразобранное,143,Закрыто и не реализовано,2026-06-23T11:42:45.000Z,13216486,Admin (тех. аккаунт)
41687947,84174870,Неразобранное,143,Закрыто и не реализовано,2026-06-23T11:42:45.000Z,13216486,Admin (тех. аккаунт)
41687703,84180098,INSTAGRAM неразобранное,143,Закрыто и не реализовано,2026-06-23T11:42:45.000Z,13216486,Admin (тех. аккаунт)
41687483,84180098,INSTAGRAM неразобранное,143,Закрыто и не реализовано,2026-06-23T11:42:45.000Z,13216486,Admin (тех. аккаунт)
41687165,84180098,INSTAGRAM неразобранное,143,Закрыто и не реализовано,2026-06-23T11:42:45.000Z,13216486,Admin (тех. аккаунт)
41687075,84174870,Неразобранное,143,Закрыто и не реализовано,2026-06-23T11:42:45.000Z,13216486,Admin (тех. аккаунт)
41686423,84180098,INSTAGRAM неразобранное,143,Закрыто и не реализовано,2026-06-23T11:42:44.000Z,13216486,Admin (тех. аккаунт)
41686351,84180098,INSTAGRAM неразобранное,143,Закрыто и не реализовано,2026-06-23T11:42:44.000Z,13216486,Admin (тех. аккаунт)
41686297,84174870,Неразобранное,143,Закрыто и не реализовано,2026-06-23T11:42:44.000Z,13216486,Admin (тех. аккаунт)
41685401,84180098,INSTAGRAM неразобранное,143,Закрыто и не реализовано,2026-06-23T11:42:44.000Z,13216486,Admin (тех. аккаунт)
41681419,84180098,INSTAGRAM неразобранное,143,Закрыто и не реализовано,2026-06-23T11:42:44.000Z,13216486,Admin (тех. аккаунт)
41676549,84180098,INSTAGRAM неразобранное,143,Закрыто и не реализовано,2026-06-23T11:42:44.000Z,13216486,Admin (тех. аккаунт)
41680869,84180098,INSTAGRAM неразобранное,143,Закрыто и не реализовано,2026-06-23T11:42:44.000Z,13216486,Admin (тех. аккаунт)
41680579,84180098,INSTAGRAM неразобранное,143,Закрыто и не реализовано,2026-06-23T11:42:44.000Z,13216486,Admin (тех. аккаунт)
41680519,84180098,INSTAGRAM неразобранное,143,Закрыто и не реализовано,2026-06-23T11:42:44.000Z,13216486,Admin (тех. аккаунт)
41677501,84174870,Неразобранное,143,Закрыто и не реализовано,2026-06-23T11:42:44.000Z,13216486,Admin (тех. аккаунт)
41676383,84180098,INSTAGRAM неразобранное,143,Закрыто и не реализовано,2026-06-23T11:42:44.000Z,13216486,Admin (тех. аккаунт)
41676201,84180098,INSTAGRAM неразобранное,143,Закрыто и не реализовано,2026-06-23T11:42:43.000Z,13216486,Admin (тех. аккаунт)
41675011,84174870,Неразобранное,143,Закрыто и не реализовано,2026-06-23T11:42:43.000Z,13216486,Admin (тех. аккаунт)
41673105,84180098,INSTAGRAM неразобранное,143,Закрыто и не реализовано,2026-06-23T11:42:43.000Z,13216486,Admin (тех. аккаунт)
41674983,84174870,Неразобранное,143,Закрыто и не реализовано,2026-06-23T11:42:43.000Z,13216486,Admin (тех. аккаунт)
41674257,84180098,INSTAGRAM неразобранное,143,Закрыто и не реализовано,2026-06-23T11:42:43.000Z,13216486,Admin (тех. аккаунт)
41673767,84180098,INSTAGRAM неразобранное,143,Закрыто и не реализовано,2026-06-23T11:42:43.000Z,13216486,Admin (тех. аккаунт)
41673335,84180098,INSTAGRAM неразобранное,143,Закрыто и не реализовано,2026-06-23T11:42:43.000Z,13216486,Admin (тех. аккаунт)
41673249,84180098,INSTAGRAM неразобранное,143,Закрыто и не реализовано,2026-06-23T11:42:43.000Z,13216486,Admin (тех. аккаунт)
41673019,84180098,INSTAGRAM неразобранное,143,Закрыто и не реализовано,2026-06-23T11:42:43.000Z,13216486,Admin (тех. аккаунт)
41672179,84180098,INSTAGRAM неразобранное,143,Закрыто и не реализовано,2026-06-23T11:42:42.000Z,13216486,Admin (тех. аккаунт)
41671481,84174870,Неразобранное,143,Закрыто и не реализовано,2026-06-23T11:42:42.000Z,13216486,Admin (тех. аккаунт)
41670389,84180098,INSTAGRAM неразобранное,143,Закрыто и не реализовано,2026-06-23T11:42:42.000Z,13216486,Admin (тех. аккаунт)
41670001,84180098,INSTAGRAM неразобранное,143,Закрыто и не реализовано,2026-06-23T11:42:42.000Z,13216486,Admin (тех. аккаунт)
41669533,84180098,INSTAGRAM неразобранное,143,Закрыто и не реализовано,2026-06-23T11:42:42.000Z,13216486,Admin (тех. аккаунт)
41668441,84180098,INSTAGRAM неразобранное,143,Закрыто и не реализовано,2026-06-23T11:42:42.000Z,13216486,Admin (тех. аккаунт)
41718303,84180098,INSTAGRAM неразобранное,143,Закрыто и не реализовано,2026-06-23T11:42:42.000Z,13216486,Admin (тех. аккаунт)
41717619,84174870,Неразобранное,143,Закрыто и не реализовано,2026-06-23T11:42:42.000Z,13216486,Admin (тех. аккаунт)
41717545,84174870,Неразобранное,143,Закрыто и не реализовано,2026-06-23T11:42:41.000Z,13216486,Admin (тех. аккаунт)
41717515,84180098,INSTAGRAM неразобранное,143,Закрыто и не реализовано,2026-06-23T11:42:41.000Z,13216486,Admin (тех. аккаунт)
41716889,84180098,INSTAGRAM неразобранное,143,Закрыто и не реализовано,2026-06-23T11:42:41.000Z,13216486,Admin (тех. аккаунт)
41716883,84180098,INSTAGRAM неразобранное,143,Закрыто и не реализовано,2026-06-23T11:42:41.000Z,13216486,Admin (тех. аккаунт)
41716601,84180098,INSTAGRAM неразобранное,143,Закрыто и не реализовано,2026-06-23T11:42:41.000Z,13216486,Admin (тех. аккаунт)
41716461,84180098,INSTAGRAM неразобранное,143,Закрыто и не реализовано,2026-06-23T11:42:41.000Z,13216486,Admin (тех. аккаунт)
41716423,84180098,INSTAGRAM неразобранное,143,Закрыто и не реализовано,2026-06-23T11:42:41.000Z,13216486,Admin (тех. аккаунт)
41716415,84180098,INSTAGRAM неразобранное,143,Закрыто и не реализовано,2026-06-23T11:42:40.000Z,13216486,Admin (тех. аккаунт)
41715445,84174870,Неразобранное,143,Закрыто и не реализовано,2026-06-23T11:42:40.000Z,13216486,Admin (тех. аккаунт)
41715387,84180098,INSTAGRAM неразобранное,143,Закрыто и не реализовано,2026-06-23T11:42:40.000Z,13216486,Admin (тех. аккаунт)
41713971,84174870,Неразобранное,143,Закрыто и не реализовано,2026-06-23T11:42:40.000Z,13216486,Admin (тех. аккаунт)
41709733,84180098,INSTAGRAM неразобранное,143,Закрыто и не реализовано,2026-06-23T11:42:40.000Z,13216486,Admin (тех. аккаунт)
41712673,84180098,INSTAGRAM неразобранное,143,Закрыто и не реализовано,2026-06-23T11:42:40.000Z,13216486,Admin (тех. аккаунт)
41712441,84180098,INSTAGRAM неразобранное,143,Закрыто и не реализовано,2026-06-23T11:42:40.000Z,13216486,Admin (тех. аккаунт)
41708519,84180098,INSTAGRAM неразобранное,143,Закрыто и не реализовано,2026-06-23T11:42:40.000Z,13216486,Admin (тех. аккаунт)
41710989,84174870,Неразобранное,143,Закрыто и не реализовано,2026-06-23T11:42:40.000Z,13216486,Admin (тех. аккаунт)
41710879,84180098,INSTAGRAM неразобранное,143,Закрыто и не реализовано,2026-06-23T11:42:40.000Z,13216486,Admin (тех. аккаунт)
41710785,84180098,INSTAGRAM неразобранное,143,Закрыто и не реализовано,2026-06-23T11:42:40.000Z,13216486,Admin (тех. аккаунт)
41710781,84180098,INSTAGRAM неразобранное,143,Закрыто и не реализовано,2026-06-23T11:42:40.000Z,13216486,Admin (тех. аккаунт)
41708233,84180098,INSTAGRAM неразобранное,143,Закрыто и не реализовано,2026-06-23T11:42:39.000Z,13216486,Admin (тех. аккаунт)
41708221,84180098,INSTAGRAM неразобранное,143,Закрыто и не реализовано,2026-06-23T11:42:39.000Z,13216486,Admin (тех. аккаунт)
41707971,84180098,INSTAGRAM неразобранное,143,Закрыто и не реализовано,2026-06-23T11:42:39.000Z,13216486,Admin (тех. аккаунт)
41707689,84180098,INSTAGRAM неразобранное,143,Закрыто и не реализовано,2026-06-23T11:42:39.000Z,13216486,Admin (тех. аккаунт)
41707643,84180098,INSTAGRAM неразобранное,143,Закрыто и не реализовано,2026-06-23T11:42:39.000Z,13216486,Admin (тех. аккаунт)
41707363,84180098,INSTAGRAM неразобранное,143,Закрыто и не реализовано,2026-06-23T11:42:39.000Z,13216486,Admin (тех. аккаунт)
41707057,84180098,INSTAGRAM неразобранное,143,Закрыто и не реализовано,2026-06-23T11:42:39.000Z,13216486,Admin (тех. аккаунт)
41706889,84180098,INSTAGRAM неразобранное,143,Закрыто и не реализовано,2026-06-23T11:42:39.000Z,13216486,Admin (тех. аккаунт)
41706231,84174870,Неразобранное,143,Закрыто и не реализовано,2026-06-23T11:42:39.000Z,13216486,Admin (тех. аккаунт)
41706199,84174870,Неразобранное,143,Закрыто и не реализовано,2026-06-23T11:42:39.000Z,13216486,Admin (тех. аккаунт)
41705891,84180098,INSTAGRAM неразобранное,143,Закрыто и не реализовано,2026-06-23T11:42:38.000Z,13216486,Admin (тех. аккаунт)
41705675,84180098,INSTAGRAM неразобранное,143,Закрыто и не реализовано,2026-06-23T11:42:38.000Z,13216486,Admin (тех. аккаунт)
41705617,84180098,INSTAGRAM неразобранное,143,Закрыто и не реализовано,2026-06-23T11:42:38.000Z,13216486,Admin (тех. аккаунт)
41701687,84180098,INSTAGRAM неразобранное,143,Закрыто и не реализовано,2026-06-23T11:42:38.000Z,13216486,Admin (тех. аккаунт)
41704947,84174870,Неразобранное,143,Закрыто и не реализовано,2026-06-23T11:42:38.000Z,13216486,Admin (тех. аккаунт)
41704737,84180098,INSTAGRAM неразобранное,143,Закрыто и не реализовано,2026-06-23T11:42:38.000Z,13216486,Admin (тех. аккаунт)
41703241,84180098,INSTAGRAM неразобранное,143,Закрыто и не реализовано,2026-06-23T11:42:38.000Z,13216486,Admin (тех. аккаунт)
41702297,84180098,INSTAGRAM неразобранное,143,Закрыто и не реализовано,2026-06-23T11:42:38.000Z,13216486,Admin (тех. аккаунт)
41701473,84180098,INSTAGRAM неразобранное,143,Закрыто и не реализовано,2026-06-23T11:42:38.000Z,13216486,Admin (тех. аккаунт)
41702241,84180098,INSTAGRAM неразобранное,143,Закрыто и не реализовано,2026-06-23T11:42:38.000Z,13216486,Admin (тех. аккаунт)
41701925,84180098,INSTAGRAM неразобранное,143,Закрыто и не реализовано,2026-06-23T11:42:38.000Z,13216486,Admin (тех. аккаунт)
41701437,84180098,INSTAGRAM неразобранное,143,Закрыто и не реализовано,2026-06-23T11:42:37.000Z,13216486,Admin (тех. аккаунт)
41701321,84180098,INSTAGRAM неразобранное,143,Закрыто и не реализовано,2026-06-23T11:42:37.000Z,13216486,Admin (тех. аккаунт)
41700835,84180098,INSTAGRAM неразобранное,143,Закрыто и не реализовано,2026-06-23T11:42:37.000Z,13216486,Admin (тех. аккаунт)
41699205,84180098,INSTAGRAM неразобранное,143,Закрыто и не реализовано,2026-06-23T11:42:37.000Z,13216486,Admin (тех. аккаунт)
41699199,84180098,INSTAGRAM неразобранное,143,Закрыто и не реализовано,2026-06-23T11:42:37.000Z,13216486,Admin (тех. аккаунт)
41698937,84180098,INSTAGRAM неразобранное,143,Закрыто и не реализовано,2026-06-23T11:42:37.000Z,13216486,Admin (тех. аккаунт)
41698917,84180098,INSTAGRAM неразобранное,143,Закрыто и не реализовано,2026-06-23T11:42:37.000Z,13216486,Admin (тех. аккаунт)
41736963,84180098,INSTAGRAM неразобранное,143,Закрыто и не реализовано,2026-06-23T11:42:37.000Z,13216486,Admin (тех. аккаунт)
41698841,84180098,INSTAGRAM неразобранное,143,Закрыто и не реализовано,2026-06-23T11:42:37.000Z,13216486,Admin (тех. аккаунт)
41738909,84180098,INSTAGRAM неразобранное,143,Закрыто и не реализовано,2026-06-23T11:42:37.000Z,13216486,Admin (тех. аккаунт)
41738627,84180098,INSTAGRAM неразобранное,143,Закрыто и не реализовано,2026-06-23T11:42:37.000Z,13216486,Admin (тех. аккаунт)
41738621,84180098,INSTAGRAM неразобранное,143,Закрыто и не реализовано,2026-06-23T11:42:37.000Z,13216486,Admin (тех. аккаунт)
41738193,84180098,INSTAGRAM неразобранное,143,Закрыто и не реализовано,2026-06-23T11:42:37.000Z,13216486,Admin (тех. аккаунт)
41736933,84180098,INSTAGRAM неразобранное,143,Закрыто и не реализовано,2026-06-23T11:42:37.000Z,13216486,Admin (тех. аккаунт)
41737145,84180098,INSTAGRAM неразобранное,143,Закрыто и не реализовано,2026-06-23T11:42:37.000Z,13216486,Admin (тех. аккаунт)
41736931,84180098,INSTAGRAM неразобранное,143,Закрыто и не реализовано,2026-06-23T11:42:36.000Z,13216486,Admin (тех. аккаунт)
41736881,84180098,INSTAGRAM неразобранное,143,Закрыто и не реализовано,2026-06-23T11:42:36.000Z,13216486,Admin (тех. аккаунт)
41736463,84180098,INSTAGRAM неразобранное,143,Закрыто и не реализовано,2026-06-23T11:42:36.000Z,13216486,Admin (тех. аккаунт)
41736375,84180098,INSTAGRAM неразобранное,143,Закрыто и не реализовано,2026-06-23T11:42:36.000Z,13216486,Admin (тех. аккаунт)
41736373,84180098,INSTAGRAM неразобранное,143,Закрыто и не реализовано,2026-06-23T11:42:36.000Z,13216486,Admin (тех. аккаунт)
41736273,84180098,INSTAGRAM неразобранное,143,Закрыто и не реализовано,2026-06-23T11:42:36.000Z,13216486,Admin (тех. аккаунт)
41735683,84180098,INSTAGRAM неразобранное,143,Закрыто и не реализовано,2026-06-23T11:42:36.000Z,13216486,Admin (тех. аккаунт)
41735261,84180098,INSTAGRAM неразобранное,143,Закрыто и не реализовано,2026-06-23T11:42:36.000Z,13216486,Admin (тех. аккаунт)
41732043,84180098,INSTAGRAM неразобранное,143,Закрыто и не реализовано,2026-06-23T11:42:36.000Z,13216486,Admin (тех. аккаунт)
41730825,84174870,Неразобранное,143,Закрыто и не реализовано,2026-06-23T11:42:36.000Z,13216486,Admin (тех. аккаунт)
41730567,84180098,INSTAGRAM неразобранное,143,Закрыто и не реализовано,2026-06-23T11:42:35.000Z,13216486,Admin (тех. аккаунт)
41730417,84180098,INSTAGRAM неразобранное,143,Закрыто и не реализовано,2026-06-23T11:42:35.000Z,13216486,Admin (тех. аккаунт)
41730415,84180098,INSTAGRAM неразобранное,143,Закрыто и не реализовано,2026-06-23T11:42:35.000Z,13216486,Admin (тех. аккаунт)
41730163,84174870,Неразобранное,143,Закрыто и не реализовано,2026-06-23T11:42:35.000Z,13216486,Admin (тех. аккаунт)
41729481,84180098,INSTAGRAM неразобранное,143,Закрыто и не реализовано,2026-06-23T11:42:35.000Z,13216486,Admin (тех. аккаунт)
41729327,84174870,Неразобранное,143,Закрыто и не реализовано,2026-06-23T11:42:35.000Z,13216486,Admin (тех. аккаунт)
41729097,84174870,Неразобранное,143,Закрыто и не реализовано,2026-06-23T11:42:34.000Z,13216486,Admin (тех. аккаунт)
41729041,84180098,INSTAGRAM неразобранное,143,Закрыто и не реализовано,2026-06-23T11:42:34.000Z,13216486,Admin (тех. аккаунт)
41728329,84174870,Неразобранное,143,Закрыто и не реализовано,2026-06-23T11:42:34.000Z,13216486,Admin (тех. аккаунт)
41728027,84180098,INSTAGRAM неразобранное,143,Закрыто и не реализовано,2026-06-23T11:42:34.000Z,13216486,Admin (тех. аккаунт)
41727359,84180098,INSTAGRAM неразобранное,143,Закрыто и не реализовано,2026-06-23T11:42:34.000Z,13216486,Admin (тех. аккаунт)
41727349,84180098,INSTAGRAM неразобранное,143,Закрыто и не реализовано,2026-06-23T11:42:34.000Z,13216486,Admin (тех. аккаунт)
41727327,84174870,Неразобранное,143,Закрыто и не реализовано,2026-06-23T11:42:34.000Z,13216486,Admin (тех. аккаунт)
41727287,84180098,INSTAGRAM неразобранное,143,Закрыто и не реализовано,2026-06-23T11:42:33.000Z,13216486,Admin (тех. аккаунт)
41727109,84180098,INSTAGRAM неразобранное,143,Закрыто и не реализовано,2026-06-23T11:42:33.000Z,13216486,Admin (тех. аккаунт)
41727035,84180098,INSTAGRAM неразобранное,143,Закрыто и не реализовано,2026-06-23T11:42:33.000Z,13216486,Admin (тех. аккаунт)
41726661,84180098,INSTAGRAM неразобранное,143,Закрыто и не реализовано,2026-06-23T11:42:33.000Z,13216486,Admin (тех. аккаунт)
41726655,84180098,INSTAGRAM неразобранное,143,Закрыто и не реализовано,2026-06-23T11:42:33.000Z,13216486,Admin (тех. аккаунт)
41726131,84180098,INSTAGRAM неразобранное,143,Закрыто и не реализовано,2026-06-23T11:42:33.000Z,13216486,Admin (тех. аккаунт)
41725357,84174870,Неразобранное,143,Закрыто и не реализовано,2026-06-23T11:42:33.000Z,13216486,Admin (тех. аккаунт)
41723443,84180098,INSTAGRAM неразобранное,143,Закрыто и не реализовано,2026-06-23T11:42:33.000Z,13216486,Admin (тех. аккаунт)
41725269,84174870,Неразобранное,143,Закрыто и не реализовано,2026-06-23T11:42:33.000Z,13216486,Admin (тех. аккаунт)
41722873,84180098,INSTAGRAM неразобранное,143,Закрыто и не реализовано,2026-06-23T11:42:33.000Z,13216486,Admin (тех. аккаунт)
41724443,84180098,INSTAGRAM неразобранное,143,Закрыто и не реализовано,2026-06-23T11:42:33.000Z,13216486,Admin (тех. аккаунт)
41722819,84180098,INSTAGRAM неразобранное,143,Закрыто и не реализовано,2026-06-23T11:42:32.000Z,13216486,Admin (тех. аккаунт)
41720983,84180098,INSTAGRAM неразобранное,143,Закрыто и не реализовано,2026-06-23T11:42:32.000Z,13216486,Admin (тех. аккаунт)
41720965,84180098,INSTAGRAM неразобранное,143,Закрыто и не реализовано,2026-06-23T11:42:32.000Z,13216486,Admin (тех. аккаунт)
41720819,84180098,INSTAGRAM неразобранное,143,Закрыто и не реализовано,2026-06-23T11:42:32.000Z,13216486,Admin (тех. аккаунт)
41720815,84180098,INSTAGRAM неразобранное,143,Закрыто и не реализовано,2026-06-23T11:42:32.000Z,13216486,Admin (тех. аккаунт)
41720765,84180098,INSTAGRAM неразобранное,143,Закрыто и не реализовано,2026-06-23T11:42:32.000Z,13216486,Admin (тех. аккаунт)
41719373,84174870,Неразобранное,143,Закрыто и не реализовано,2026-06-23T11:42:32.000Z,13216486,Admin (тех. аккаунт)
41719133,84174870,Неразобранное,143,Закрыто и не реализовано,2026-06-23T11:42:32.000Z,13216486,Admin (тех. аккаунт)
41719077,84180098,INSTAGRAM неразобранное,143,Закрыто и не реализовано,2026-06-23T11:42:32.000Z,13216486,Admin (тех. аккаунт)
41751135,84180098,INSTAGRAM неразобранное,143,Закрыто и не реализовано,2026-06-23T11:42:31.000Z,13216486,Admin (тех. аккаунт)
41751049,84180098,INSTAGRAM неразобранное,143,Закрыто и не реализовано,2026-06-23T11:42:31.000Z,13216486,Admin (тех. аккаунт)
41750963,84180098,INSTAGRAM неразобранное,143,Закрыто и не реализовано,2026-06-23T11:42:31.000Z,13216486,Admin (тех. аккаунт)
41750141,84180098,INSTAGRAM неразобранное,143,Закрыто и не реализовано,2026-06-23T11:42:31.000Z,13216486,Admin (тех. аккаунт)
41749731,84180098,INSTAGRAM неразобранное,143,Закрыто и не реализовано,2026-06-23T11:42:31.000Z,13216486,Admin (тех. аккаунт)
41749555,84180098,INSTAGRAM неразобранное,143,Закрыто и не реализовано,2026-06-23T11:42:31.000Z,13216486,Admin (тех. аккаунт)
41748741,84180098,INSTAGRAM неразобранное,143,Закрыто и не реализовано,2026-06-23T11:42:31.000Z,13216486,Admin (тех. аккаунт)
41748699,84180098,INSTAGRAM неразобранное,143,Закрыто и не реализовано,2026-06-23T11:42:31.000Z,13216486,Admin (тех. аккаунт)
41748569,84180098,INSTAGRAM неразобранное,143,Закрыто и не реализовано,2026-06-23T11:42:31.000Z,13216486,Admin (тех. аккаунт)
41748495,84180098,INSTAGRAM неразобранное,143,Закрыто и не реализовано,2026-06-23T11:42:31.000Z,13216486,Admin (тех. аккаунт)
41748433,84180098,INSTAGRAM неразобранное,143,Закрыто и не реализовано,2026-06-23T11:42:30.000Z,13216486,Admin (тех. аккаунт)
41748309,84180098,INSTAGRAM неразобранное,143,Закрыто и не реализовано,2026-06-23T11:42:30.000Z,13216486,Admin (тех. аккаунт)
41748099,84174870,Неразобранное,143,Закрыто и не реализовано,2026-06-23T11:42:30.000Z,13216486,Admin (тех. аккаунт)
41746155,84180098,INSTAGRAM неразобранное,143,Закрыто и не реализовано,2026-06-23T11:42:30.000Z,13216486,Admin (тех. аккаунт)
41747693,84174870,Неразобранное,143,Закрыто и не реализовано,2026-06-23T11:42:30.000Z,13216486,Admin (тех. аккаунт)
41747093,84180098,INSTAGRAM неразобранное,143,Закрыто и не реализовано,2026-06-23T11:42:30.000Z,13216486,Admin (тех. аккаунт)
41746761,84180098,INSTAGRAM неразобранное,143,Закрыто и не реализовано,2026-06-23T11:42:30.000Z,13216486,Admin (тех. аккаунт)
41746297,84180098,INSTAGRAM неразобранное,143,Закрыто и не реализовано,2026-06-23T11:42:30.000Z,13216486,Admin (тех. аккаунт)
41745779,84174870,Неразобранное,143,Закрыто и не реализовано,2026-06-23T11:42:30.000Z,13216486,Admin (тех. аккаунт)
41745553,84180098,INSTAGRAM неразобранное,143,Закрыто и не реализовано,2026-06-23T11:42:29.000Z,13216486,Admin (тех. аккаунт)
41744811,84174870,Неразобранное,143,Закрыто и не реализовано,2026-06-23T11:42:29.000Z,13216486,Admin (тех. аккаунт)
41744183,84174870,Неразобранное,143,Закрыто и не реализовано,2026-06-23T11:42:29.000Z,13216486,Admin (тех. аккаунт)
41744569,84174870,Неразобранное,143,Закрыто и не реализовано,2026-06-23T11:42:29.000Z,13216486,Admin (тех. аккаунт)
41744127,84174870,Неразобранное,143,Закрыто и не реализовано,2026-06-23T11:42:28.000Z,13216486,Admin (тех. аккаунт)
41743819,84174870,Неразобранное,143,Закрыто и не реализовано,2026-06-23T11:42:28.000Z,13216486,Admin (тех. аккаунт)
41743543,84174870,Неразобранное,143,Закрыто и не реализовано,2026-06-23T11:42:28.000Z,13216486,Admin (тех. аккаунт)
41743789,84174870,Неразобранное,143,Закрыто и не реализовано,2026-06-23T11:42:28.000Z,13216486,Admin (тех. аккаунт)
41743119,84174870,Неразобранное,143,Закрыто и не реализовано,2026-06-23T11:42:27.000Z,13216486,Admin (тех. аккаунт)
41742431,84174870,Неразобранное,143,Закрыто и не реализовано,2026-06-23T11:42:27.000Z,13216486,Admin (тех. аккаунт)
41742401,84174870,Неразобранное,143,Закрыто и не реализовано,2026-06-23T11:42:27.000Z,13216486,Admin (тех. аккаунт)
41742355,84174870,Неразобранное,143,Закрыто и не реализовано,2026-06-23T11:42:27.000Z,13216486,Admin (тех. аккаунт)
41742123,84174870,Неразобранное,143,Закрыто и не реализовано,2026-06-23T11:42:26.000Z,13216486,Admin (тех. аккаунт)
41742093,84174870,Неразобранное,143,Закрыто и не реализовано,2026-06-23T11:42:26.000Z,13216486,Admin (тех. аккаунт)
41741973,84174870,Неразобранное,143,Закрыто и не реализовано,2026-06-23T11:42:26.000Z,13216486,Admin (тех. аккаунт)
41741719,84174870,Неразобранное,143,Закрыто и не реализовано,2026-06-23T11:42:26.000Z,13216486,Admin (тех. аккаунт)
41740865,84174870,Неразобранное,143,Закрыто и не реализовано,2026-06-23T11:42:26.000Z,13216486,Admin (тех. аккаунт)
41740815,84174870,Неразобранное,143,Закрыто и не реализовано,2026-06-23T11:42:25.000Z,13216486,Admin (тех. аккаунт)
41740399,84174870,Неразобранное,143,Закрыто и не реализовано,2026-06-23T11:42:25.000Z,13216486,Admin (тех. аккаунт)
41740069,84174870,Неразобранное,143,Закрыто и не реализовано,2026-06-23T11:42:25.000Z,13216486,Admin (тех. аккаунт)
41739923,84174870,Неразобранное,143,Закрыто и не реализовано,2026-06-23T11:42:25.000Z,13216486,Admin (тех. аккаунт)
41739811,84174870,Неразобранное,143,Закрыто и не реализовано,2026-06-23T11:42:25.000Z,13216486,Admin (тех. аккаунт)
41739749,84174870,Неразобранное,143,Закрыто и не реализовано,2026-06-23T11:42:24.000Z,13216486,Admin (тех. аккаунт)
41739653,84174870,Неразобранное,143,Закрыто и не реализовано,2026-06-23T11:42:24.000Z,13216486,Admin (тех. аккаунт)
41739645,84174870,Неразобранное,143,Закрыто и не реализовано,2026-06-23T11:42:24.000Z,13216486,Admin (тех. аккаунт)
41739521,84174870,Неразобранное,143,Закрыто и не реализовано,2026-06-23T11:42:24.000Z,13216486,Admin (тех. аккаунт)
41739355,84174870,Неразобранное,143,Закрыто и не реализовано,2026-06-23T11:42:24.000Z,13216486,Admin (тех. аккаунт)
41739315,84174870,Неразобранное,143,Закрыто и не реализовано,2026-06-23T11:42:23.000Z,13216486,Admin (тех. аккаунт)
41739295,84174870,Неразобранное,143,Закрыто и не реализовано,2026-06-23T11:42:23.000Z,13216486,Admin (тех. аккаунт)
41738915,84180098,INSTAGRAM неразобранное,143,Закрыто и не реализовано,2026-06-23T11:42:23.000Z,13216486,Admin (тех. аккаунт)
41738911,84180098,INSTAGRAM неразобранное,143,Закрыто и не реализовано,2026-06-23T11:42:23.000Z,13216486,Admin (тех. аккаунт)
41787749,84180098,INSTAGRAM неразобранное,143,Закрыто и не реализовано,2026-06-23T11:42:23.000Z,13216486,Admin (тех. аккаунт)
41787373,84174870,Неразобранное,143,Закрыто и не реализовано,2026-06-23T11:42:23.000Z,13216486,Admin (тех. аккаунт)
41787013,84180098,INSTAGRAM неразобранное,143,Закрыто и не реализовано,2026-06-23T11:42:22.000Z,13216486,Admin (тех. аккаунт)
41786799,84180098,INSTAGRAM неразобранное,143,Закрыто и не реализовано,2026-06-23T11:42:22.000Z,13216486,Admin (тех. аккаунт)
41786661,84180098,INSTAGRAM неразобранное,143,Закрыто и не реализовано,2026-06-23T11:42:22.000Z,13216486,Admin (тех. аккаунт)
41785849,84180098,INSTAGRAM неразобранное,143,Закрыто и не реализовано,2026-06-23T11:42:22.000Z,13216486,Admin (тех. аккаунт)
41785655,84174870,Неразобранное,143,Закрыто и не реализовано,2026-06-23T11:42:22.000Z,13216486,Admin (тех. аккаунт)
41785509,84180098,INSTAGRAM неразобранное,143,Закрыто и не реализовано,2026-06-23T11:42:22.000Z,13216486,Admin (тех. аккаунт)
41785051,84180098,INSTAGRAM неразобранное,143,Закрыто и не реализовано,2026-06-23T11:42:22.000Z,13216486,Admin (тех. аккаунт)
41784553,84180098,INSTAGRAM неразобранное,143,Закрыто и не реализовано,2026-06-23T11:42:21.000Z,13216486,Admin (тех. аккаунт)
41784537,84180098,INSTAGRAM неразобранное,143,Закрыто и не реализовано,2026-06-23T11:42:21.000Z,13216486,Admin (тех. аккаунт)
41770005,84174870,Неразобранное,143,Закрыто и не реализовано,2026-06-23T11:42:21.000Z,13216486,Admin (тех. аккаунт)
41783919,84180098,INSTAGRAM неразобранное,143,Закрыто и не реализовано,2026-06-23T11:42:21.000Z,13216486,Admin (тех. аккаунт)
41781377,84180098,INSTAGRAM неразобранное,143,Закрыто и не реализовано,2026-06-23T11:42:21.000Z,13216486,Admin (тех. аккаунт)
41780227,84180098,INSTAGRAM неразобранное,143,Закрыто и не реализовано,2026-06-23T11:42:21.000Z,13216486,Admin (тех. аккаунт)
41779119,84180098,INSTAGRAM неразобранное,143,Закрыто и не реализовано,2026-06-23T11:42:21.000Z,13216486,Admin (тех. аккаунт)
41778155,84180098,INSTAGRAM неразобранное,143,Закрыто и не реализовано,2026-06-23T11:42:21.000Z,13216486,Admin (тех. аккаунт)
41777271,84180098,INSTAGRAM неразобранное,143,Закрыто и не реализовано,2026-06-23T11:42:21.000Z,13216486,Admin (тех. аккаунт)
41772899,84180098,INSTAGRAM неразобранное,143,Закрыто и не реализовано,2026-06-23T11:42:21.000Z,13216486,Admin (тех. аккаунт)
41771815,84180098,INSTAGRAM неразобранное,143,Закрыто и не реализовано,2026-06-23T11:42:21.000Z,13216486,Admin (тех. аккаунт)
41763919,84180098,INSTAGRAM неразобранное,143,Закрыто и не реализовано,2026-06-23T11:42:20.000Z,13216486,Admin (тех. аккаунт)
41763861,84180098,INSTAGRAM неразобранное,143,Закрыто и не реализовано,2026-06-23T11:42:20.000Z,13216486,Admin (тех. аккаунт)
41763507,84180098,INSTAGRAM неразобранное,143,Закрыто и не реализовано,2026-06-23T11:42:20.000Z,13216486,Admin (тех. аккаунт)
41762893,84174870,Неразобранное,143,Закрыто и не реализовано,2026-06-23T11:42:20.000Z,13216486,Admin (тех. аккаунт)
41762073,84180098,INSTAGRAM неразобранное,143,Закрыто и не реализовано,2026-06-23T11:42:20.000Z,13216486,Admin (тех. аккаунт)
41761921,84180098,INSTAGRAM неразобранное,143,Закрыто и не реализовано,2026-06-23T11:42:19.000Z,13216486,Admin (тех. аккаунт)
41761629,84180098,INSTAGRAM неразобранное,143,Закрыто и не реализовано,2026-06-23T11:42:19.000Z,13216486,Admin (тех. аккаунт)
41761453,84180098,INSTAGRAM неразобранное,143,Закрыто и не реализовано,2026-06-23T11:42:19.000Z,13216486,Admin (тех. аккаунт)
41760993,84180098,INSTAGRAM неразобранное,143,Закрыто и не реализовано,2026-06-23T11:42:19.000Z,13216486,Admin (тех. аккаунт)
41760687,84180098,INSTAGRAM неразобранное,143,Закрыто и не реализовано,2026-06-23T11:42:19.000Z,13216486,Admin (тех. аккаунт)
41760545,84180098,INSTAGRAM неразобранное,143,Закрыто и не реализовано,2026-06-23T11:42:19.000Z,13216486,Admin (тех. аккаунт)
41758865,84174870,Неразобранное,143,Закрыто и не реализовано,2026-06-23T11:42:19.000Z,13216486,Admin (тех. аккаунт)
41758403,84180098,INSTAGRAM неразобранное,143,Закрыто и не реализовано,2026-06-23T11:42:19.000Z,13216486,Admin (тех. аккаунт)
41758057,84174870,Неразобранное,143,Закрыто и не реализовано,2026-06-23T11:42:19.000Z,13216486,Admin (тех. аккаунт)
41757991,84180098,INSTAGRAM неразобранное,143,Закрыто и не реализовано,2026-06-23T11:42:18.000Z,13216486,Admin (тех. аккаунт)
41757701,84180098,INSTAGRAM неразобранное,143,Закрыто и не реализовано,2026-06-23T11:42:18.000Z,13216486,Admin (тех. аккаунт)
41757513,84174870,Неразобранное,143,Закрыто и не реализовано,2026-06-23T11:42:18.000Z,13216486,Admin (тех. аккаунт)
41757465,84180098,INSTAGRAM неразобранное,143,Закрыто и не реализовано,2026-06-23T11:42:18.000Z,13216486,Admin (тех. аккаунт)
41756983,84180098,INSTAGRAM неразобранное,143,Закрыто и не реализовано,2026-06-23T11:42:18.000Z,13216486,Admin (тех. аккаунт)
41754615,84180098,INSTAGRAM неразобранное,143,Закрыто и не реализовано,2026-06-23T11:42:18.000Z,13216486,Admin (тех. аккаунт)
41754545,84174870,Неразобранное,143,Закрыто и не реализовано,2026-06-23T11:42:18.000Z,13216486,Admin (тех. аккаунт)
41756681,84180098,INSTAGRAM неразобранное,143,Закрыто и не реализовано,2026-06-23T11:42:18.000Z,13216486,Admin (тех. аккаунт)
41756637,84174870,Неразобранное,143,Закрыто и не реализовано,2026-06-23T11:42:18.000Z,13216486,Admin (тех. аккаунт)
41756107,84180098,INSTAGRAM неразобранное,143,Закрыто и не реализовано,2026-06-23T11:42:18.000Z,13216486,Admin (тех. аккаунт)
41754957,84180098,INSTAGRAM неразобранное,143,Закрыто и не реализовано,2026-06-23T11:42:18.000Z,13216486,Admin (тех. аккаунт)
41754111,84180098,INSTAGRAM неразобранное,143,Закрыто и не реализовано,2026-06-23T11:42:17.000Z,13216486,Admin (тех. аккаунт)
41753479,84180098,INSTAGRAM неразобранное,143,Закрыто и не реализовано,2026-06-23T11:42:17.000Z,13216486,Admin (тех. аккаунт)
41753129,84180098,INSTAGRAM неразобранное,143,Закрыто и не реализовано,2026-06-23T11:42:17.000Z,13216486,Admin (тех. аккаунт)
41753095,84174870,Неразобранное,143,Закрыто и не реализовано,2026-06-23T11:42:17.000Z,13216486,Admin (тех. аккаунт)
41752895,84180098,INSTAGRAM неразобранное,143,Закрыто и не реализовано,2026-06-23T11:42:17.000Z,13216486,Admin (тех. аккаунт)
41849961,84180098,INSTAGRAM неразобранное,143,Закрыто и не реализовано,2026-06-23T11:42:16.000Z,13216486,Admin (тех. аккаунт)
41849631,84180098,INSTAGRAM неразобранное,143,Закрыто и не реализовано,2026-06-23T11:42:15.000Z,13216486,Admin (тех. аккаунт)
41849373,84174870,Неразобранное,143,Закрыто и не реализовано,2026-06-23T11:42:15.000Z,13216486,Admin (тех. аккаунт)
41848025,84180098,INSTAGRAM неразобранное,143,Закрыто и не реализовано,2026-06-23T11:42:15.000Z,13216486,Admin (тех. аккаунт)
41834559,84180098,INSTAGRAM неразобранное,143,Закрыто и не реализовано,2026-06-23T11:42:15.000Z,13216486,Admin (тех. аккаунт)
41834549,84180098,INSTAGRAM неразобранное,143,Закрыто и не реализовано,2026-06-23T11:42:15.000Z,13216486,Admin (тех. аккаунт)
41834497,84174870,Неразобранное,143,Закрыто и не реализовано,2026-06-23T11:42:15.000Z,13216486,Admin (тех. аккаунт)
41833521,84174870,Неразобранное,143,Закрыто и не реализовано,2026-06-23T11:42:15.000Z,13216486,Admin (тех. аккаунт)
41833295,84180098,INSTAGRAM неразобранное,143,Закрыто и не реализовано,2026-06-23T11:42:14.000Z,13216486,Admin (тех. аккаунт)
41832091,84180098,INSTAGRAM неразобранное,143,Закрыто и не реализовано,2026-06-23T11:42:14.000Z,13216486,Admin (тех. аккаунт)
41828855,84180098,INSTAGRAM неразобранное,143,Закрыто и не реализовано,2026-06-23T11:42:14.000Z,13216486,Admin (тех. аккаунт)
41828815,84180098,INSTAGRAM неразобранное,143,Закрыто и не реализовано,2026-06-23T11:42:14.000Z,13216486,Admin (тех. аккаунт)
41828043,84174870,Неразобранное,143,Закрыто и не реализовано,2026-06-23T11:42:14.000Z,13216486,Admin (тех. аккаунт)
41828003,84174870,Неразобранное,143,Закрыто и не реализовано,2026-06-23T11:42:14.000Z,13216486,Admin (тех. аккаунт)
41827873,84180098,INSTAGRAM неразобранное,143,Закрыто и не реализовано,2026-06-23T11:42:13.000Z,13216486,Admin (тех. аккаунт)
41827849,84180098,INSTAGRAM неразобранное,143,Закрыто и не реализовано,2026-06-23T11:42:13.000Z,13216486,Admin (тех. аккаунт)
41827691,84174870,Неразобранное,143,Закрыто и не реализовано,2026-06-23T11:42:13.000Z,13216486,Admin (тех. аккаунт)
41825221,84180098,INSTAGRAM неразобранное,143,Закрыто и не реализовано,2026-06-23T11:42:12.000Z,13216486,Admin (тех. аккаунт)
41826863,84180098,INSTAGRAM неразобранное,143,Закрыто и не реализовано,2026-06-23T11:42:12.000Z,13216486,Admin (тех. аккаунт)
41826515,84180098,INSTAGRAM неразобранное,143,Закрыто и не реализовано,2026-06-23T11:42:12.000Z,13216486,Admin (тех. аккаунт)
41826427,84180098,INSTAGRAM неразобранное,143,Закрыто и не реализовано,2026-06-23T11:42:12.000Z,13216486,Admin (тех. аккаунт)
41826417,84180098,INSTAGRAM неразобранное,143,Закрыто и не реализовано,2026-06-23T11:42:12.000Z,13216486,Admin (тех. аккаунт)
41826281,84180098,INSTAGRAM неразобранное,143,Закрыто и не реализовано,2026-06-23T11:42:12.000Z,13216486,Admin (тех. аккаунт)
41826151,84180098,INSTAGRAM неразобранное,143,Закрыто и не реализовано,2026-06-23T11:42:12.000Z,13216486,Admin (тех. аккаунт)
41824995,84180098,INSTAGRAM неразобранное,143,Закрыто и не реализовано,2026-06-23T11:42:12.000Z,13216486,Admin (тех. аккаунт)
41825953,84180098,INSTAGRAM неразобранное,143,Закрыто и не реализовано,2026-06-23T11:42:12.000Z,13216486,Admin (тех. аккаунт)
41811137,84180098,INSTAGRAM неразобранное,143,Закрыто и не реализовано,2026-06-23T11:42:11.000Z,13216486,Admin (тех. аккаунт)
41824923,84180098,INSTAGRAM неразобранное,143,Закрыто и не реализовано,2026-06-23T11:42:11.000Z,13216486,Admin (тех. аккаунт)
41824519,84180098,INSTAGRAM неразобранное,143,Закрыто и не реализовано,2026-06-23T11:42:11.000Z,13216486,Admin (тех. аккаунт)
41823027,84180098,INSTAGRAM неразобранное,143,Закрыто и не реализовано,2026-06-23T11:42:11.000Z,13216486,Admin (тех. аккаунт)
41819997,84180098,INSTAGRAM неразобранное,143,Закрыто и не реализовано,2026-06-23T11:42:11.000Z,13216486,Admin (тех. аккаунт)
41814977,84180098,INSTAGRAM неразобранное,143,Закрыто и не реализовано,2026-06-23T11:42:11.000Z,13216486,Admin (тех. аккаунт)
41811219,84174870,Неразобранное,143,Закрыто и не реализовано,2026-06-23T11:42:11.000Z,13216486,Admin (тех. аккаунт)
41811179,84174870,Неразобранное,143,Закрыто и не реализовано,2026-06-23T11:42:11.000Z,13216486,Admin (тех. аккаунт)
41811073,84180098,INSTAGRAM неразобранное,143,Закрыто и не реализовано,2026-06-23T11:42:10.000Z,13216486,Admin (тех. аккаунт)
41811045,84180098,INSTAGRAM неразобранное,143,Закрыто и не реализовано,2026-06-23T11:42:10.000Z,13216486,Admin (тех. аккаунт)
41810199,84180098,INSTAGRAM неразобранное,143,Закрыто и не реализовано,2026-06-23T11:42:10.000Z,13216486,Admin (тех. аккаунт)
41810029,84180098,INSTAGRAM неразобранное,143,Закрыто и не реализовано,2026-06-23T11:42:10.000Z,13216486,Admin (тех. аккаунт)
41809313,84180098,INSTAGRAM неразобранное,143,Закрыто и не реализовано,2026-06-23T11:42:10.000Z,13216486,Admin (тех. аккаунт)
41805497,84180098,INSTAGRAM неразобранное,143,Закрыто и не реализовано,2026-06-23T11:42:10.000Z,13216486,Admin (тех. аккаунт)
41804939,84174870,Неразобранное,143,Закрыто и не реализовано,2026-06-23T11:42:10.000Z,13216486,Admin (тех. аккаунт)
41789913,84174870,Неразобранное,143,Закрыто и не реализовано,2026-06-23T11:42:10.000Z,13216486,Admin (тех. аккаунт)
41789793,84180098,INSTAGRAM неразобранное,143,Закрыто и не реализовано,2026-06-23T11:42:10.000Z,13216486,Admin (тех. аккаунт)
41788065,84180098,INSTAGRAM неразобранное,143,Закрыто и не реализовано,2026-06-23T11:42:09.000Z,13216486,Admin (тех. аккаунт)
41789497,84180098,INSTAGRAM неразобранное,143,Закрыто и не реализовано,2026-06-23T11:42:09.000Z,13216486,Admin (тех. аккаунт)
41789297,84174870,Неразобранное,143,Закрыто и не реализовано,2026-06-23T11:42:09.000Z,13216486,Admin (тех. аккаунт)
41788831,84180098,INSTAGRAM неразобранное,143,Закрыто и не реализовано,2026-06-23T11:42:09.000Z,13216486,Admin (тех. аккаунт)
41788469,84174870,Неразобранное,143,Закрыто и не реализовано,2026-06-23T11:42:09.000Z,13216486,Admin (тех. аккаунт)
41788215,84174870,Неразобранное,143,Закрыто и не реализовано,2026-06-23T11:42:09.000Z,13216486,Admin (тех. аккаунт)
41788063,84174882,Назначение визита,143,Закрыто и не реализовано,2026-06-23T11:42:09.000Z,13216486,Admin (тех. аккаунт)
41894996,84180098,INSTAGRAM неразобранное,143,Закрыто и не реализовано,2026-06-23T11:42:08.000Z,13216486,Admin (тех. аккаунт)
41892576,84180098,INSTAGRAM неразобранное,143,Закрыто и не реализовано,2026-06-23T11:42:08.000Z,13216486,Admin (тех. аккаунт)
41892550,84180098,INSTAGRAM неразобранное,143,Закрыто и не реализовано,2026-06-23T11:42:08.000Z,13216486,Admin (тех. аккаунт)
41890806,84180098,INSTAGRAM неразобранное,143,Закрыто и не реализовано,2026-06-23T11:42:08.000Z,13216486,Admin (тех. аккаунт)
41890532,84174870,Неразобранное,143,Закрыто и не реализовано,2026-06-23T11:42:08.000Z,13216486,Admin (тех. аккаунт)
41890376,84180098,INSTAGRAM неразобранное,143,Закрыто и не реализовано,2026-06-23T11:42:08.000Z,13216486,Admin (тех. аккаунт)
41889380,84174870,Неразобранное,143,Закрыто и не реализовано,2026-06-23T11:42:08.000Z,13216486,Admin (тех. аккаунт)
41889332,84180098,INSTAGRAM неразобранное,143,Закрыто и не реализовано,2026-06-23T11:42:07.000Z,13216486,Admin (тех. аккаунт)
41888398,84174870,Неразобранное,143,Закрыто и не реализовано,2026-06-23T11:42:07.000Z,13216486,Admin (тех. аккаунт)
41884581,84180098,INSTAGRAM неразобранное,143,Закрыто и не реализовано,2026-06-23T11:42:07.000Z,13216486,Admin (тех. аккаунт)
41887740,84180098,INSTAGRAM неразобранное,143,Закрыто и не реализовано,2026-06-23T11:42:07.000Z,13216486,Admin (тех. аккаунт)
41886464,84180098,INSTAGRAM неразобранное,143,Закрыто и не реализовано,2026-06-23T11:42:07.000Z,13216486,Admin (тех. аккаунт)
41885286,84180098,INSTAGRAM неразобранное,143,Закрыто и не реализовано,2026-06-23T11:42:07.000Z,13216486,Admin (тех. аккаунт)
41885050,84180098,INSTAGRAM неразобранное,143,Закрыто и не реализовано,2026-06-23T11:42:07.000Z,13216486,Admin (тех. аккаунт)
41883907,84174870,Неразобранное,143,Закрыто и не реализовано,2026-06-23T11:42:06.000Z,13216486,Admin (тех. аккаунт)
41883373,84180098,INSTAGRAM неразобранное,143,Закрыто и не реализовано,2026-06-23T11:42:06.000Z,13216486,Admin (тех. аккаунт)
41882939,84180098,INSTAGRAM неразобранное,143,Закрыто и не реализовано,2026-06-23T11:42:06.000Z,13216486,Admin (тех. аккаунт)
41882617,84180098,INSTAGRAM неразобранное,143,Закрыто и не реализовано,2026-06-23T11:42:06.000Z,13216486,Admin (тех. аккаунт)
41881533,84174870,Неразобранное,143,Закрыто и не реализовано,2026-06-23T11:42:06.000Z,13216486,Admin (тех. аккаунт)
41873743,84174870,Неразобранное,143,Закрыто и не реализовано,2026-06-23T11:42:06.000Z,13216486,Admin (тех. аккаунт)
41878765,84174870,Неразобранное,143,Закрыто и не реализовано,2026-06-23T11:42:06.000Z,13216486,Admin (тех. аккаунт)
41875367,84180098,INSTAGRAM неразобранное,143,Закрыто и не реализовано,2026-06-23T11:42:06.000Z,13216486,Admin (тех. аккаунт)
41871859,84174870,Неразобранное,143,Закрыто и не реализовано,2026-06-23T11:42:05.000Z,13216486,Admin (тех. аккаунт)
41871679,84180098,INSTAGRAM неразобранное,143,Закрыто и не реализовано,2026-06-23T11:42:05.000Z,13216486,Admin (тех. аккаунт)
41871639,84180098,INSTAGRAM неразобранное,143,Закрыто и не реализовано,2026-06-23T11:42:05.000Z,13216486,Admin (тех. аккаунт)
41871575,84180098,INSTAGRAM неразобранное,143,Закрыто и не реализовано,2026-06-23T11:42:05.000Z,13216486,Admin (тех. аккаунт)
41870331,84180098,INSTAGRAM неразобранное,143,Закрыто и не реализовано,2026-06-23T11:42:05.000Z,13216486,Admin (тех. аккаунт)
41869941,84180098,INSTAGRAM неразобранное,143,Закрыто и не реализовано,2026-06-23T11:42:05.000Z,13216486,Admin (тех. аккаунт)
41869101,84180098,INSTAGRAM неразобранное,143,Закрыто и не реализовано,2026-06-23T11:42:05.000Z,13216486,Admin (тех. аккаунт)
41868649,84180098,INSTAGRAM неразобранное,143,Закрыто и не реализовано,2026-06-23T11:42:05.000Z,13216486,Admin (тех. аккаунт)
41867947,84180098,INSTAGRAM неразобранное,143,Закрыто и не реализовано,2026-06-23T11:42:05.000Z,13216486,Admin (тех. аккаунт)
41867739,84180098,INSTAGRAM неразобранное,143,Закрыто и не реализовано,2026-06-23T11:42:05.000Z,13216486,Admin (тех. аккаунт)
41865421,84180098,INSTAGRAM неразобранное,143,Закрыто и не реализовано,2026-06-23T11:42:04.000Z,13216486,Admin (тех. аккаунт)
41864983,84180098,INSTAGRAM неразобранное,143,Закрыто и не реализовано,2026-06-23T11:42:04.000Z,13216486,Admin (тех. аккаунт)
41864791,84180098,INSTAGRAM неразобранное,143,Закрыто и не реализовано,2026-06-23T11:42:04.000Z,13216486,Admin (тех. аккаунт)
41864783,84180098,INSTAGRAM неразобранное,143,Закрыто и не реализовано,2026-06-23T11:42:04.000Z,13216486,Admin (тех. аккаунт)
41864517,84174870,Неразобранное,143,Закрыто и не реализовано,2026-06-23T11:42:04.000Z,13216486,Admin (тех. аккаунт)
41861863,84174870,Неразобранное,143,Закрыто и не реализовано,2026-06-23T11:42:04.000Z,13216486,Admin (тех. аккаунт)
41859343,84180098,INSTAGRAM неразобранное,143,Закрыто и не реализовано,2026-06-23T11:42:04.000Z,13216486,Admin (тех. аккаунт)
41858747,84180098,INSTAGRAM неразобранное,143,Закрыто и не реализовано,2026-06-23T11:42:03.000Z,13216486,Admin (тех. аккаунт)
41857595,84180098,INSTAGRAM неразобранное,143,Закрыто и не реализовано,2026-06-23T11:42:03.000Z,13216486,Admin (тех. аккаунт)
41856665,84180098,INSTAGRAM неразобранное,143,Закрыто и не реализовано,2026-06-23T11:42:03.000Z,13216486,Admin (тех. аккаунт)
41856335,84180098,INSTAGRAM неразобранное,143,Закрыто и не реализовано,2026-06-23T11:42:03.000Z,13216486,Admin (тех. аккаунт)
41856009,84180098,INSTAGRAM неразобранное,143,Закрыто и не реализовано,2026-06-23T11:42:03.000Z,13216486,Admin (тех. аккаунт)
41855895,84180098,INSTAGRAM неразобранное,143,Закрыто и не реализовано,2026-06-23T11:42:03.000Z,13216486,Admin (тех. аккаунт)
41855085,84174870,Неразобранное,143,Закрыто и не реализовано,2026-06-23T11:42:03.000Z,13216486,Admin (тех. аккаунт)
41854845,84180098,INSTAGRAM неразобранное,143,Закрыто и не реализовано,2026-06-23T11:42:03.000Z,13216486,Admin (тех. аккаунт)
41854653,84180098,INSTAGRAM неразобранное,143,Закрыто и не реализовано,2026-06-23T11:42:02.000Z,13216486,Admin (тех. аккаунт)
41851661,84180098,INSTAGRAM неразобранное,143,Закрыто и не реализовано,2026-06-23T11:42:02.000Z,13216486,Admin (тех. аккаунт)
41850893,84180098,INSTAGRAM неразобранное,143,Закрыто и не реализовано,2026-06-23T11:42:02.000Z,13216486,Admin (тех. аккаунт)
41931861,84180098,INSTAGRAM неразобранное,143,Закрыто и не реализовано,2026-06-23T11:42:02.000Z,13216486,Admin (тех. аккаунт)
41931105,84180098,INSTAGRAM неразобранное,143,Закрыто и не реализовано,2026-06-23T11:42:02.000Z,13216486,Admin (тех. аккаунт)
41930445,84174870,Неразобранное,143,Закрыто и не реализовано,2026-06-23T11:42:02.000Z,13216486,Admin (тех. аккаунт)
41930075,84174870,Неразобранное,143,Закрыто и не реализовано,2026-06-23T11:42:02.000Z,13216486,Admin (тех. аккаунт)
41928623,84174870,Неразобранное,143,Закрыто и не реализовано,2026-06-23T11:42:02.000Z,13216486,Admin (тех. аккаунт)
41928141,84180098,INSTAGRAM неразобранное,143,Закрыто и не реализовано,2026-06-23T11:42:01.000Z,13216486,Admin (тех. аккаунт)
41926635,84174870,Неразобранное,143,Закрыто и не реализовано,2026-06-23T11:42:01.000Z,13216486,Admin (тех. аккаунт)
41925997,84180098,INSTAGRAM неразобранное,143,Закрыто и не реализовано,2026-06-23T11:42:01.000Z,13216486,Admin (тех. аккаунт)
41925401,84174870,Неразобранное,143,Закрыто и не реализовано,2026-06-23T11:42:01.000Z,13216486,Admin (тех. аккаунт)
41925099,84180098,INSTAGRAM неразобранное,143,Закрыто и не реализовано,2026-06-23T11:42:01.000Z,13216486,Admin (тех. аккаунт)
41924883,84174870,Неразобранное,143,Закрыто и не реализовано,2026-06-23T11:42:01.000Z,13216486,Admin (тех. аккаунт)
41924627,84174870,Неразобранное,143,Закрыто и не реализовано,2026-06-23T11:42:00.000Z,13216486,Admin (тех. аккаунт)
41923533,84180098,INSTAGRAM неразобранное,143,Закрыто и не реализовано,2026-06-23T11:42:00.000Z,13216486,Admin (тех. аккаунт)
41921415,84180098,INSTAGRAM неразобранное,143,Закрыто и не реализовано,2026-06-23T11:42:00.000Z,13216486,Admin (тех. аккаунт)
41921395,84180098,INSTAGRAM неразобранное,143,Закрыто и не реализовано,2026-06-23T11:42:00.000Z,13216486,Admin (тех. аккаунт)
41919661,84180098,INSTAGRAM неразобранное,143,Закрыто и не реализовано,2026-06-23T11:42:00.000Z,13216486,Admin (тех. аккаунт)
41919239,84180098,INSTAGRAM неразобранное,143,Закрыто и не реализовано,2026-06-23T11:42:00.000Z,13216486,Admin (тех. аккаунт)
41918079,84180098,INSTAGRAM неразобранное,143,Закрыто и не реализовано,2026-06-23T11:42:00.000Z,13216486,Admin (тех. аккаунт)
41916615,84180098,INSTAGRAM неразобранное,143,Закрыто и не реализовано,2026-06-23T11:41:59.000Z,13216486,Admin (тех. аккаунт)
41907743,84180098,INSTAGRAM неразобранное,143,Закрыто и не реализовано,2026-06-23T11:41:59.000Z,13216486,Admin (тех. аккаунт)
41916511,84180098,INSTAGRAM неразобранное,143,Закрыто и не реализовано,2026-06-23T11:41:59.000Z,13216486,Admin (тех. аккаунт)
41915973,84180098,INSTAGRAM неразобранное,143,Закрыто и не реализовано,2026-06-23T11:41:59.000Z,13216486,Admin (тех. аккаунт)
41915391,84174870,Неразобранное,143,Закрыто и не реализовано,2026-06-23T11:41:59.000Z,13216486,Admin (тех. аккаунт)
41914711,84180098,INSTAGRAM неразобранное,143,Закрыто и не реализовано,2026-06-23T11:41:59.000Z,13216486,Admin (тех. аккаунт)
41914399,84180098,INSTAGRAM неразобранное,143,Закрыто и не реализовано,2026-06-23T11:41:59.000Z,13216486,Admin (тех. аккаунт)
41913159,84180098,INSTAGRAM неразобранное,143,Закрыто и не реализовано,2026-06-23T11:41:59.000Z,13216486,Admin (тех. аккаунт)
41910769,84180098,INSTAGRAM неразобранное,143,Закрыто и не реализовано,2026-06-23T11:41:59.000Z,13216486,Admin (тех. аккаунт)
41910415,84180098,INSTAGRAM неразобранное,143,Закрыто и не реализовано,2026-06-23T11:41:59.000Z,13216486,Admin (тех. аккаунт)
41906593,84174870,Неразобранное,143,Закрыто и не реализовано,2026-06-23T11:41:59.000Z,13216486,Admin (тех. аккаунт)
41909591,84180098,INSTAGRAM неразобранное,143,Закрыто и не реализовано,2026-06-23T11:41:59.000Z,13216486,Admin (тех. аккаунт)
41908229,84180098,INSTAGRAM неразобранное,143,Закрыто и не реализовано,2026-06-23T11:41:59.000Z,13216486,Admin (тех. аккаунт)
41906533,84180098,INSTAGRAM неразобранное,143,Закрыто и не реализовано,2026-06-23T11:41:58.000Z,13216486,Admin (тех. аккаунт)
41906503,84180098,INSTAGRAM неразобранное,143,Закрыто и не реализовано,2026-06-23T11:41:58.000Z,13216486,Admin (тех. аккаунт)
41905829,84180098,INSTAGRAM неразобранное,143,Закрыто и не реализовано,2026-06-23T11:41:58.000Z,13216486,Admin (тех. аккаунт)
41905501,84174870,Неразобранное,143,Закрыто и не реализовано,2026-06-23T11:41:58.000Z,13216486,Admin (тех. аккаунт)
41903821,84180098,INSTAGRAM неразобранное,143,Закрыто и не реализовано,2026-06-23T11:41:57.000Z,13216486,Admin (тех. аккаунт)
41902617,84174934,Бронирование (Предзаказ),143,Закрыто и не реализовано,2026-06-23T11:41:57.000Z,13216486,Admin (тех. аккаунт)
41902375,84174870,Неразобранное,143,Закрыто и не реализовано,2026-06-23T11:41:57.000Z,13216486,Admin (тех. аккаунт)
41901329,84180098,INSTAGRAM неразобранное,143,Закрыто и не реализовано,2026-06-23T11:41:57.000Z,13216486,Admin (тех. аккаунт)
41900959,84180098,INSTAGRAM неразобранное,143,Закрыто и не реализовано,2026-06-23T11:41:57.000Z,13216486,Admin (тех. аккаунт)
41900709,84180098,INSTAGRAM неразобранное,143,Закрыто и не реализовано,2026-06-23T11:41:57.000Z,13216486,Admin (тех. аккаунт)
41900465,84174870,Неразобранное,143,Закрыто и не реализовано,2026-06-23T11:41:57.000Z,13216486,Admin (тех. аккаунт)
41900073,84180098,INSTAGRAM неразобранное,143,Закрыто и не реализовано,2026-06-23T11:41:56.000Z,13216486,Admin (тех. аккаунт)
41898009,84180098,INSTAGRAM неразобранное,143,Закрыто и не реализовано,2026-06-23T11:41:56.000Z,13216486,Admin (тех. аккаунт)
41897345,84174870,Неразобранное,143,Закрыто и не реализовано,2026-06-23T11:41:56.000Z,13216486,Admin (тех. аккаунт)
41897313,84180098,INSTAGRAM неразобранное,143,Закрыто и не реализовано,2026-06-23T11:41:56.000Z,13216486,Admin (тех. аккаунт)
41978533,84174870,Неразобранное,143,Закрыто и не реализовано,2026-06-23T11:41:56.000Z,13216486,Admin (тех. аккаунт)
41896281,84180098,INSTAGRAM неразобранное,143,Закрыто и не реализовано,2026-06-23T11:41:56.000Z,13216486,Admin (тех. аккаунт)
41895666,84180098,INSTAGRAM неразобранное,143,Закрыто и не реализовано,2026-06-23T11:41:56.000Z,13216486,Admin (тех. аккаунт)
41895638,84180098,INSTAGRAM неразобранное,143,Закрыто и не реализовано,2026-06-23T11:41:56.000Z,13216486,Admin (тех. аккаунт)
41895196,84180098,INSTAGRAM неразобранное,143,Закрыто и не реализовано,2026-06-23T11:41:56.000Z,13216486,Admin (тех. аккаунт)
41978943,84174870,Неразобранное,143,Закрыто и не реализовано,2026-06-23T11:41:56.000Z,13216486,Admin (тех. аккаунт)
41978523,84174870,Неразобранное,143,Закрыто и не реализовано,2026-06-23T11:41:55.000Z,13216486,Admin (тех. аккаунт)
41968913,84174870,Неразобранное,143,Закрыто и не реализовано,2026-06-23T11:41:55.000Z,13216486,Admin (тех. аккаунт)
41970351,84174870,Неразобранное,143,Закрыто и не реализовано,2026-06-23T11:41:55.000Z,13216486,Admin (тех. аккаунт)
41969593,84174870,Неразобранное,143,Закрыто и не реализовано,2026-06-23T11:41:55.000Z,13216486,Admin (тех. аккаунт)
41968379,84174870,Неразобранное,143,Закрыто и не реализовано,2026-06-23T11:41:54.000Z,13216486,Admin (тех. аккаунт)
41964349,84174870,Неразобранное,143,Закрыто и не реализовано,2026-06-23T11:41:54.000Z,13216486,Admin (тех. аккаунт)
41964079,84180098,INSTAGRAM неразобранное,143,Закрыто и не реализовано,2026-06-23T11:41:54.000Z,13216486,Admin (тех. аккаунт)
41963883,84174870,Неразобранное,143,Закрыто и не реализовано,2026-06-23T11:41:54.000Z,13216486,Admin (тех. аккаунт)
41960245,84180098,INSTAGRAM неразобранное,143,Закрыто и не реализовано,2026-06-23T11:41:53.000Z,13216486,Admin (тех. аккаунт)
41963375,84180098,INSTAGRAM неразобранное,143,Закрыто и не реализовано,2026-06-23T11:41:53.000Z,13216486,Admin (тех. аккаунт)
41962511,84174870,Неразобранное,143,Закрыто и не реализовано,2026-06-23T11:41:53.000Z,13216486,Admin (тех. аккаунт)
41962509,84180098,INSTAGRAM неразобранное,143,Закрыто и не реализовано,2026-06-23T11:41:53.000Z,13216486,Admin (тех. аккаунт)
41962147,84174870,Неразобранное,143,Закрыто и не реализовано,2026-06-23T11:41:53.000Z,13216486,Admin (тех. аккаунт)
41961519,84180098,INSTAGRAM неразобранное,143,Закрыто и не реализовано,2026-06-23T11:41:53.000Z,13216486,Admin (тех. аккаунт)
41960771,84180098,INSTAGRAM неразобранное,143,Закрыто и не реализовано,2026-06-23T11:41:53.000Z,13216486,Admin (тех. аккаунт)
41959183,84174870,Неразобранное,143,Закрыто и не реализовано,2026-06-23T11:41:52.000Z,13216486,Admin (тех. аккаунт)
41958755,84174870,Неразобранное,143,Закрыто и не реализовано,2026-06-23T11:41:52.000Z,13216486,Admin (тех. аккаунт)
41957997,84180098,INSTAGRAM неразобранное,143,Закрыто и не реализовано,2026-06-23T11:41:52.000Z,13216486,Admin (тех. аккаунт)
41943357,84180098,INSTAGRAM неразобранное,143,Закрыто и не реализовано,2026-06-23T11:41:52.000Z,13216486,Admin (тех. аккаунт)
41957765,84180098,INSTAGRAM неразобранное,143,Закрыто и не реализовано,2026-06-23T11:41:52.000Z,13216486,Admin (тех. аккаунт)
41957613,84180098,INSTAGRAM неразобранное,143,Закрыто и не реализовано,2026-06-23T11:41:52.000Z,13216486,Admin (тех. аккаунт)
41956501,84180098,INSTAGRAM неразобранное,143,Закрыто и не реализовано,2026-06-23T11:41:52.000Z,13216486,Admin (тех. аккаунт)
41944587,84180098,INSTAGRAM неразобранное,143,Закрыто и не реализовано,2026-06-23T11:41:52.000Z,13216486,Admin (тех. аккаунт)
41944349,84180098,INSTAGRAM неразобранное,143,Закрыто и не реализовано,2026-06-23T11:41:52.000Z,13216486,Admin (тех. аккаунт)
41943551,84180098,INSTAGRAM неразобранное,143,Закрыто и не реализовано,2026-06-23T11:41:52.000Z,13216486,Admin (тех. аккаунт)
41941629,84180098,INSTAGRAM неразобранное,143,Закрыто и не реализовано,2026-06-23T11:41:51.000Z,13216486,Admin (тех. аккаунт)
41941369,84180098,INSTAGRAM неразобранное,143,Закрыто и не реализовано,2026-06-23T11:41:51.000Z,13216486,Admin (тех. аккаунт)
41940781,84174870,Неразобранное,143,Закрыто и не реализовано,2026-06-23T11:41:51.000Z,13216486,Admin (тех. аккаунт)
41940741,84174870,Неразобранное,143,Закрыто и не реализовано,2026-06-23T11:41:51.000Z,13216486,Admin (тех. аккаунт)
41939665,84180098,INSTAGRAM неразобранное,143,Закрыто и не реализовано,2026-06-23T11:41:51.000Z,13216486,Admin (тех. аккаунт)
41940553,84180098,INSTAGRAM неразобранное,143,Закрыто и не реализовано,2026-06-23T11:41:51.000Z,13216486,Admin (тех. аккаунт)
41940415,84180098,INSTAGRAM неразобранное,143,Закрыто и не реализовано,2026-06-23T11:41:51.000Z,13216486,Admin (тех. аккаунт)
41940183,84174870,Неразобранное,143,Закрыто и не реализовано,2026-06-23T11:41:51.000Z,13216486,Admin (тех. аккаунт)
41939585,84180098,INSTAGRAM неразобранное,143,Закрыто и не реализовано,2026-06-23T11:41:50.000Z,13216486,Admin (тех. аккаунт)
41939501,84180098,INSTAGRAM неразобранное,143,Закрыто и не реализовано,2026-06-23T11:41:50.000Z,13216486,Admin (тех. аккаунт)
41937933,84180098,INSTAGRAM неразобранное,143,Закрыто и не реализовано,2026-06-23T11:41:50.000Z,13216486,Admin (тех. аккаунт)
41937871,84180098,INSTAGRAM неразобранное,143,Закрыто и не реализовано,2026-06-23T11:41:50.000Z,13216486,Admin (тех. аккаунт)
41937713,84180098,INSTAGRAM неразобранное,143,Закрыто и не реализовано,2026-06-23T11:41:50.000Z,13216486,Admin (тех. аккаунт)
41937527,84180098,INSTAGRAM неразобранное,143,Закрыто и не реализовано,2026-06-23T11:41:50.000Z,13216486,Admin (тех. аккаунт)
41937379,84180098,INSTAGRAM неразобранное,143,Закрыто и не реализовано,2026-06-23T11:41:50.000Z,13216486,Admin (тех. аккаунт)
41936833,84180098,INSTAGRAM неразобранное,143,Закрыто и не реализовано,2026-06-23T11:41:50.000Z,13216486,Admin (тех. аккаунт)
41936093,84174870,Неразобранное,143,Закрыто и не реализовано,2026-06-23T11:41:50.000Z,13216486,Admin (тех. аккаунт)
41934271,84174870,Неразобранное,143,Закрыто и не реализовано,2026-06-23T11:41:49.000Z,13216486,Admin (тех. аккаунт)
41934265,84174870,Неразобранное,143,Закрыто и не реализовано,2026-06-23T11:41:49.000Z,13216486,Admin (тех. аккаунт)
41933749,84180098,INSTAGRAM неразобранное,143,Закрыто и не реализовано,2026-06-23T11:41:49.000Z,13216486,Admin (тех. аккаунт)
41932853,84180098,INSTAGRAM неразобранное,143,Закрыто и не реализовано,2026-06-23T11:41:49.000Z,13216486,Admin (тех. аккаунт)
41932755,84180098,INSTAGRAM неразобранное,143,Закрыто и не реализовано,2026-06-23T11:41:49.000Z,13216486,Admin (тех. аккаунт)
41932487,84180098,INSTAGRAM неразобранное,143,Закрыто и не реализовано,2026-06-23T11:41:48.000Z,13216486,Admin (тех. аккаунт)
42042727,84180098,INSTAGRAM неразобранное,143,Закрыто и не реализовано,2026-06-23T11:41:48.000Z,13216486,Admin (тех. аккаунт)
42041181,84174870,Неразобранное,143,Закрыто и не реализовано,2026-06-23T11:41:48.000Z,13216486,Admin (тех. аккаунт)
42038823,84180098,INSTAGRAM неразобранное,143,Закрыто и не реализовано,2026-06-23T11:41:48.000Z,13216486,Admin (тех. аккаунт)
42036579,84180098,INSTAGRAM неразобранное,143,Закрыто и не реализовано,2026-06-23T11:41:48.000Z,13216486,Admin (тех. аккаунт)
42036233,84180098,INSTAGRAM неразобранное,143,Закрыто и не реализовано,2026-06-23T11:41:48.000Z,13216486,Admin (тех. аккаунт)
42035889,84180098,INSTAGRAM неразобранное,143,Закрыто и не реализовано,2026-06-23T11:41:48.000Z,13216486,Admin (тех. аккаунт)
42033931,84180098,INSTAGRAM неразобранное,143,Закрыто и не реализовано,2026-06-23T11:41:48.000Z,13216486,Admin (тех. аккаунт)
42033913,84174870,Неразобранное,143,Закрыто и не реализовано,2026-06-23T11:41:47.000Z,13216486,Admin (тех. аккаунт)
42033653,84180098,INSTAGRAM неразобранное,143,Закрыто и не реализовано,2026-06-23T11:41:47.000Z,13216486,Admin (тех. аккаунт)
42033103,84180098,INSTAGRAM неразобранное,143,Закрыто и не реализовано,2026-06-23T11:41:47.000Z,13216486,Admin (тех. аккаунт)
42032809,84180098,INSTAGRAM неразобранное,143,Закрыто и не реализовано,2026-06-23T11:41:47.000Z,13216486,Admin (тех. аккаунт)
42032393,84180098,INSTAGRAM неразобранное,143,Закрыто и не реализовано,2026-06-23T11:41:47.000Z,13216486,Admin (тех. аккаунт)
42032315,84180098,INSTAGRAM неразобранное,143,Закрыто и не реализовано,2026-06-23T11:41:47.000Z,13216486,Admin (тех. аккаунт)
42031997,84174870,Неразобранное,143,Закрыто и не реализовано,2026-06-23T11:41:47.000Z,13216486,Admin (тех. аккаунт)
42031745,84180098,INSTAGRAM неразобранное,143,Закрыто и не реализовано,2026-06-23T11:41:46.000Z,13216486,Admin (тех. аккаунт)
42030683,84180098,INSTAGRAM неразобранное,143,Закрыто и не реализовано,2026-06-23T11:41:46.000Z,13216486,Admin (тех. аккаунт)
42030101,84180098,INSTAGRAM неразобранное,143,Закрыто и не реализовано,2026-06-23T11:41:46.000Z,13216486,Admin (тех. аккаунт)
42029667,84180098,INSTAGRAM неразобранное,143,Закрыто и не реализовано,2026-06-23T11:41:46.000Z,13216486,Admin (тех. аккаунт)
42029409,84174870,Неразобранное,143,Закрыто и не реализовано,2026-06-23T11:41:46.000Z,13216486,Admin (тех. аккаунт)
42027233,84174870,Неразобранное,143,Закрыто и не реализовано,2026-06-23T11:41:46.000Z,13216486,Admin (тех. аккаунт)
42029355,84174870,Неразобранное,143,Закрыто и не реализовано,2026-06-23T11:41:46.000Z,13216486,Admin (тех. аккаунт)
42028687,84180098,INSTAGRAM неразобранное,143,Закрыто и не реализовано,2026-06-23T11:41:46.000Z,13216486,Admin (тех. аккаунт)
42028297,84174870,Неразобранное,143,Закрыто и не реализовано,2026-06-23T11:41:46.000Z,13216486,Admin (тех. аккаунт)
42027063,84180098,INSTAGRAM неразобранное,143,Закрыто и не реализовано,2026-06-23T11:41:45.000Z,13216486,Admin (тех. аккаунт)
42026955,84180098,INSTAGRAM неразобранное,143,Закрыто и не реализовано,2026-06-23T11:41:45.000Z,13216486,Admin (тех. аккаунт)
42026873,84180098,INSTAGRAM неразобранное,143,Закрыто и не реализовано,2026-06-23T11:41:45.000Z,13216486,Admin (тех. аккаунт)
42026637,84180098,INSTAGRAM неразобранное,143,Закрыто и не реализовано,2026-06-23T11:41:45.000Z,13216486,Admin (тех. аккаунт)
42026493,84180098,INSTAGRAM неразобранное,143,Закрыто и не реализовано,2026-06-23T11:41:45.000Z,13216486,Admin (тех. аккаунт)
42024633,84180098,INSTAGRAM неразобранное,143,Закрыто и не реализовано,2026-06-23T11:41:45.000Z,13216486,Admin (тех. аккаунт)
42026377,84174870,Неразобранное,143,Закрыто и не реализовано,2026-06-23T11:41:45.000Z,13216486,Admin (тех. аккаунт)
42026237,84180098,INSTAGRAM неразобранное,143,Закрыто и не реализовано,2026-06-23T11:41:45.000Z,13216486,Admin (тех. аккаунт)
42025551,84180098,INSTAGRAM неразобранное,143,Закрыто и не реализовано,2026-06-23T11:41:45.000Z,13216486,Admin (тех. аккаунт)
42025167,84174870,Неразобранное,143,Закрыто и не реализовано,2026-06-23T11:41:45.000Z,13216486,Admin (тех. аккаунт)
42023971,84174870,Неразобранное,143,Закрыто и не реализовано,2026-06-23T11:41:44.000Z,13216486,Admin (тех. аккаунт)
42023547,84180098,INSTAGRAM неразобранное,143,Закрыто и не реализовано,2026-06-23T11:41:44.000Z,13216486,Admin (тех. аккаунт)
42022473,84180098,INSTAGRAM неразобранное,143,Закрыто и не реализовано,2026-06-23T11:41:44.000Z,13216486,Admin (тех. аккаунт)
42022141,84180098,INSTAGRAM неразобранное,143,Закрыто и не реализовано,2026-06-23T11:41:44.000Z,13216486,Admin (тех. аккаунт)
42021797,84180098,INSTAGRAM неразобранное,143,Закрыто и не реализовано,2026-06-23T11:41:44.000Z,13216486,Admin (тех. аккаунт)
42021725,84174870,Неразобранное,143,Закрыто и не реализовано,2026-06-23T11:41:44.000Z,13216486,Admin (тех. аккаунт)
42021497,84180098,INSTAGRAM неразобранное,143,Закрыто и не реализовано,2026-06-23T11:41:44.000Z,13216486,Admin (тех. аккаунт)
42020171,84180098,INSTAGRAM неразобранное,143,Закрыто и не реализовано,2026-06-23T11:41:44.000Z,13216486,Admin (тех. аккаунт)
42020009,84180098,INSTAGRAM неразобранное,143,Закрыто и не реализовано,2026-06-23T11:41:44.000Z,13216486,Admin (тех. аккаунт)
42019585,84174870,Неразобранное,143,Закрыто и не реализовано,2026-06-23T11:41:43.000Z,13216486,Admin (тех. аккаунт)
42019377,84174870,Неразобранное,143,Закрыто и не реализовано,2026-06-23T11:41:43.000Z,13216486,Admin (тех. аккаунт)
42018613,84180098,INSTAGRAM неразобранное,143,Закрыто и не реализовано,2026-06-23T11:41:43.000Z,13216486,Admin (тех. аккаунт)
42009041,84180098,INSTAGRAM неразобранное,143,Закрыто и не реализовано,2026-06-23T11:41:43.000Z,13216486,Admin (тех. аккаунт)
42001713,84180098,INSTAGRAM неразобранное,143,Закрыто и не реализовано,2026-06-23T11:41:43.000Z,13216486,Admin (тех. аккаунт)
41998229,84174882,Назначение визита,143,Закрыто и не реализовано,2026-06-23T11:41:43.000Z,13216486,Admin (тех. аккаунт)
41982849,84180098,INSTAGRAM неразобранное,143,Закрыто и не реализовано,2026-06-23T11:41:43.000Z,13216486,Admin (тех. аккаунт)
41982015,84174870,Неразобранное,143,Закрыто и не реализовано,2026-06-23T11:41:43.000Z,13216486,Admin (тех. аккаунт)
42083583,84174870,Неразобранное,143,Закрыто и не реализовано,2026-06-23T11:41:42.000Z,13216486,Admin (тех. аккаунт)
42083335,84180098,INSTAGRAM неразобранное,143,Закрыто и не реализовано,2026-06-23T11:41:42.000Z,13216486,Admin (тех. аккаунт)
42083217,84180098,INSTAGRAM неразобранное,143,Закрыто и не реализовано,2026-06-23T11:41:42.000Z,13216486,Admin (тех. аккаунт)
42082945,84180098,INSTAGRAM неразобранное,143,Закрыто и не реализовано,2026-06-23T11:41:42.000Z,13216486,Admin (тех. аккаунт)
42082847,84180098,INSTAGRAM неразобранное,143,Закрыто и не реализовано,2026-06-23T11:41:42.000Z,13216486,Admin (тех. аккаунт)
42082557,84180098,INSTAGRAM неразобранное,143,Закрыто и не реализовано,2026-06-23T11:41:42.000Z,13216486,Admin (тех. аккаунт)
42082451,84174870,Неразобранное,143,Закрыто и не реализовано,2026-06-23T11:41:41.000Z,13216486,Admin (тех. аккаунт)
42081803,84180098,INSTAGRAM неразобранное,143,Закрыто и не реализовано,2026-06-23T11:41:41.000Z,13216486,Admin (тех. аккаунт)
42078389,84174870,Неразобранное,143,Закрыто и не реализовано,2026-06-23T11:41:41.000Z,13216486,Admin (тех. аккаунт)
42081423,84180098,INSTAGRAM неразобранное,143,Закрыто и не реализовано,2026-06-23T11:41:41.000Z,13216486,Admin (тех. аккаунт)
42081253,84180098,INSTAGRAM неразобранное,143,Закрыто и не реализовано,2026-06-23T11:41:41.000Z,13216486,Admin (тех. аккаунт)
42081143,84180098,INSTAGRAM неразобранное,143,Закрыто и не реализовано,2026-06-23T11:41:41.000Z,13216486,Admin (тех. аккаунт)
42080683,84180098,INSTAGRAM неразобранное,143,Закрыто и не реализовано,2026-06-23T11:41:41.000Z,13216486,Admin (тех. аккаунт)
42080417,84180098,INSTAGRAM неразобранное,143,Закрыто и не реализовано,2026-06-23T11:41:41.000Z,13216486,Admin (тех. аккаунт)
42080247,84180098,INSTAGRAM неразобранное,143,Закрыто и не реализовано,2026-06-23T11:41:41.000Z,13216486,Admin (тех. аккаунт)
42079543,84180098,INSTAGRAM неразобранное,143,Закрыто и не реализовано,2026-06-23T11:41:41.000Z,13216486,Admin (тех. аккаунт)
42078517,84180098,INSTAGRAM неразобранное,143,Закрыто и не реализовано,2026-06-23T11:41:41.000Z,13216486,Admin (тех. аккаунт)
42078483,84180098,INSTAGRAM неразобранное,143,Закрыто и не реализовано,2026-06-23T11:41:41.000Z,13216486,Admin (тех. аккаунт)
42078163,84180098,INSTAGRAM неразобранное,143,Закрыто и не реализовано,2026-06-23T11:41:40.000Z,13216486,Admin (тех. аккаунт)
42077389,84180098,INSTAGRAM неразобранное,143,Закрыто и не реализовано,2026-06-23T11:41:40.000Z,13216486,Admin (тех. аккаунт)
42077003,84180098,INSTAGRAM неразобранное,143,Закрыто и не реализовано,2026-06-23T11:41:40.000Z,13216486,Admin (тех. аккаунт)
42076723,84180098,INSTAGRAM неразобранное,143,Закрыто и не реализовано,2026-06-23T11:41:40.000Z,13216486,Admin (тех. аккаунт)
42075327,84174870,Неразобранное,143,Закрыто и не реализовано,2026-06-23T11:41:40.000Z,13216486,Admin (тех. аккаунт)
42073679,84180098,INSTAGRAM неразобранное,143,Закрыто и не реализовано,2026-06-23T11:41:40.000Z,13216486,Admin (тех. аккаунт)
42075103,84174870,Неразобранное,143,Закрыто и не реализовано,2026-06-23T11:41:40.000Z,13216486,Admin (тех. аккаунт)
42074007,84174870,Неразобранное,143,Закрыто и не реализовано,2026-06-23T11:41:40.000Z,13216486,Admin (тех. аккаунт)
42071805,84180098,INSTAGRAM неразобранное,143,Закрыто и не реализовано,2026-06-23T11:41:40.000Z,13216486,Admin (тех. аккаунт)
42068847,84180098,INSTAGRAM неразобранное,143,Закрыто и не реализовано,2026-06-23T11:41:39.000Z,13216486,Admin (тех. аккаунт)
42055909,84180098,INSTAGRAM неразобранное,143,Закрыто и не реализовано,2026-06-23T11:41:39.000Z,13216486,Admin (тех. аккаунт)
42068451,84174870,Неразобранное,143,Закрыто и не реализовано,2026-06-23T11:41:39.000Z,13216486,Admin (тех. аккаунт)
42063729,84180098,INSTAGRAM неразобранное,143,Закрыто и не реализовано,2026-06-23T11:41:39.000Z,13216486,Admin (тех. аккаунт)
42062399,84180098,INSTAGRAM неразобранное,143,Закрыто и не реализовано,2026-06-23T11:41:39.000Z,13216486,Admin (тех. аккаунт)
42062163,84180098,INSTAGRAM неразобранное,143,Закрыто и не реализовано,2026-06-23T11:41:39.000Z,13216486,Admin (тех. аккаунт)
42062079,84180098,INSTAGRAM неразобранное,143,Закрыто и не реализовано,2026-06-23T11:41:39.000Z,13216486,Admin (тех. аккаунт)
42061089,84180098,INSTAGRAM неразобранное,143,Закрыто и не реализовано,2026-06-23T11:41:39.000Z,13216486,Admin (тех. аккаунт)
42060221,84180098,INSTAGRAM неразобранное,143,Закрыто и не реализовано,2026-06-23T11:41:39.000Z,13216486,Admin (тех. аккаунт)
42055687,84180098,INSTAGRAM неразобранное,143,Закрыто и не реализовано,2026-06-23T11:41:39.000Z,13216486,Admin (тех. аккаунт)
42058461,84180098,INSTAGRAM неразобранное,143,Закрыто и не реализовано,2026-06-23T11:41:39.000Z,13216486,Admin (тех. аккаунт)
42056739,84180098,INSTAGRAM неразобранное,143,Закрыто и не реализовано,2026-06-23T11:41:39.000Z,13216486,Admin (тех. аккаунт)
42050489,84180098,INSTAGRAM неразобранное,143,Закрыто и не реализовано,2026-06-23T11:41:38.000Z,13216486,Admin (тех. аккаунт)
42050045,84180098,INSTAGRAM неразобранное,143,Закрыто и не реализовано,2026-06-23T11:41:38.000Z,13216486,Admin (тех. аккаунт)
42048489,84180098,INSTAGRAM неразобранное,143,Закрыто и не реализовано,2026-06-23T11:41:38.000Z,13216486,Admin (тех. аккаунт)
42048305,84180098,INSTAGRAM неразобранное,143,Закрыто и не реализовано,2026-06-23T11:41:38.000Z,13216486,Admin (тех. аккаунт)
42048139,84180098,INSTAGRAM неразобранное,143,Закрыто и не реализовано,2026-06-23T11:41:38.000Z,13216486,Admin (тех. аккаунт)
42047481,84180098,INSTAGRAM неразобранное,143,Закрыто и не реализовано,2026-06-23T11:41:38.000Z,13216486,Admin (тех. аккаунт)
42046829,84174870,Неразобранное,143,Закрыто и не реализовано,2026-06-23T11:41:38.000Z,13216486,Admin (тех. аккаунт)
42045277,84180098,INSTAGRAM неразобранное,143,Закрыто и не реализовано,2026-06-23T11:41:38.000Z,13216486,Admin (тех. аккаунт)
42045035,84180098,INSTAGRAM неразобранное,143,Закрыто и не реализовано,2026-06-23T11:41:38.000Z,13216486,Admin (тех. аккаунт)
42044041,84180098,INSTAGRAM неразобранное,143,Закрыто и не реализовано,2026-06-23T11:41:38.000Z,13216486,Admin (тех. аккаунт)
42042953,84180098,INSTAGRAM неразобранное,143,Закрыто и не реализовано,2026-06-23T11:41:38.000Z,13216486,Admin (тех. аккаунт)
42109015,84174870,Неразобранное,143,Закрыто и не реализовано,2026-06-23T11:41:37.000Z,13216486,Admin (тех. аккаунт)
42106299,84180098,INSTAGRAM неразобранное,143,Закрыто и не реализовано,2026-06-23T11:41:37.000Z,13216486,Admin (тех. аккаунт)
42109009,84174870,Неразобранное,143,Закрыто и не реализовано,2026-06-23T11:41:37.000Z,13216486,Admin (тех. аккаунт)
42108839,84180098,INSTAGRAM неразобранное,143,Закрыто и не реализовано,2026-06-23T11:41:37.000Z,13216486,Admin (тех. аккаунт)
42108287,84180098,INSTAGRAM неразобранное,143,Закрыто и не реализовано,2026-06-23T11:41:37.000Z,13216486,Admin (тех. аккаунт)
42107809,84180098,INSTAGRAM неразобранное,143,Закрыто и не реализовано,2026-06-23T11:41:37.000Z,13216486,Admin (тех. аккаунт)
42106161,84180098,INSTAGRAM неразобранное,143,Закрыто и не реализовано,2026-06-23T11:41:37.000Z,13216486,Admin (тех. аккаунт)
42107401,84180098,INSTAGRAM неразобранное,143,Закрыто и не реализовано,2026-06-23T11:41:37.000Z,13216486,Admin (тех. аккаунт)
42104803,84180098,INSTAGRAM неразобранное,143,Закрыто и не реализовано,2026-06-23T11:41:36.000Z,13216486,Admin (тех. аккаунт)
42104715,84174870,Неразобранное,143,Закрыто и не реализовано,2026-06-23T11:41:36.000Z,13216486,Admin (тех. аккаунт)
42104355,84174870,Неразобранное,143,Закрыто и не реализовано,2026-06-23T11:41:36.000Z,13216486,Admin (тех. аккаунт)
42101675,84180098,INSTAGRAM неразобранное,143,Закрыто и не реализовано,2026-06-23T11:41:36.000Z,13216486,Admin (тех. аккаунт)
42103247,84180098,INSTAGRAM неразобранное,143,Закрыто и не реализовано,2026-06-23T11:41:36.000Z,13216486,Admin (тех. аккаунт)
42103231,84174870,Неразобранное,143,Закрыто и не реализовано,2026-06-23T11:41:36.000Z,13216486,Admin (тех. аккаунт)
42102143,84180098,INSTAGRAM неразобранное,143,Закрыто и не реализовано,2026-06-23T11:41:36.000Z,13216486,Admin (тех. аккаунт)
42096325,84174870,Неразобранное,143,Закрыто и не реализовано,2026-06-23T11:41:35.000Z,13216486,Admin (тех. аккаунт)
42095323,84180098,INSTAGRAM неразобранное,143,Закрыто и не реализовано,2026-06-23T11:41:35.000Z,13216486,Admin (тех. аккаунт)
42096237,84174870,Неразобранное,143,Закрыто и не реализовано,2026-06-23T11:41:35.000Z,13216486,Admin (тех. аккаунт)
42096235,84174870,Неразобранное,143,Закрыто и не реализовано,2026-06-23T11:41:35.000Z,13216486,Admin (тех. аккаунт)
42095223,84174870,Неразобранное,143,Закрыто и не реализовано,2026-06-23T11:41:35.000Z,13216486,Admin (тех. аккаунт)
42096065,84180098,INSTAGRAM неразобранное,143,Закрыто и не реализовано,2026-06-23T11:41:35.000Z,13216486,Admin (тех. аккаунт)
42095593,84174870,Неразобранное,143,Закрыто и не реализовано,2026-06-23T11:41:35.000Z,13216486,Admin (тех. аккаунт)
42095505,84180098,INSTAGRAM неразобранное,143,Закрыто и не реализовано,2026-06-23T11:41:35.000Z,13216486,Admin (тех. аккаунт)
42095443,84180098,INSTAGRAM неразобранное,143,Закрыто и не реализовано,2026-06-23T11:41:35.000Z,13216486,Admin (тех. аккаунт)
42095093,84180098,INSTAGRAM неразобранное,143,Закрыто и не реализовано,2026-06-23T11:41:34.000Z,13216486,Admin (тех. аккаунт)
42094829,84174870,Неразобранное,143,Закрыто и не реализовано,2026-06-23T11:41:34.000Z,13216486,Admin (тех. аккаунт)
42092785,84180098,INSTAGRAM неразобранное,143,Закрыто и не реализовано,2026-06-23T11:41:34.000Z,13216486,Admin (тех. аккаунт)
42092017,84180098,INSTAGRAM неразобранное,143,Закрыто и не реализовано,2026-06-23T11:41:34.000Z,13216486,Admin (тех. аккаунт)
42089929,84180098,INSTAGRAM неразобранное,143,Закрыто и не реализовано,2026-06-23T11:41:34.000Z,13216486,Admin (тех. аккаунт)
42089895,84180098,INSTAGRAM неразобранное,143,Закрыто и не реализовано,2026-06-23T11:41:34.000Z,13216486,Admin (тех. аккаунт)
42089745,84180098,INSTAGRAM неразобранное,143,Закрыто и не реализовано,2026-06-23T11:41:34.000Z,13216486,Admin (тех. аккаунт)
42089381,84180098,INSTAGRAM неразобранное,143,Закрыто и не реализовано,2026-06-23T11:41:33.000Z,13216486,Admin (тех. аккаунт)
42089315,84174870,Неразобранное,143,Закрыто и не реализовано,2026-06-23T11:41:33.000Z,13216486,Admin (тех. аккаунт)
42088643,84180098,INSTAGRAM неразобранное,143,Закрыто и не реализовано,2026-06-23T11:41:33.000Z,13216486,Admin (тех. аккаунт)
42087925,84180098,INSTAGRAM неразобранное,143,Закрыто и не реализовано,2026-06-23T11:41:33.000Z,13216486,Admin (тех. аккаунт)
42087867,84180098,INSTAGRAM неразобранное,143,Закрыто и не реализовано,2026-06-23T11:41:33.000Z,13216486,Admin (тех. аккаунт)
42087805,84180098,INSTAGRAM неразобранное,143,Закрыто и не реализовано,2026-06-23T11:41:33.000Z,13216486,Admin (тех. аккаунт)
42087375,84180098,INSTAGRAM неразобранное,143,Закрыто и не реализовано,2026-06-23T11:41:33.000Z,13216486,Admin (тех. аккаунт)
42087237,84174870,Неразобранное,143,Закрыто и не реализовано,2026-06-23T11:41:33.000Z,13216486,Admin (тех. аккаунт)
42086181,84180098,INSTAGRAM неразобранное,143,Закрыто и не реализовано,2026-06-23T11:41:32.000Z,13216486,Admin (тех. аккаунт)
42085851,84180098,INSTAGRAM неразобранное,143,Закрыто и не реализовано,2026-06-23T11:41:32.000Z,13216486,Admin (тех. аккаунт)
42085759,84180098,INSTAGRAM неразобранное,143,Закрыто и не реализовано,2026-06-23T11:41:32.000Z,13216486,Admin (тех. аккаунт)
42085617,84180098,INSTAGRAM неразобранное,143,Закрыто и не реализовано,2026-06-23T11:41:32.000Z,13216486,Admin (тех. аккаунт)
42084461,84180098,INSTAGRAM неразобранное,143,Закрыто и не реализовано,2026-06-23T11:41:32.000Z,13216486,Admin (тех. аккаунт)
42084025,84180098,INSTAGRAM неразобранное,143,Закрыто и не реализовано,2026-06-23T11:41:32.000Z,13216486,Admin (тех. аккаунт)
42084277,84174870,Неразобранное,143,Закрыто и не реализовано,2026-06-23T11:41:32.000Z,13216486,Admin (тех. аккаунт)
42084267,84180098,INSTAGRAM неразобранное,143,Закрыто и не реализовано,2026-06-23T11:41:32.000Z,13216486,Admin (тех. аккаунт)
42084231,84180098,INSTAGRAM неразобранное,143,Закрыто и не реализовано,2026-06-23T11:41:32.000Z,13216486,Admin (тех. аккаунт)
42084107,84180098,INSTAGRAM неразобранное,143,Закрыто и не реализовано,2026-06-23T11:41:32.000Z,13216486,Admin (тех. аккаунт)
42083735,84174870,Неразобранное,143,Закрыто и не реализовано,2026-06-23T11:41:31.000Z,13216486,Admin (тех. аккаунт)
42172009,84180098,INSTAGRAM неразобранное,143,Закрыто и не реализовано,2026-06-23T11:41:31.000Z,13216486,Admin (тех. аккаунт)
42171941,84180098,INSTAGRAM неразобранное,143,Закрыто и не реализовано,2026-06-23T11:41:31.000Z,13216486,Admin (тех. аккаунт)
42170733,84180098,INSTAGRAM неразобранное,143,Закрыто и не реализовано,2026-06-23T11:41:31.000Z,13216486,Admin (тех. аккаунт)
42170967,84174870,Неразобранное,143,Закрыто и не реализовано,2026-06-23T11:41:31.000Z,13216486,Admin (тех. аккаунт)
42164989,84180098,INSTAGRAM неразобранное,143,Закрыто и не реализовано,2026-06-23T11:41:30.000Z,13216486,Admin (тех. аккаунт)
42129583,84180098,INSTAGRAM неразобранное,143,Закрыто и не реализовано,2026-06-23T11:41:30.000Z,13216486,Admin (тех. аккаунт)
42154657,84180098,INSTAGRAM неразобранное,143,Закрыто и не реализовано,2026-06-23T11:41:30.000Z,13216486,Admin (тех. аккаунт)
42134039,84174870,Неразобранное,143,Закрыто и не реализовано,2026-06-23T11:41:30.000Z,13216486,Admin (тех. аккаунт)
42134017,84174870,Неразобранное,143,Закрыто и не реализовано,2026-06-23T11:41:30.000Z,13216486,Admin (тех. аккаунт)
42133511,84180098,INSTAGRAM неразобранное,143,Закрыто и не реализовано,2026-06-23T11:41:30.000Z,13216486,Admin (тех. аккаунт)
42129037,84180098,INSTAGRAM неразобранное,143,Закрыто и не реализовано,2026-06-23T11:41:30.000Z,13216486,Admin (тех. аккаунт)
42128931,84180098,INSTAGRAM неразобранное,143,Закрыто и не реализовано,2026-06-23T11:41:29.000Z,13216486,Admin (тех. аккаунт)
42124967,84180098,INSTAGRAM неразобранное,143,Закрыто и не реализовано,2026-06-23T11:41:29.000Z,13216486,Admin (тех. аккаунт)
42128789,84180098,INSTAGRAM неразобранное,143,Закрыто и не реализовано,2026-06-23T11:41:29.000Z,13216486,Admin (тех. аккаунт)
42127611,84174870,Неразобранное,143,Закрыто и не реализовано,2026-06-23T11:41:29.000Z,13216486,Admin (тех. аккаунт)
42127413,84180098,INSTAGRAM неразобранное,143,Закрыто и не реализовано,2026-06-23T11:41:29.000Z,13216486,Admin (тех. аккаунт)
42126167,84180098,INSTAGRAM неразобранное,143,Закрыто и не реализовано,2026-06-23T11:41:29.000Z,13216486,Admin (тех. аккаунт)
42125839,84180098,INSTAGRAM неразобранное,143,Закрыто и не реализовано,2026-06-23T11:41:29.000Z,13216486,Admin (тех. аккаунт)
42124937,84180098,INSTAGRAM неразобранное,143,Закрыто и не реализовано,2026-06-23T11:41:28.000Z,13216486,Admin (тех. аккаунт)
42124179,84180098,INSTAGRAM неразобранное,143,Закрыто и не реализовано,2026-06-23T11:41:28.000Z,13216486,Admin (тех. аккаунт)
42123313,84180098,INSTAGRAM неразобранное,143,Закрыто и не реализовано,2026-06-23T11:41:28.000Z,13216486,Admin (тех. аккаунт)
42123157,84180098,INSTAGRAM неразобранное,143,Закрыто и не реализовано,2026-06-23T11:41:28.000Z,13216486,Admin (тех. аккаунт)
42122051,84180098,INSTAGRAM неразобранное,143,Закрыто и не реализовано,2026-06-23T11:41:28.000Z,13216486,Admin (тех. аккаунт)
42121877,84174870,Неразобранное,143,Закрыто и не реализовано,2026-06-23T11:41:28.000Z,13216486,Admin (тех. аккаунт)
42121871,84180098,INSTAGRAM неразобранное,143,Закрыто и не реализовано,2026-06-23T11:41:28.000Z,13216486,Admin (тех. аккаунт)
42121315,84174870,Неразобранное,143,Закрыто и не реализовано,2026-06-23T11:41:28.000Z,13216486,Admin (тех. аккаунт)
42120895,84174870,Неразобранное,143,Закрыто и не реализовано,2026-06-23T11:41:27.000Z,13216486,Admin (тех. аккаунт)
42120541,84174870,Неразобранное,143,Закрыто и не реализовано,2026-06-23T11:41:27.000Z,13216486,Admin (тех. аккаунт)
42120203,84180098,INSTAGRAM неразобранное,143,Закрыто и не реализовано,2026-06-23T11:41:27.000Z,13216486,Admin (тех. аккаунт)
42119011,84180098,INSTAGRAM неразобранное,143,Закрыто и не реализовано,2026-06-23T11:41:27.000Z,13216486,Admin (тех. аккаунт)
42117181,84180098,INSTAGRAM неразобранное,143,Закрыто и не реализовано,2026-06-23T11:41:27.000Z,13216486,Admin (тех. аккаунт)
42116407,84174870,Неразобранное,143,Закрыто и не реализовано,2026-06-23T11:41:27.000Z,13216486,Admin (тех. аккаунт)
42116331,84180098,INSTAGRAM неразобранное,143,Закрыто и не реализовано,2026-06-23T11:41:26.000Z,13216486,Admin (тех. аккаунт)
42115865,84180098,INSTAGRAM неразобранное,143,Закрыто и не реализовано,2026-06-23T11:41:26.000Z,13216486,Admin (тех. аккаунт)
42115525,84180098,INSTAGRAM неразобранное,143,Закрыто и не реализовано,2026-06-23T11:41:26.000Z,13216486,Admin (тех. аккаунт)
42115259,84180098,INSTAGRAM неразобранное,143,Закрыто и не реализовано,2026-06-23T11:41:26.000Z,13216486,Admin (тех. аккаунт)
42115169,84180098,INSTAGRAM неразобранное,143,Закрыто и не реализовано,2026-06-23T11:41:26.000Z,13216486,Admin (тех. аккаунт)
42115155,84180098,INSTAGRAM неразобранное,143,Закрыто и не реализовано,2026-06-23T11:41:26.000Z,13216486,Admin (тех. аккаунт)
42114529,84180098,INSTAGRAM неразобранное,143,Закрыто и не реализовано,2026-06-23T11:41:26.000Z,13216486,Admin (тех. аккаунт)
42113923,84180098,INSTAGRAM неразобранное,143,Закрыто и не реализовано,2026-06-23T11:41:26.000Z,13216486,Admin (тех. аккаунт)
42113877,84180098,INSTAGRAM неразобранное,143,Закрыто и не реализовано,2026-06-23T11:41:26.000Z,13216486,Admin (тех. аккаунт)
42113765,84174870,Неразобранное,143,Закрыто и не реализовано,2026-06-23T11:41:26.000Z,13216486,Admin (тех. аккаунт)
42113365,84180098,INSTAGRAM неразобранное,143,Закрыто и не реализовано,2026-06-23T11:41:25.000Z,13216486,Admin (тех. аккаунт)
42111537,84180098,INSTAGRAM неразобранное,143,Закрыто и не реализовано,2026-06-23T11:41:25.000Z,13216486,Admin (тех. аккаунт)
42111241,84180098,INSTAGRAM неразобранное,143,Закрыто и не реализовано,2026-06-23T11:41:25.000Z,13216486,Admin (тех. аккаунт)
42110835,84180098,INSTAGRAM неразобранное,143,Закрыто и не реализовано,2026-06-23T11:41:25.000Z,13216486,Admin (тех. аккаунт)
42109853,84174870,Неразобранное,143,Закрыто и не реализовано,2026-06-23T11:41:25.000Z,13216486,Admin (тех. аккаунт)
42109625,84174870,Неразобранное,143,Закрыто и не реализовано,2026-06-23T11:41:24.000Z,13216486,Admin (тех. аккаунт)
42109563,84180098,INSTAGRAM неразобранное,143,Закрыто и не реализовано,2026-06-23T11:41:24.000Z,13216486,Admin (тех. аккаунт)
42109283,84180098,INSTAGRAM неразобранное,143,Закрыто и не реализовано,2026-06-23T11:41:24.000Z,13216486,Admin (тех. аккаунт)
42240223,84174870,Неразобранное,143,Закрыто и не реализовано,2026-06-23T11:41:24.000Z,13216486,Admin (тех. аккаунт)
42238889,84180098,INSTAGRAM неразобранное,143,Закрыто и не реализовано,2026-06-23T11:41:24.000Z,13216486,Admin (тех. аккаунт)
42238019,84174870,Неразобранное,143,Закрыто и не реализовано,2026-06-23T11:41:24.000Z,13216486,Admin (тех. аккаунт)
42237893,84174870,Неразобранное,143,Закрыто и не реализовано,2026-06-23T11:41:23.000Z,13216486,Admin (тех. аккаунт)
42237795,84180098,INSTAGRAM неразобранное,143,Закрыто и не реализовано,2026-06-23T11:41:23.000Z,13216486,Admin (тех. аккаунт)
42237627,84180098,INSTAGRAM неразобранное,143,Закрыто и не реализовано,2026-06-23T11:41:23.000Z,13216486,Admin (тех. аккаунт)
42237413,84174870,Неразобранное,143,Закрыто и не реализовано,2026-06-23T11:41:23.000Z,13216486,Admin (тех. аккаунт)
42235805,84180098,INSTAGRAM неразобранное,143,Закрыто и не реализовано,2026-06-23T11:41:23.000Z,13216486,Admin (тех. аккаунт)
42234593,84180098,INSTAGRAM неразобранное,143,Закрыто и не реализовано,2026-06-23T11:41:23.000Z,13216486,Admin (тех. аккаунт)
42233549,84174870,Неразобранное,143,Закрыто и не реализовано,2026-06-23T11:41:23.000Z,13216486,Admin (тех. аккаунт)
42232991,84174870,Неразобранное,143,Закрыто и не реализовано,2026-06-23T11:41:22.000Z,13216486,Admin (тех. аккаунт)
42232989,84174870,Неразобранное,143,Закрыто и не реализовано,2026-06-23T11:41:22.000Z,13216486,Admin (тех. аккаунт)
42231167,84174870,Неразобранное,143,Закрыто и не реализовано,2026-06-23T11:41:22.000Z,13216486,Admin (тех. аккаунт)
42229843,84180098,INSTAGRAM неразобранное,143,Закрыто и не реализовано,2026-06-23T11:41:22.000Z,13216486,Admin (тех. аккаунт)
42228695,84174870,Неразобранное,143,Закрыто и не реализовано,2026-06-23T11:41:22.000Z,13216486,Admin (тех. аккаунт)
42228499,84174870,Неразобранное,143,Закрыто и не реализовано,2026-06-23T11:41:21.000Z,13216486,Admin (тех. аккаунт)
42228473,84180098,INSTAGRAM неразобранное,143,Закрыто и не реализовано,2026-06-23T11:41:21.000Z,13216486,Admin (тех. аккаунт)
42228357,84180098,INSTAGRAM неразобранное,143,Закрыто и не реализовано,2026-06-23T11:41:21.000Z,13216486,Admin (тех. аккаунт)
42228261,84180098,INSTAGRAM неразобранное,143,Закрыто и не реализовано,2026-06-23T11:41:21.000Z,13216486,Admin (тех. аккаунт)
42228229,84180098,INSTAGRAM неразобранное,143,Закрыто и не реализовано,2026-06-23T11:41:21.000Z,13216486,Admin (тех. аккаунт)
42227447,84174870,Неразобранное,143,Закрыто и не реализовано,2026-06-23T11:41:21.000Z,13216486,Admin (тех. аккаунт)
42223059,84174870,Неразобранное,143,Закрыто и не реализовано,2026-06-23T11:41:20.000Z,13216486,Admin (тех. аккаунт)
42222293,84180098,INSTAGRAM неразобранное,143,Закрыто и не реализовано,2026-06-23T11:41:20.000Z,13216486,Admin (тех. аккаунт)
42220519,84174870,Неразобранное,143,Закрыто и не реализовано,2026-06-23T11:41:20.000Z,13216486,Admin (тех. аккаунт)
42213497,84180098,INSTAGRAM неразобранное,143,Закрыто и не реализовано,2026-06-23T11:41:20.000Z,13216486,Admin (тех. аккаунт)
42219569,84180098,INSTAGRAM неразобранное,143,Закрыто и не реализовано,2026-06-23T11:41:20.000Z,13216486,Admin (тех. аккаунт)
42219265,84180098,INSTAGRAM неразобранное,143,Закрыто и не реализовано,2026-06-23T11:41:20.000Z,13216486,Admin (тех. аккаунт)
42219013,84180098,INSTAGRAM неразобранное,143,Закрыто и не реализовано,2026-06-23T11:41:20.000Z,13216486,Admin (тех. аккаунт)
42210885,84180098,INSTAGRAM неразобранное,143,Закрыто и не реализовано,2026-06-23T11:41:19.000Z,13216486,Admin (тех. аккаунт)
42209971,84180098,INSTAGRAM неразобранное,143,Закрыто и не реализовано,2026-06-23T11:41:19.000Z,13216486,Admin (тех. аккаунт)
42208417,84180098,INSTAGRAM неразобранное,143,Закрыто и не реализовано,2026-06-23T11:41:19.000Z,13216486,Admin (тех. аккаунт)
42207105,84180098,INSTAGRAM неразобранное,143,Закрыто и не реализовано,2026-06-23T11:41:19.000Z,13216486,Admin (тех. аккаунт)
42203689,84180098,INSTAGRAM неразобранное,143,Закрыто и не реализовано,2026-06-23T11:41:19.000Z,13216486,Admin (тех. аккаунт)
42203547,84180098,INSTAGRAM неразобранное,143,Закрыто и не реализовано,2026-06-23T11:41:19.000Z,13216486,Admin (тех. аккаунт)
42203479,84180098,INSTAGRAM неразобранное,143,Закрыто и не реализовано,2026-06-23T11:41:19.000Z,13216486,Admin (тех. аккаунт)
42191271,84180098,INSTAGRAM неразобранное,143,Закрыто и не реализовано,2026-06-23T11:41:19.000Z,13216486,Admin (тех. аккаунт)
42196093,84180098,INSTAGRAM неразобранное,143,Закрыто и не реализовано,2026-06-23T11:41:19.000Z,13216486,Admin (тех. аккаунт)
42193225,84180098,INSTAGRAM неразобранное,143,Закрыто и не реализовано,2026-06-23T11:41:19.000Z,13216486,Admin (тех. аккаунт)
42187851,84180098,INSTAGRAM неразобранное,143,Закрыто и не реализовано,2026-06-23T11:41:18.000Z,13216486,Admin (тех. аккаунт)
42182685,84180098,INSTAGRAM неразобранное,143,Закрыто и не реализовано,2026-06-23T11:41:18.000Z,13216486,Admin (тех. аккаунт)
42179775,84180098,INSTAGRAM неразобранное,143,Закрыто и не реализовано,2026-06-23T11:41:18.000Z,13216486,Admin (тех. аккаунт)
42177105,84180098,INSTAGRAM неразобранное,143,Закрыто и не реализовано,2026-06-23T11:41:18.000Z,13216486,Admin (тех. аккаунт)
42172841,84174870,Неразобранное,143,Закрыто и не реализовано,2026-06-23T11:41:18.000Z,13216486,Admin (тех. аккаунт)
42177061,84180098,INSTAGRAM неразобранное,143,Закрыто и не реализовано,2026-06-23T11:41:18.000Z,13216486,Admin (тех. аккаунт)
42176953,84180098,INSTAGRAM неразобранное,143,Закрыто и не реализовано,2026-06-23T11:41:18.000Z,13216486,Admin (тех. аккаунт)
42175445,84180098,INSTAGRAM неразобранное,143,Закрыто и не реализовано,2026-06-23T11:41:18.000Z,13216486,Admin (тех. аккаунт)
42175089,84180098,INSTAGRAM неразобранное,143,Закрыто и не реализовано,2026-06-23T11:41:18.000Z,13216486,Admin (тех. аккаунт)
42175001,84180098,INSTAGRAM неразобранное,143,Закрыто и не реализовано,2026-06-23T11:41:18.000Z,13216486,Admin (тех. аккаунт)
42174171,84180098,INSTAGRAM неразобранное,143,Закрыто и не реализовано,2026-06-23T11:41:18.000Z,13216486,Admin (тех. аккаунт)
42172395,84180098,INSTAGRAM неразобранное,143,Закрыто и не реализовано,2026-06-23T11:41:17.000Z,13216486,Admin (тех. аккаунт)
42301037,84180098,INSTAGRAM неразобранное,143,Закрыто и не реализовано,2026-06-23T11:41:17.000Z,13216486,Admin (тех. аккаунт)
42299811,84174870,Неразобранное,143,Закрыто и не реализовано,2026-06-23T11:41:17.000Z,13216486,Admin (тех. аккаунт)
42299105,84180098,INSTAGRAM неразобранное,143,Закрыто и не реализовано,2026-06-23T11:41:17.000Z,13216486,Admin (тех. аккаунт)
42297931,84180098,INSTAGRAM неразобранное,143,Закрыто и не реализовано,2026-06-23T11:41:17.000Z,13216486,Admin (тех. аккаунт)
42295361,84174870,Неразобранное,143,Закрыто и не реализовано,2026-06-23T11:41:17.000Z,13216486,Admin (тех. аккаунт)
42294535,84180098,INSTAGRAM неразобранное,143,Закрыто и не реализовано,2026-06-23T11:41:16.000Z,13216486,Admin (тех. аккаунт)
42293639,84180098,INSTAGRAM неразобранное,143,Закрыто и не реализовано,2026-06-23T11:41:16.000Z,13216486,Admin (тех. аккаунт)
42292395,84180098,INSTAGRAM неразобранное,143,Закрыто и не реализовано,2026-06-23T11:41:16.000Z,13216486,Admin (тех. аккаунт)
42292187,84180098,INSTAGRAM неразобранное,143,Закрыто и не реализовано,2026-06-23T11:41:16.000Z,13216486,Admin (тех. аккаунт)
42291091,84174870,Неразобранное,143,Закрыто и не реализовано,2026-06-23T11:41:16.000Z,13216486,Admin (тех. аккаунт)
42290891,84174870,Неразобранное,143,Закрыто и не реализовано,2026-06-23T11:41:16.000Z,13216486,Admin (тех. аккаунт)
42287411,84180098,INSTAGRAM неразобранное,143,Закрыто и не реализовано,2026-06-23T11:41:15.000Z,13216486,Admin (тех. аккаунт)
42278007,84180098,INSTAGRAM неразобранное,143,Закрыто и не реализовано,2026-06-23T11:41:15.000Z,13216486,Admin (тех. аккаунт)
42274555,84180098,INSTAGRAM неразобранное,143,Закрыто и не реализовано,2026-06-23T11:41:15.000Z,13216486,Admin (тех. аккаунт)
42272613,84180098,INSTAGRAM неразобранное,143,Закрыто и не реализовано,2026-06-23T11:41:15.000Z,13216486,Admin (тех. аккаунт)
42272579,84180098,INSTAGRAM неразобранное,143,Закрыто и не реализовано,2026-06-23T11:41:15.000Z,13216486,Admin (тех. аккаунт)
42268267,84180098,INSTAGRAM неразобранное,143,Закрыто и не реализовано,2026-06-23T11:41:15.000Z,13216486,Admin (тех. аккаунт)
42266315,84180098,INSTAGRAM неразобранное,143,Закрыто и не реализовано,2026-06-23T11:41:15.000Z,13216486,Admin (тех. аккаунт)
42266197,84180098,INSTAGRAM неразобранное,143,Закрыто и не реализовано,2026-06-23T11:41:15.000Z,13216486,Admin (тех. аккаунт)
42265855,84174870,Неразобранное,143,Закрыто и не реализовано,2026-06-23T11:41:15.000Z,13216486,Admin (тех. аккаунт)
42263875,84180098,INSTAGRAM неразобранное,143,Закрыто и не реализовано,2026-06-23T11:41:14.000Z,13216486,Admin (тех. аккаунт)
42263597,84180098,INSTAGRAM неразобранное,143,Закрыто и не реализовано,2026-06-23T11:41:14.000Z,13216486,Admin (тех. аккаунт)
42260497,84180098,INSTAGRAM неразобранное,143,Закрыто и не реализовано,2026-06-23T11:41:14.000Z,13216486,Admin (тех. аккаунт)
42263575,84180098,INSTAGRAM неразобранное,143,Закрыто и не реализовано,2026-06-23T11:41:14.000Z,13216486,Admin (тех. аккаунт)
42261925,84174870,Неразобранное,143,Закрыто и не реализовано,2026-06-23T11:41:14.000Z,13216486,Admin (тех. аккаунт)
42261827,84174870,Неразобранное,143,Закрыто и не реализовано,2026-06-23T11:41:14.000Z,13216486,Admin (тех. аккаунт)
42261697,84174870,Неразобранное,143,Закрыто и не реализовано,2026-06-23T11:41:14.000Z,13216486,Admin (тех. аккаунт)
42255235,84180098,INSTAGRAM неразобранное,143,Закрыто и не реализовано,2026-06-23T11:41:14.000Z,13216486,Admin (тех. аккаунт)
42260655,84180098,INSTAGRAM неразобранное,143,Закрыто и не реализовано,2026-06-23T11:41:14.000Z,13216486,Admin (тех. аккаунт)
42254273,84180098,INSTAGRAM неразобранное,143,Закрыто и не реализовано,2026-06-23T11:41:13.000Z,13216486,Admin (тех. аккаунт)
42252199,84180098,INSTAGRAM неразобранное,143,Закрыто и не реализовано,2026-06-23T11:41:12.000Z,13216486,Admin (тех. аккаунт)
42253921,84180098,INSTAGRAM неразобранное,143,Закрыто и не реализовано,2026-06-23T11:41:12.000Z,13216486,Admin (тех. аккаунт)
42253477,84180098,INSTAGRAM неразобранное,143,Закрыто и не реализовано,2026-06-23T11:41:12.000Z,13216486,Admin (тех. аккаунт)
42252837,84180098,INSTAGRAM неразобранное,143,Закрыто и не реализовано,2026-06-23T11:41:12.000Z,13216486,Admin (тех. аккаунт)
42252563,84174870,Неразобранное,143,Закрыто и не реализовано,2026-06-23T11:41:12.000Z,13216486,Admin (тех. аккаунт)
42252041,84180098,INSTAGRAM неразобранное,143,Закрыто и не реализовано,2026-06-23T11:41:11.000Z,13216486,Admin (тех. аккаунт)
42251131,84180098,INSTAGRAM неразобранное,143,Закрыто и не реализовано,2026-06-23T11:41:11.000Z,13216486,Admin (тех. аккаунт)
42250249,84180098,INSTAGRAM неразобранное,143,Закрыто и не реализовано,2026-06-23T11:41:11.000Z,13216486,Admin (тех. аккаунт)
42248997,84180098,INSTAGRAM неразобранное,143,Закрыто и не реализовано,2026-06-23T11:41:11.000Z,13216486,Admin (тех. аккаунт)
42249263,84180098,INSTAGRAM неразобранное,143,Закрыто и не реализовано,2026-06-23T11:41:11.000Z,13216486,Admin (тех. аккаунт)
42249189,84174870,Неразобранное,143,Закрыто и не реализовано,2026-06-23T11:41:11.000Z,13216486,Admin (тех. аккаунт)
42249015,84180098,INSTAGRAM неразобранное,143,Закрыто и не реализовано,2026-06-23T11:41:11.000Z,13216486,Admin (тех. аккаунт)
42248409,84174870,Неразобранное,143,Закрыто и не реализовано,2026-06-23T11:41:09.000Z,13216486,Admin (тех. аккаунт)
42247997,84174870,Неразобранное,143,Закрыто и не реализовано,2026-06-23T11:41:09.000Z,13216486,Admin (тех. аккаунт)
42246327,84180098,INSTAGRAM неразобранное,143,Закрыто и не реализовано,2026-06-23T11:41:09.000Z,13216486,Admin (тех. аккаунт)
42245923,84174870,Неразобранное,143,Закрыто и не реализовано,2026-06-23T11:41:09.000Z,13216486,Admin (тех. аккаунт)
42245723,84174870,Неразобранное,143,Закрыто и не реализовано,2026-06-23T11:41:08.000Z,13216486,Admin (тех. аккаунт)
42245463,84174870,Неразобранное,143,Закрыто и не реализовано,2026-06-23T11:41:08.000Z,13216486,Admin (тех. аккаунт)
42241477,84180098,INSTAGRAM неразобранное,143,Закрыто и не реализовано,2026-06-23T11:41:08.000Z,13216486,Admin (тех. аккаунт)
42240749,84180098,INSTAGRAM неразобранное,143,Закрыто и не реализовано,2026-06-23T11:41:08.000Z,13216486,Admin (тех. аккаунт)
42367143,84174870,Неразобранное,143,Закрыто и не реализовано,2026-06-23T11:41:06.000Z,13216486,Admin (тех. аккаунт)
42366443,84174870,Неразобранное,143,Закрыто и не реализовано,2026-06-23T11:41:05.000Z,13216486,Admin (тех. аккаунт)
42365749,84180098,INSTAGRAM неразобранное,143,Закрыто и не реализовано,2026-06-23T11:41:05.000Z,13216486,Admin (тех. аккаунт)
42365413,84174870,Неразобранное,143,Закрыто и не реализовано,2026-06-23T11:41:05.000Z,13216486,Admin (тех. аккаунт)
42364727,84174870,Неразобранное,143,Закрыто и не реализовано,2026-06-23T11:41:05.000Z,13216486,Admin (тех. аккаунт)
42364065,84174870,Неразобранное,143,Закрыто и не реализовано,2026-06-23T11:41:05.000Z,13216486,Admin (тех. аккаунт)
42359777,84180098,INSTAGRAM неразобранное,143,Закрыто и не реализовано,2026-06-23T11:41:04.000Z,13216486,Admin (тех. аккаунт)
42363483,84174870,Неразобранное,143,Закрыто и не реализовано,2026-06-23T11:41:04.000Z,13216486,Admin (тех. аккаунт)
42363115,84174870,Неразобранное,143,Закрыто и не реализовано,2026-06-23T11:41:04.000Z,13216486,Admin (тех. аккаунт)
42357951,84180098,INSTAGRAM неразобранное,143,Закрыто и не реализовано,2026-06-23T11:41:04.000Z,13216486,Admin (тех. аккаунт)
42361361,84180098,INSTAGRAM неразобранное,143,Закрыто и не реализовано,2026-06-23T11:41:04.000Z,13216486,Admin (тех. аккаунт)
42360607,84180098,INSTAGRAM неразобранное,143,Закрыто и не реализовано,2026-06-23T11:41:04.000Z,13216486,Admin (тех. аккаунт)
42354045,84180098,INSTAGRAM неразобранное,143,Закрыто и не реализовано,2026-06-23T11:41:03.000Z,13216486,Admin (тех. аккаунт)
42353183,84180098,INSTAGRAM неразобранное,143,Закрыто и не реализовано,2026-06-23T11:41:03.000Z,13216486,Admin (тех. аккаунт)
42352963,84174870,Неразобранное,143,Закрыто и не реализовано,2026-06-23T11:41:03.000Z,13216486,Admin (тех. аккаунт)
42350479,84174870,Неразобранное,143,Закрыто и не реализовано,2026-06-23T11:41:03.000Z,13216486,Admin (тех. аккаунт)
42346509,84180098,INSTAGRAM неразобранное,143,Закрыто и не реализовано,2026-06-23T11:41:03.000Z,13216486,Admin (тех. аккаунт)
42346207,84180098,INSTAGRAM неразобранное,143,Закрыто и не реализовано,2026-06-23T11:41:03.000Z,13216486,Admin (тех. аккаунт)
42344953,84180098,INSTAGRAM неразобранное,143,Закрыто и не реализовано,2026-06-23T11:41:03.000Z,13216486,Admin (тех. аккаунт)
42343061,84180098,INSTAGRAM неразобранное,143,Закрыто и не реализовано,2026-06-23T11:41:02.000Z,13216486,Admin (тех. аккаунт)
42340187,84180098,INSTAGRAM неразобранное,143,Закрыто и не реализовано,2026-06-23T11:41:02.000Z,13216486,Admin (тех. аккаунт)
42333095,84174870,Неразобранное,143,Закрыто и не реализовано,2026-06-23T11:41:02.000Z,13216486,Admin (тех. аккаунт)
42331513,84180098,INSTAGRAM неразобранное,143,Закрыто и не реализовано,2026-06-23T11:41:02.000Z,13216486,Admin (тех. аккаунт)
42330849,84174870,Неразобранное,143,Закрыто и не реализовано,2026-06-23T11:41:02.000Z,13216486,Admin (тех. аккаунт)
42320539,84174870,Неразобранное,143,Закрыто и не реализовано,2026-06-23T11:41:02.000Z,13216486,Admin (тех. аккаунт)
42318549,84180098,INSTAGRAM неразобранное,143,Закрыто и не реализовано,2026-06-23T11:41:01.000Z,13216486,Admin (тех. аккаунт)
42315547,84180098,INSTAGRAM неразобранное,143,Закрыто и не реализовано,2026-06-23T11:41:01.000Z,13216486,Admin (тех. аккаунт)
42317851,84180098,INSTAGRAM неразобранное,143,Закрыто и не реализовано,2026-06-23T11:41:01.000Z,13216486,Admin (тех. аккаунт)
42317611,84180098,INSTAGRAM неразобранное,143,Закрыто и не реализовано,2026-06-23T11:41:01.000Z,13216486,Admin (тех. аккаунт)
42316641,84180098,INSTAGRAM неразобранное,143,Закрыто и не реализовано,2026-06-23T11:41:01.000Z,13216486,Admin (тех. аккаунт)
42316175,84180098,INSTAGRAM неразобранное,143,Закрыто и не реализовано,2026-06-23T11:41:01.000Z,13216486,Admin (тех. аккаунт)
42314395,84180098,INSTAGRAM неразобранное,143,Закрыто и не реализовано,2026-06-23T11:41:00.000Z,13216486,Admin (тех. аккаунт)
42314275,84180098,INSTAGRAM неразобранное,143,Закрыто и не реализовано,2026-06-23T11:41:00.000Z,13216486,Admin (тех. аккаунт)
42313613,84180098,INSTAGRAM неразобранное,143,Закрыто и не реализовано,2026-06-23T11:41:00.000Z,13216486,Admin (тех. аккаунт)
42312283,84180098,INSTAGRAM неразобранное,143,Закрыто и не реализовано,2026-06-23T11:41:00.000Z,13216486,Admin (тех. аккаунт)
42311619,84180098,INSTAGRAM неразобранное,143,Закрыто и не реализовано,2026-06-23T11:41:00.000Z,13216486,Admin (тех. аккаунт)
42309071,84180098,INSTAGRAM неразобранное,143,Закрыто и не реализовано,2026-06-23T11:41:00.000Z,13216486,Admin (тех. аккаунт)
42310675,84180098,INSTAGRAM неразобранное,143,Закрыто и не реализовано,2026-06-23T11:41:00.000Z,13216486,Admin (тех. аккаунт)
42310405,84180098,INSTAGRAM неразобранное,143,Закрыто и не реализовано,2026-06-23T11:41:00.000Z,13216486,Admin (тех. аккаунт)
42310347,84180098,INSTAGRAM неразобранное,143,Закрыто и не реализовано,2026-06-23T11:41:00.000Z,13216486,Admin (тех. аккаунт)
42310301,84180098,INSTAGRAM неразобранное,143,Закрыто и не реализовано,2026-06-23T11:41:00.000Z,13216486,Admin (тех. аккаунт)
42309877,84180098,INSTAGRAM неразобранное,143,Закрыто и не реализовано,2026-06-23T11:41:00.000Z,13216486,Admin (тех. аккаунт)
42308939,84180098,INSTAGRAM неразобранное,143,Закрыто и не реализовано,2026-06-23T11:40:59.000Z,13216486,Admin (тех. аккаунт)
42308013,84180098,INSTAGRAM неразобранное,143,Закрыто и не реализовано,2026-06-23T11:40:59.000Z,13216486,Admin (тех. аккаунт)
42307689,84174870,Неразобранное,143,Закрыто и не реализовано,2026-06-23T11:40:59.000Z,13216486,Admin (тех. аккаунт)
42306251,84180098,INSTAGRAM неразобранное,143,Закрыто и не реализовано,2026-06-23T11:40:59.000Z,13216486,Admin (тех. аккаунт)
42305921,84174870,Неразобранное,143,Закрыто и не реализовано,2026-06-23T11:40:59.000Z,13216486,Admin (тех. аккаунт)
42302009,84174870,Неразобранное,143,Закрыто и не реализовано,2026-06-23T11:40:59.000Z,13216486,Admin (тех. аккаунт)
42301651,84174870,Неразобранное,143,Закрыто и не реализовано,2026-06-23T11:40:59.000Z,13216486,Admin (тех. аккаунт)
42301273,84180098,INSTAGRAM неразобранное,143,Закрыто и не реализовано,2026-06-23T11:40:58.000Z,13216486,Admin (тех. аккаунт)
42492529,84174870,Неразобранное,143,Закрыто и не реализовано,2026-06-23T11:40:58.000Z,13216486,Admin (тех. аккаунт)
42489017,84174870,Неразобранное,143,Закрыто и не реализовано,2026-06-23T11:40:58.000Z,13216486,Admin (тех. аккаунт)
42490507,84174870,Неразобранное,143,Закрыто и не реализовано,2026-06-23T11:40:58.000Z,13216486,Admin (тех. аккаунт)
42490431,84180098,INSTAGRAM неразобранное,143,Закрыто и не реализовано,2026-06-23T11:40:58.000Z,13216486,Admin (тех. аккаунт)
42489985,84180098,INSTAGRAM неразобранное,143,Закрыто и не реализовано,2026-06-23T11:40:58.000Z,13216486,Admin (тех. аккаунт)
42488769,84180098,INSTAGRAM неразобранное,143,Закрыто и не реализовано,2026-06-23T11:40:57.000Z,13216486,Admin (тех. аккаунт)
42488377,84180098,INSTAGRAM неразобранное,143,Закрыто и не реализовано,2026-06-23T11:40:57.000Z,13216486,Admin (тех. аккаунт)
42488371,84174870,Неразобранное,143,Закрыто и не реализовано,2026-06-23T11:40:57.000Z,13216486,Admin (тех. аккаунт)
42485467,84180098,INSTAGRAM неразобранное,143,Закрыто и не реализовано,2026-06-23T11:40:57.000Z,13216486,Admin (тех. аккаунт)
42485119,84174870,Неразобранное,143,Закрыто и не реализовано,2026-06-23T11:40:57.000Z,13216486,Admin (тех. аккаунт)
42485089,84174870,Неразобранное,143,Закрыто и не реализовано,2026-06-23T11:40:56.000Z,13216486,Admin (тех. аккаунт)
42484883,84174870,Неразобранное,143,Закрыто и не реализовано,2026-06-23T11:40:56.000Z,13216486,Admin (тех. аккаунт)
42482897,84174870,Неразобранное,143,Закрыто и не реализовано,2026-06-23T11:40:56.000Z,13216486,Admin (тех. аккаунт)
42482133,84180098,INSTAGRAM неразобранное,143,Закрыто и не реализовано,2026-06-23T11:40:56.000Z,13216486,Admin (тех. аккаунт)
42482507,84180098,INSTAGRAM неразобранное,143,Закрыто и не реализовано,2026-06-23T11:40:56.000Z,13216486,Admin (тех. аккаунт)
42481809,84180098,INSTAGRAM неразобранное,143,Закрыто и не реализовано,2026-06-23T11:40:55.000Z,13216486,Admin (тех. аккаунт)
42481775,84174870,Неразобранное,143,Закрыто и не реализовано,2026-06-23T11:40:55.000Z,13216486,Admin (тех. аккаунт)
42481685,84180098,INSTAGRAM неразобранное,143,Закрыто и не реализовано,2026-06-23T11:40:55.000Z,13216486,Admin (тех. аккаунт)
42481235,84174870,Неразобранное,143,Закрыто и не реализовано,2026-06-23T11:40:55.000Z,13216486,Admin (тех. аккаунт)
42479847,84174870,Неразобранное,143,Закрыто и не реализовано,2026-06-23T11:40:55.000Z,13216486,Admin (тех. аккаунт)
42479653,84174870,Неразобранное,143,Закрыто и не реализовано,2026-06-23T11:40:54.000Z,13216486,Admin (тех. аккаунт)
42474799,84180098,INSTAGRAM неразобранное,143,Закрыто и не реализовано,2026-06-23T11:40:54.000Z,13216486,Admin (тех. аккаунт)
42468253,84180098,INSTAGRAM неразобранное,143,Закрыто и не реализовано,2026-06-23T11:40:54.000Z,13216486,Admin (тех. аккаунт)
42467805,84174870,Неразобранное,143,Закрыто и не реализовано,2026-06-23T11:40:54.000Z,13216486,Admin (тех. аккаунт)
42466361,84174870,Неразобранное,143,Закрыто и не реализовано,2026-06-23T11:40:54.000Z,13216486,Admin (тех. аккаунт)
42466325,84174870,Неразобранное,143,Закрыто и не реализовано,2026-06-23T11:40:54.000Z,13216486,Admin (тех. аккаунт)
42465597,84180098,INSTAGRAM неразобранное,143,Закрыто и не реализовано,2026-06-23T11:40:53.000Z,13216486,Admin (тех. аккаунт)
42463537,84180098,INSTAGRAM неразобранное,143,Закрыто и не реализовано,2026-06-23T11:40:53.000Z,13216486,Admin (тех. аккаунт)
42461457,84180098,INSTAGRAM неразобранное,143,Закрыто и не реализовано,2026-06-23T11:40:53.000Z,13216486,Admin (тех. аккаунт)
42460435,84180098,INSTAGRAM неразобранное,143,Закрыто и не реализовано,2026-06-23T11:40:53.000Z,13216486,Admin (тех. аккаунт)
42459323,84174870,Неразобранное,143,Закрыто и не реализовано,2026-06-23T11:40:53.000Z,13216486,Admin (тех. аккаунт)
42456563,84174870,Неразобранное,143,Закрыто и не реализовано,2026-06-23T11:40:53.000Z,13216486,Admin (тех. аккаунт)
42449993,84180098,INSTAGRAM неразобранное,143,Закрыто и не реализовано,2026-06-23T11:40:52.000Z,13216486,Admin (тех. аккаунт)
42448395,84180098,INSTAGRAM неразобранное,143,Закрыто и не реализовано,2026-06-23T11:40:52.000Z,13216486,Admin (тех. аккаунт)
42438457,84174882,Назначение визита,143,Закрыто и не реализовано,2026-06-23T11:40:52.000Z,13216486,Admin (тех. аккаунт)
42438235,84180098,INSTAGRAM неразобранное,143,Закрыто и не реализовано,2026-06-23T11:40:52.000Z,13216486,Admin (тех. аккаунт)
42431917,84180098,INSTAGRAM неразобранное,143,Закрыто и не реализовано,2026-06-23T11:40:52.000Z,13216486,Admin (тех. аккаунт)
42427963,84174870,Неразобранное,143,Закрыто и не реализовано,2026-06-23T11:40:52.000Z,13216486,Admin (тех. аккаунт)
42421415,84174870,Неразобранное,143,Закрыто и не реализовано,2026-06-23T11:40:52.000Z,13216486,Admin (тех. аккаунт)
42418985,84180098,INSTAGRAM неразобранное,143,Закрыто и не реализовано,2026-06-23T11:40:51.000Z,13216486,Admin (тех. аккаунт)
42418645,84174870,Неразобранное,143,Закрыто и не реализовано,2026-06-23T11:40:51.000Z,13216486,Admin (тех. аккаунт)
42411281,84174870,Неразобранное,143,Закрыто и не реализовано,2026-06-23T11:40:51.000Z,13216486,Admin (тех. аккаунт)
42410913,84180098,INSTAGRAM неразобранное,143,Закрыто и не реализовано,2026-06-23T11:40:51.000Z,13216486,Admin (тех. аккаунт)
42409561,84180098,INSTAGRAM неразобранное,143,Закрыто и не реализовано,2026-06-23T11:40:50.000Z,13216486,Admin (тех. аккаунт)
42388541,84174870,Неразобранное,143,Закрыто и не реализовано,2026-06-23T11:40:50.000Z,13216486,Admin (тех. аккаунт)
42377091,84180098,INSTAGRAM неразобранное,143,Закрыто и не реализовано,2026-06-23T11:40:50.000Z,13216486,Admin (тех. аккаунт)
42376409,84174870,Неразобранное,143,Закрыто и не реализовано,2026-06-23T11:40:50.000Z,13216486,Admin (тех. аккаунт)
42376019,84180098,INSTAGRAM неразобранное,143,Закрыто и не реализовано,2026-06-23T11:40:50.000Z,13216486,Admin (тех. аккаунт)
42372717,84180098,INSTAGRAM неразобранное,143,Закрыто и не реализовано,2026-06-23T11:40:50.000Z,13216486,Admin (тех. аккаунт)
42368261,84174870,Неразобранное,143,Закрыто и не реализовано,2026-06-23T11:40:50.000Z,13216486,Admin (тех. аккаунт)
42559333,84174870,Неразобранное,143,Закрыто и не реализовано,2026-06-23T11:40:49.000Z,13216486,Admin (тех. аккаунт)
42558997,84174870,Неразобранное,143,Закрыто и не реализовано,2026-06-23T11:40:49.000Z,13216486,Admin (тех. аккаунт)
42557577,84180098,INSTAGRAM неразобранное,143,Закрыто и не реализовано,2026-06-23T11:40:49.000Z,13216486,Admin (тех. аккаунт)
42556305,84174870,Неразобранное,143,Закрыто и не реализовано,2026-06-23T11:40:49.000Z,13216486,Admin (тех. аккаунт)
42556189,84174870,Неразобранное,143,Закрыто и не реализовано,2026-06-23T11:40:48.000Z,13216486,Admin (тех. аккаунт)
42555745,84174870,Неразобранное,143,Закрыто и не реализовано,2026-06-23T11:40:48.000Z,13216486,Admin (тех. аккаунт)
42554279,84180098,INSTAGRAM неразобранное,143,Закрыто и не реализовано,2026-06-23T11:40:48.000Z,13216486,Admin (тех. аккаунт)
42553981,84180098,INSTAGRAM неразобранное,143,Закрыто и не реализовано,2026-06-23T11:40:48.000Z,13216486,Admin (тех. аккаунт)
42553507,84174870,Неразобранное,143,Закрыто и не реализовано,2026-06-23T11:40:48.000Z,13216486,Admin (тех. аккаунт)
42549873,84174870,Неразобранное,143,Закрыто и не реализовано,2026-06-23T11:40:48.000Z,13216486,Admin (тех. аккаунт)
42550007,84180098,INSTAGRAM неразобранное,143,Закрыто и не реализовано,2026-06-23T11:40:48.000Z,13216486,Admin (тех. аккаунт)
42546449,84180098,INSTAGRAM неразобранное,143,Закрыто и не реализовано,2026-06-23T11:40:47.000Z,13216486,Admin (тех. аккаунт)
42545765,84174870,Неразобранное,143,Закрыто и не реализовано,2026-06-23T11:40:47.000Z,13216486,Admin (тех. аккаунт)
42544647,84174870,Неразобранное,143,Закрыто и не реализовано,2026-06-23T11:40:46.000Z,13216486,Admin (тех. аккаунт)
42544629,84174870,Неразобранное,143,Закрыто и не реализовано,2026-06-23T11:40:46.000Z,13216486,Admin (тех. аккаунт)
42544449,84174870,Неразобранное,143,Закрыто и не реализовано,2026-06-23T11:40:46.000Z,13216486,Admin (тех. аккаунт)
42544407,84180098,INSTAGRAM неразобранное,143,Закрыто и не реализовано,2026-06-23T11:40:46.000Z,13216486,Admin (тех. аккаунт)
42544007,84174870,Неразобранное,143,Закрыто и не реализовано,2026-06-23T11:40:46.000Z,13216486,Admin (тех. аккаунт)
42543827,84174870,Неразобранное,143,Закрыто и не реализовано,2026-06-23T11:40:45.000Z,13216486,Admin (тех. аккаунт)
42543493,84174870,Неразобранное,143,Закрыто и не реализовано,2026-06-23T11:40:45.000Z,13216486,Admin (тех. аккаунт)
42543409,84174870,Неразобранное,143,Закрыто и не реализовано,2026-06-23T11:40:45.000Z,13216486,Admin (тех. аккаунт)
42543329,84174870,Неразобранное,143,Закрыто и не реализовано,2026-06-23T11:40:45.000Z,13216486,Admin (тех. аккаунт)
42541945,84174870,Неразобранное,143,Закрыто и не реализовано,2026-06-23T11:40:44.000Z,13216486,Admin (тех. аккаунт)
42540983,84180098,INSTAGRAM неразобранное,143,Закрыто и не реализовано,2026-06-23T11:40:44.000Z,13216486,Admin (тех. аккаунт)
42540501,84174870,Неразобранное,143,Закрыто и не реализовано,2026-06-23T11:40:44.000Z,13216486,Admin (тех. аккаунт)
42536389,84174870,Неразобранное,143,Закрыто и не реализовано,2026-06-23T11:40:44.000Z,13216486,Admin (тех. аккаунт)
42532343,84174870,Неразобранное,143,Закрыто и не реализовано,2026-06-23T11:40:44.000Z,13216486,Admin (тех. аккаунт)
42534143,84180098,INSTAGRAM неразобранное,143,Закрыто и не реализовано,2026-06-23T11:40:44.000Z,13216486,Admin (тех. аккаунт)
42534089,84174870,Неразобранное,143,Закрыто и не реализовано,2026-06-23T11:40:44.000Z,13216486,Admin (тех. аккаунт)
42530095,84174870,Неразобранное,143,Закрыто и не реализовано,2026-06-23T11:40:43.000Z,13216486,Admin (тех. аккаунт)
42529707,84174870,Неразобранное,143,Закрыто и не реализовано,2026-06-23T11:40:43.000Z,13216486,Admin (тех. аккаунт)
42522197,84174870,Неразобранное,143,Закрыто и не реализовано,2026-06-23T11:40:43.000Z,13216486,Admin (тех. аккаунт)
42519345,84180098,INSTAGRAM неразобранное,143,Закрыто и не реализовано,2026-06-23T11:40:42.000Z,13216486,Admin (тех. аккаунт)
42518807,84180098,INSTAGRAM неразобранное,143,Закрыто и не реализовано,2026-06-23T11:40:42.000Z,13216486,Admin (тех. аккаунт)
42516377,84180098,INSTAGRAM неразобранное,143,Закрыто и не реализовано,2026-06-23T11:40:42.000Z,13216486,Admin (тех. аккаунт)
42516203,84174870,Неразобранное,143,Закрыто и не реализовано,2026-06-23T11:40:42.000Z,13216486,Admin (тех. аккаунт)
42508703,84174870,Неразобранное,143,Закрыто и не реализовано,2026-06-23T11:40:42.000Z,13216486,Admin (тех. аккаунт)
42510275,84174870,Неразобранное,143,Закрыто и не реализовано,2026-06-23T11:40:42.000Z,13216486,Admin (тех. аккаунт)
42508743,84180098,INSTAGRAM неразобранное,143,Закрыто и не реализовано,2026-06-23T11:40:42.000Z,13216486,Admin (тех. аккаунт)
42501701,84174870,Неразобранное,143,Закрыто и не реализовано,2026-06-23T11:40:41.000Z,13216486,Admin (тех. аккаунт)
42503541,84180098,INSTAGRAM неразобранное,143,Закрыто и не реализовано,2026-06-23T11:40:41.000Z,13216486,Admin (тех. аккаунт)
42502039,84174870,Неразобранное,143,Закрыто и не реализовано,2026-06-23T11:40:41.000Z,13216486,Admin (тех. аккаунт)
42501979,84180098,INSTAGRAM неразобранное,143,Закрыто и не реализовано,2026-06-23T11:40:41.000Z,13216486,Admin (тех. аккаунт)
42501835,84174870,Неразобранное,143,Закрыто и не реализовано,2026-06-23T11:40:41.000Z,13216486,Admin (тех. аккаунт)
42501809,84180098,INSTAGRAM неразобранное,143,Закрыто и не реализовано,2026-06-23T11:40:41.000Z,13216486,Admin (тех. аккаунт)
42501519,84180098,INSTAGRAM неразобранное,143,Закрыто и не реализовано,2026-06-23T11:40:40.000Z,13216486,Admin (тех. аккаунт)
42498411,84174870,Неразобранное,143,Закрыто и не реализовано,2026-06-23T11:40:40.000Z,13216486,Admin (тех. аккаунт)
42496413,84174870,Неразобранное,143,Закрыто и не реализовано,2026-06-23T11:40:40.000Z,13216486,Admin (тех. аккаунт)
42493713,84180098,INSTAGRAM неразобранное,143,Закрыто и не реализовано,2026-06-23T11:40:40.000Z,13216486,Admin (тех. аккаунт)
42492989,84180098,INSTAGRAM неразобранное,143,Закрыто и не реализовано,2026-06-23T11:40:40.000Z,13216486,Admin (тех. аккаунт)
42598639,84174870,Неразобранное,143,Закрыто и не реализовано,2026-06-23T11:40:39.000Z,13216486,Admin (тех. аккаунт)
42595975,84174870,Неразобранное,143,Закрыто и не реализовано,2026-06-23T11:40:39.000Z,13216486,Admin (тех. аккаунт)
42598559,84180098,INSTAGRAM неразобранное,143,Закрыто и не реализовано,2026-06-23T11:40:39.000Z,13216486,Admin (тех. аккаунт)
42598181,84174870,Неразобранное,143,Закрыто и не реализовано,2026-06-23T11:40:39.000Z,13216486,Admin (тех. аккаунт)
42597367,84174870,Неразобранное,143,Закрыто и не реализовано,2026-06-23T11:40:39.000Z,13216486,Admin (тех. аккаунт)
42596633,84180098,INSTAGRAM неразобранное,143,Закрыто и не реализовано,2026-06-23T11:40:39.000Z,13216486,Admin (тех. аккаунт)
42595745,84174870,Неразобранное,143,Закрыто и не реализовано,2026-06-23T11:40:38.000Z,13216486,Admin (тех. аккаунт)
42593437,84180098,INSTAGRAM неразобранное,143,Закрыто и не реализовано,2026-06-23T11:40:38.000Z,13216486,Admin (тех. аккаунт)
42593057,84174870,Неразобранное,143,Закрыто и не реализовано,2026-06-23T11:40:38.000Z,13216486,Admin (тех. аккаунт)
42592095,84174870,Неразобранное,143,Закрыто и не реализовано,2026-06-23T11:40:38.000Z,13216486,Admin (тех. аккаунт)
42588947,84174870,Неразобранное,143,Закрыто и не реализовано,2026-06-23T11:40:37.000Z,13216486,Admin (тех. аккаунт)
42588359,84174870,Неразобранное,143,Закрыто и не реализовано,2026-06-23T11:40:37.000Z,13216486,Admin (тех. аккаунт)
42588107,84174870,Неразобранное,143,Закрыто и не реализовано,2026-06-23T11:40:36.000Z,13216486,Admin (тех. аккаунт)
42583139,84180098,INSTAGRAM неразобранное,143,Закрыто и не реализовано,2026-06-23T11:40:36.000Z,13216486,Admin (тех. аккаунт)
42581373,84174870,Неразобранное,143,Закрыто и не реализовано,2026-06-23T11:40:36.000Z,13216486,Admin (тех. аккаунт)
42587269,84174870,Неразобранное,143,Закрыто и не реализовано,2026-06-23T11:40:36.000Z,13216486,Admin (тех. аккаунт)
42586029,84180098,INSTAGRAM неразобранное,143,Закрыто и не реализовано,2026-06-23T11:40:36.000Z,13216486,Admin (тех. аккаунт)
42580729,84174870,Неразобранное,143,Закрыто и не реализовано,2026-06-23T11:40:35.000Z,13216486,Admin (тех. аккаунт)
42581251,84180098,INSTAGRAM неразобранное,143,Закрыто и не реализовано,2026-06-23T11:40:35.000Z,13216486,Admin (тех. аккаунт)
42580901,84174870,Неразобранное,143,Закрыто и не реализовано,2026-06-23T11:40:35.000Z,13216486,Admin (тех. аккаунт)
42580881,84174870,Неразобранное,143,Закрыто и не реализовано,2026-06-23T11:40:35.000Z,13216486,Admin (тех. аккаунт)
42577219,84174870,Неразобранное,143,Закрыто и не реализовано,2026-06-23T11:40:34.000Z,13216486,Admin (тех. аккаунт)
42576559,84174870,Неразобранное,143,Закрыто и не реализовано,2026-06-23T11:40:34.000Z,13216486,Admin (тех. аккаунт)
42576467,84180098,INSTAGRAM неразобранное,143,Закрыто и не реализовано,2026-06-23T11:40:34.000Z,13216486,Admin (тех. аккаунт)
42575989,84174870,Неразобранное,143,Закрыто и не реализовано,2026-06-23T11:40:34.000Z,13216486,Admin (тех. аккаунт)
42572945,84180098,INSTAGRAM неразобранное,143,Закрыто и не реализовано,2026-06-23T11:40:33.000Z,13216486,Admin (тех. аккаунт)
42572919,84180098,INSTAGRAM неразобранное,143,Закрыто и не реализовано,2026-06-23T11:40:33.000Z,13216486,Admin (тех. аккаунт)
42571499,84180098,INSTAGRAM неразобранное,143,Закрыто и не реализовано,2026-06-23T11:40:33.000Z,13216486,Admin (тех. аккаунт)
42570261,84174870,Неразобранное,143,Закрыто и не реализовано,2026-06-23T11:40:33.000Z,13216486,Admin (тех. аккаунт)
42565713,84174870,Неразобранное,143,Закрыто и не реализовано,2026-06-23T11:40:33.000Z,13216486,Admin (тех. аккаунт)
42568879,84180098,INSTAGRAM неразобранное,143,Закрыто и не реализовано,2026-06-23T11:40:33.000Z,13216486,Admin (тех. аккаунт)
42568395,84180098,INSTAGRAM неразобранное,143,Закрыто и не реализовано,2026-06-23T11:40:33.000Z,13216486,Admin (тех. аккаунт)
42568179,84180098,INSTAGRAM неразобранное,143,Закрыто и не реализовано,2026-06-23T11:40:33.000Z,13216486,Admin (тех. аккаунт)
42568153,84180098,INSTAGRAM неразобранное,143,Закрыто и не реализовано,2026-06-23T11:40:33.000Z,13216486,Admin (тех. аккаунт)
42565875,84180098,INSTAGRAM неразобранное,143,Закрыто и не реализовано,2026-06-23T11:40:33.000Z,13216486,Admin (тех. аккаунт)
42563133,84180098,INSTAGRAM неразобранное,143,Закрыто и не реализовано,2026-06-23T11:40:32.000Z,13216486,Admin (тех. аккаунт)
42565481,84180098,INSTAGRAM неразобранное,143,Закрыто и не реализовано,2026-06-23T11:40:32.000Z,13216486,Admin (тех. аккаунт)
42565263,84180098,INSTAGRAM неразобранное,143,Закрыто и не реализовано,2026-06-23T11:40:32.000Z,13216486,Admin (тех. аккаунт)
42565255,84180098,INSTAGRAM неразобранное,143,Закрыто и не реализовано,2026-06-23T11:40:32.000Z,13216486,Admin (тех. аккаунт)
42563559,84174870,Неразобранное,143,Закрыто и не реализовано,2026-06-23T11:40:32.000Z,13216486,Admin (тех. аккаунт)
42563245,84174870,Неразобранное,143,Закрыто и не реализовано,2026-06-23T11:40:32.000Z,13216486,Admin (тех. аккаунт)
42562975,84174870,Неразобранное,143,Закрыто и не реализовано,2026-06-23T11:40:31.000Z,13216486,Admin (тех. аккаунт)
42562605,84174870,Неразобранное,143,Закрыто и не реализовано,2026-06-23T11:40:31.000Z,13216486,Admin (тех. аккаунт)
42561303,84174870,Неразобранное,143,Закрыто и не реализовано,2026-06-23T11:40:31.000Z,13216486,Admin (тех. аккаунт)
42561087,84180098,INSTAGRAM неразобранное,143,Закрыто и не реализовано,2026-06-23T11:40:31.000Z,13216486,Admin (тех. аккаунт)
42560531,84174870,Неразобранное,143,Закрыто и не реализовано,2026-06-23T11:40:31.000Z,13216486,Admin (тех. аккаунт)
42560159,84174870,Неразобранное,143,Закрыто и не реализовано,2026-06-23T11:40:30.000Z,13216486,Admin (тех. аккаунт)
42559921,84174870,Неразобранное,143,Закрыто и не реализовано,2026-06-23T11:40:30.000Z,13216486,Admin (тех. аккаунт)
42559505,84174870,Неразобранное,143,Закрыто и не реализовано,2026-06-23T11:40:30.000Z,13216486,Admin (тех. аккаунт)
42559499,84180098,INSTAGRAM неразобранное,143,Закрыто и не реализовано,2026-06-23T11:40:29.000Z,13216486,Admin (тех. аккаунт)
42643851,84174870,Неразобранное,143,Закрыто и не реализовано,2026-06-23T11:40:29.000Z,13216486,Admin (тех. аккаунт)
42642855,84174870,Неразобранное,143,Закрыто и не реализовано,2026-06-23T11:40:29.000Z,13216486,Admin (тех. аккаунт)
42642717,84174870,Неразобранное,143,Закрыто и не реализовано,2026-06-23T11:40:29.000Z,13216486,Admin (тех. аккаунт)
42638353,84180098,INSTAGRAM неразобранное,143,Закрыто и не реализовано,2026-06-23T11:40:28.000Z,13216486,Admin (тех. аккаунт)
42633811,84180098,INSTAGRAM неразобранное,143,Закрыто и не реализовано,2026-06-23T11:40:28.000Z,13216486,Admin (тех. аккаунт)
42629941,84174870,Неразобранное,143,Закрыто и не реализовано,2026-06-23T11:40:28.000Z,13216486,Admin (тех. аккаунт)
42629901,84180098,INSTAGRAM неразобранное,143,Закрыто и не реализовано,2026-06-23T11:40:28.000Z,13216486,Admin (тех. аккаунт)
42629363,84174870,Неразобранное,143,Закрыто и не реализовано,2026-06-23T11:40:28.000Z,13216486,Admin (тех. аккаунт)
42629355,84180098,INSTAGRAM неразобранное,143,Закрыто и не реализовано,2026-06-23T11:40:27.000Z,13216486,Admin (тех. аккаунт)
42626771,84180098,INSTAGRAM неразобранное,143,Закрыто и не реализовано,2026-06-23T11:40:27.000Z,13216486,Admin (тех. аккаунт)
42624237,84180098,INSTAGRAM неразобранное,143,Закрыто и не реализовано,2026-06-23T11:40:27.000Z,13216486,Admin (тех. аккаунт)
42623961,84180098,INSTAGRAM неразобранное,143,Закрыто и не реализовано,2026-06-23T11:40:27.000Z,13216486,Admin (тех. аккаунт)
42623531,84174870,Неразобранное,143,Закрыто и не реализовано,2026-06-23T11:40:27.000Z,13216486,Admin (тех. аккаунт)
42623399,84174870,Неразобранное,143,Закрыто и не реализовано,2026-06-23T11:40:27.000Z,13216486,Admin (тех. аккаунт)
42623297,84174870,Неразобранное,143,Закрыто и не реализовано,2026-06-23T11:40:26.000Z,13216486,Admin (тех. аккаунт)
42620087,84174870,Неразобранное,143,Закрыто и не реализовано,2026-06-23T11:40:26.000Z,13216486,Admin (тех. аккаунт)
42620015,84180098,INSTAGRAM неразобранное,143,Закрыто и не реализовано,2026-06-23T11:40:26.000Z,13216486,Admin (тех. аккаунт)
42619631,84174870,Неразобранное,143,Закрыто и не реализовано,2026-06-23T11:40:26.000Z,13216486,Admin (тех. аккаунт)
42619269,84180098,INSTAGRAM неразобранное,143,Закрыто и не реализовано,2026-06-23T11:40:26.000Z,13216486,Admin (тех. аккаунт)
42619213,84174870,Неразобранное,143,Закрыто и не реализовано,2026-06-23T11:40:25.000Z,13216486,Admin (тех. аккаунт)
42617093,84174870,Неразобранное,143,Закрыто и не реализовано,2026-06-23T11:40:25.000Z,13216486,Admin (тех. аккаунт)
42616297,84174870,Неразобранное,143,Закрыто и не реализовано,2026-06-23T11:40:25.000Z,13216486,Admin (тех. аккаунт)
42615305,84174870,Неразобранное,143,Закрыто и не реализовано,2026-06-23T11:40:25.000Z,13216486,Admin (тех. аккаунт)
42614879,84180098,INSTAGRAM неразобранное,143,Закрыто и не реализовано,2026-06-23T11:40:25.000Z,13216486,Admin (тех. аккаунт)
42614669,84174870,Неразобранное,143,Закрыто и не реализовано,2026-06-23T11:40:25.000Z,13216486,Admin (тех. аккаунт)
42613029,84174870,Неразобранное,143,Закрыто и не реализовано,2026-06-23T11:40:24.000Z,13216486,Admin (тех. аккаунт)
42612359,84174870,Неразобранное,143,Закрыто и не реализовано,2026-06-23T11:40:24.000Z,13216486,Admin (тех. аккаунт)
42612087,84174870,Неразобранное,143,Закрыто и не реализовано,2026-06-23T11:40:24.000Z,13216486,Admin (тех. аккаунт)
42608773,84174870,Неразобранное,143,Закрыто и не реализовано,2026-06-23T11:40:23.000Z,13216486,Admin (тех. аккаунт)
42608739,84174870,Неразобранное,143,Закрыто и не реализовано,2026-06-23T11:40:23.000Z,13216486,Admin (тех. аккаунт)
42608457,84174870,Неразобранное,143,Закрыто и не реализовано,2026-06-23T11:40:23.000Z,13216486,Admin (тех. аккаунт)
42607861,84174870,Неразобранное,143,Закрыто и не реализовано,2026-06-23T11:40:23.000Z,13216486,Admin (тех. аккаунт)
42607295,84174870,Неразобранное,143,Закрыто и не реализовано,2026-06-23T11:40:22.000Z,13216486,Admin (тех. аккаунт)
42606965,84174870,Неразобранное,143,Закрыто и не реализовано,2026-06-23T11:40:22.000Z,13216486,Admin (тех. аккаунт)
42605283,84180098,INSTAGRAM неразобранное,143,Закрыто и не реализовано,2026-06-23T11:40:22.000Z,13216486,Admin (тех. аккаунт)
42606127,84180098,INSTAGRAM неразобранное,143,Закрыто и не реализовано,2026-06-23T11:40:22.000Z,13216486,Admin (тех. аккаунт)
42606037,84174870,Неразобранное,143,Закрыто и не реализовано,2026-06-23T11:40:22.000Z,13216486,Admin (тех. аккаунт)
42604097,84180098,INSTAGRAM неразобранное,143,Закрыто и не реализовано,2026-06-23T11:40:21.000Z,13216486,Admin (тех. аккаунт)
42603975,84174870,Неразобранное,143,Закрыто и не реализовано,2026-06-23T11:40:21.000Z,13216486,Admin (тех. аккаунт)
42603603,84180098,INSTAGRAM неразобранное,143,Закрыто и не реализовано,2026-06-23T11:40:21.000Z,13216486,Admin (тех. аккаунт)
42601819,84174870,Неразобранное,143,Закрыто и не реализовано,2026-06-23T11:40:21.000Z,13216486,Admin (тех. аккаунт)
42601769,84174870,Неразобранное,143,Закрыто и не реализовано,2026-06-23T11:40:21.000Z,13216486,Admin (тех. аккаунт)
42601333,84174870,Неразобранное,143,Закрыто и не реализовано,2026-06-23T11:40:21.000Z,13216486,Admin (тех. аккаунт)
42601297,84174870,Неразобранное,143,Закрыто и не реализовано,2026-06-23T11:40:20.000Z,13216486,Admin (тех. аккаунт)
42599747,84174870,Неразобранное,143,Закрыто и не реализовано,2026-06-23T11:40:20.000Z,13216486,Admin (тех. аккаунт)
42599333,84180098,INSTAGRAM неразобранное,143,Закрыто и не реализовано,2026-06-23T11:40:20.000Z,13216486,Admin (тех. аккаунт)
42599331,84180098,INSTAGRAM неразобранное,143,Закрыто и не реализовано,2026-06-23T11:40:20.000Z,13216486,Admin (тех. аккаунт)
42599285,84174870,Неразобранное,143,Закрыто и не реализовано,2026-06-23T11:40:20.000Z,13216486,Admin (тех. аккаунт)
42598937,84174870,Неразобранное,143,Закрыто и не реализовано,2026-06-23T11:40:20.000Z,13216486,Admin (тех. аккаунт)
42598665,84174870,Неразобранное,143,Закрыто и не реализовано,2026-06-23T11:40:19.000Z,13216486,Admin (тех. аккаунт)
42776411,84180098,INSTAGRAM неразобранное,143,Закрыто и не реализовано,2026-06-23T11:40:19.000Z,13216486,Admin (тех. аккаунт)
42775611,84174870,Неразобранное,143,Закрыто и не реализовано,2026-06-23T11:40:19.000Z,13216486,Admin (тех. аккаунт)
42771939,84174870,Неразобранное,143,Закрыто и не реализовано,2026-06-23T11:40:19.000Z,13216486,Admin (тех. аккаунт)
42758523,84174870,Неразобранное,143,Закрыто и не реализовано,2026-06-23T11:40:19.000Z,13216486,Admin (тех. аккаунт)
42758109,84174870,Неразобранное,143,Закрыто и не реализовано,2026-06-23T11:40:18.000Z,13216486,Admin (тех. аккаунт)
42757603,84174870,Неразобранное,143,Закрыто и не реализовано,2026-06-23T11:40:18.000Z,13216486,Admin (тех. аккаунт)
42757169,84174870,Неразобранное,143,Закрыто и не реализовано,2026-06-23T11:40:18.000Z,13216486,Admin (тех. аккаунт)
42756665,84180098,INSTAGRAM неразобранное,143,Закрыто и не реализовано,2026-06-23T11:40:17.000Z,13216486,Admin (тех. аккаунт)
42756087,84174870,Неразобранное,143,Закрыто и не реализовано,2026-06-23T11:40:17.000Z,13216486,Admin (тех. аккаунт)
42754331,84180098,INSTAGRAM неразобранное,143,Закрыто и не реализовано,2026-06-23T11:40:17.000Z,13216486,Admin (тех. аккаунт)
42750925,84174870,Неразобранное,143,Закрыто и не реализовано,2026-06-23T11:40:17.000Z,13216486,Admin (тех. аккаунт)
42749589,84180098,INSTAGRAM неразобранное,143,Закрыто и не реализовано,2026-06-23T11:40:17.000Z,13216486,Admin (тех. аккаунт)
42705909,84174870,Неразобранное,143,Закрыто и не реализовано,2026-06-23T11:40:17.000Z,13216486,Admin (тех. аккаунт)
42704387,84174870,Неразобранное,143,Закрыто и не реализовано,2026-06-23T11:40:16.000Z,13216486,Admin (тех. аккаунт)
42701761,84180098,INSTAGRAM неразобранное,143,Закрыто и не реализовано,2026-06-23T11:40:16.000Z,13216486,Admin (тех. аккаунт)
42701041,84180098,INSTAGRAM неразобранное,143,Закрыто и не реализовано,2026-06-23T11:40:16.000Z,13216486,Admin (тех. аккаунт)
42700243,84174870,Неразобранное,143,Закрыто и не реализовано,2026-06-23T11:40:16.000Z,13216486,Admin (тех. аккаунт)
42699997,84180098,INSTAGRAM неразобранное,143,Закрыто и не реализовано,2026-06-23T11:40:15.000Z,13216486,Admin (тех. аккаунт)
42699621,84180098,INSTAGRAM неразобранное,143,Закрыто и не реализовано,2026-06-23T11:40:15.000Z,13216486,Admin (тех. аккаунт)
42698651,84180098,INSTAGRAM неразобранное,143,Закрыто и не реализовано,2026-06-23T11:40:15.000Z,13216486,Admin (тех. аккаунт)
42697979,84180098,INSTAGRAM неразобранное,143,Закрыто и не реализовано,2026-06-23T11:40:15.000Z,13216486,Admin (тех. аккаунт)
42695251,84174870,Неразобранное,143,Закрыто и не реализовано,2026-06-23T11:40:15.000Z,13216486,Admin (тех. аккаунт)
42692297,84174870,Неразобранное,143,Закрыто и не реализовано,2026-06-23T11:40:15.000Z,13216486,Admin (тех. аккаунт)
42678687,84180098,INSTAGRAM неразобранное,143,Закрыто и не реализовано,2026-06-23T11:40:14.000Z,13216486,Admin (тех. аккаунт)
42678297,84180098,INSTAGRAM неразобранное,143,Закрыто и не реализовано,2026-06-23T11:40:14.000Z,13216486,Admin (тех. аккаунт)
42677863,84174870,Неразобранное,143,Закрыто и не реализовано,2026-06-23T11:40:14.000Z,13216486,Admin (тех. аккаунт)
42671315,84180098,INSTAGRAM неразобранное,143,Закрыто и не реализовано,2026-06-23T11:40:14.000Z,13216486,Admin (тех. аккаунт)
42676779,84174870,Неразобранное,143,Закрыто и не реализовано,2026-06-23T11:40:14.000Z,13216486,Admin (тех. аккаунт)
42676757,84174870,Неразобранное,143,Закрыто и не реализовано,2026-06-23T11:40:14.000Z,13216486,Admin (тех. аккаунт)
42671007,84174870,Неразобранное,143,Закрыто и не реализовано,2026-06-23T11:40:14.000Z,13216486,Admin (тех. аккаунт)
42674729,84180098,INSTAGRAM неразобранное,143,Закрыто и не реализовано,2026-06-23T11:40:14.000Z,13216486,Admin (тех. аккаунт)
42674425,84180098,INSTAGRAM неразобранное,143,Закрыто и не реализовано,2026-06-23T11:40:14.000Z,13216486,Admin (тех. аккаунт)
42672449,84180098,INSTAGRAM неразобранное,143,Закрыто и не реализовано,2026-06-23T11:40:14.000Z,13216486,Admin (тех. аккаунт)
42667721,84174870,Неразобранное,143,Закрыто и не реализовано,2026-06-23T11:40:13.000Z,13216486,Admin (тех. аккаунт)
42670839,84180098,INSTAGRAM неразобранное,143,Закрыто и не реализовано,2026-06-23T11:40:13.000Z,13216486,Admin (тех. аккаунт)
42670503,84174870,Неразобранное,143,Закрыто и не реализовано,2026-06-23T11:40:13.000Z,13216486,Admin (тех. аккаунт)
42669755,84180098,INSTAGRAM неразобранное,143,Закрыто и не реализовано,2026-06-23T11:40:13.000Z,13216486,Admin (тех. аккаунт)
42669179,84174870,Неразобранное,143,Закрыто и не реализовано,2026-06-23T11:40:13.000Z,13216486,Admin (тех. аккаунт)
42669041,84180098,INSTAGRAM неразобранное,143,Закрыто и не реализовано,2026-06-23T11:40:13.000Z,13216486,Admin (тех. аккаунт)
42667763,84174870,Неразобранное,143,Закрыто и не реализовано,2026-06-23T11:40:13.000Z,13216486,Admin (тех. аккаунт)
42666205,84174870,Неразобранное,143,Закрыто и не реализовано,2026-06-23T11:40:12.000Z,13216486,Admin (тех. аккаунт)
42665503,84180098,INSTAGRAM неразобранное,143,Закрыто и не реализовано,2026-06-23T11:40:12.000Z,13216486,Admin (тех. аккаунт)
42664531,84174870,Неразобранное,143,Закрыто и не реализовано,2026-06-23T11:40:12.000Z,13216486,Admin (тех. аккаунт)
42664097,84180098,INSTAGRAM неразобранное,143,Закрыто и не реализовано,2026-06-23T11:40:12.000Z,13216486,Admin (тех. аккаунт)
42657741,84180098,INSTAGRAM неразобранное,143,Закрыто и не реализовано,2026-06-23T11:40:12.000Z,13216486,Admin (тех. аккаунт)
42656549,84174870,Неразобранное,143,Закрыто и не реализовано,2026-06-23T11:40:12.000Z,13216486,Admin (тех. аккаунт)
42872529,84180098,INSTAGRAM неразобранное,143,Закрыто и не реализовано,2026-06-23T11:40:11.000Z,13216486,Admin (тех. аккаунт)
42654389,84180098,INSTAGRAM неразобранное,143,Закрыто и не реализовано,2026-06-23T11:40:11.000Z,13216486,Admin (тех. аккаунт)
42647959,84174870,Неразобранное,143,Закрыто и не реализовано,2026-06-23T11:40:11.000Z,13216486,Admin (тех. аккаунт)
42646903,84180098,INSTAGRAM неразобранное,143,Закрыто и не реализовано,2026-06-23T11:40:11.000Z,13216486,Admin (тех. аккаунт)
42644033,84174870,Неразобранное,143,Закрыто и не реализовано,2026-06-23T11:40:11.000Z,13216486,Admin (тех. аккаунт)
42871639,84174870,Неразобранное,143,Закрыто и не реализовано,2026-06-23T11:40:10.000Z,13216486,Admin (тех. аккаунт)
42871627,84174870,Неразобранное,143,Закрыто и не реализовано,2026-06-23T11:40:10.000Z,13216486,Admin (тех. аккаунт)
42871517,84174870,Неразобранное,143,Закрыто и не реализовано,2026-06-23T11:40:10.000Z,13216486,Admin (тех. аккаунт)
42871463,84174870,Неразобранное,143,Закрыто и не реализовано,2026-06-23T11:40:10.000Z,13216486,Admin (тех. аккаунт)
42865761,84174870,Неразобранное,143,Закрыто и не реализовано,2026-06-23T11:40:09.000Z,13216486,Admin (тех. аккаунт)
42860507,84174870,Неразобранное,143,Закрыто и не реализовано,2026-06-23T11:40:09.000Z,13216486,Admin (тех. аккаунт)
42847271,84180098,INSTAGRAM неразобранное,143,Закрыто и не реализовано,2026-06-23T11:40:09.000Z,13216486,Admin (тех. аккаунт)
42844131,84174870,Неразобранное,143,Закрыто и не реализовано,2026-06-23T11:40:09.000Z,13216486,Admin (тех. аккаунт)
42842791,84174870,Неразобранное,143,Закрыто и не реализовано,2026-06-23T11:40:09.000Z,13216486,Admin (тех. аккаунт)
42837327,84174870,Неразобранное,143,Закрыто и не реализовано,2026-06-23T11:40:08.000Z,13216486,Admin (тех. аккаунт)
42835967,84174870,Неразобранное,143,Закрыто и не реализовано,2026-06-23T11:40:08.000Z,13216486,Admin (тех. аккаунт)
42835783,84180098,INSTAGRAM неразобранное,143,Закрыто и не реализовано,2026-06-23T11:40:08.000Z,13216486,Admin (тех. аккаунт)
42832281,84180098,INSTAGRAM неразобранное,143,Закрыто и не реализовано,2026-06-23T11:40:08.000Z,13216486,Admin (тех. аккаунт)
42833503,84174870,Неразобранное,143,Закрыто и не реализовано,2026-06-23T11:40:08.000Z,13216486,Admin (тех. аккаунт)
42833243,84174870,Неразобранное,143,Закрыто и не реализовано,2026-06-23T11:40:08.000Z,13216486,Admin (тех. аккаунт)
42832249,84174870,Неразобранное,143,Закрыто и не реализовано,2026-06-23T11:40:07.000Z,13216486,Admin (тех. аккаунт)
42832111,84174870,Неразобранное,143,Закрыто и не реализовано,2026-06-23T11:40:07.000Z,13216486,Admin (тех. аккаунт)
42828935,84174870,Неразобранное,143,Закрыто и не реализовано,2026-06-23T11:40:07.000Z,13216486,Admin (тех. аккаунт)
42828919,84180098,INSTAGRAM неразобранное,143,Закрыто и не реализовано,2026-06-23T11:40:07.000Z,13216486,Admin (тех. аккаунт)
42828243,84174870,Неразобранное,143,Закрыто и не реализовано,2026-06-23T11:40:06.000Z,13216486,Admin (тех. аккаунт)
42826985,84174870,Неразобранное,143,Закрыто и не реализовано,2026-06-23T11:40:06.000Z,13216486,Admin (тех. аккаунт)
42826919,84180098,INSTAGRAM неразобранное,143,Закрыто и не реализовано,2026-06-23T11:40:06.000Z,13216486,Admin (тех. аккаунт)
42826591,84174870,Неразобранное,143,Закрыто и не реализовано,2026-06-23T11:40:06.000Z,13216486,Admin (тех. аккаунт)
42826557,84180098,INSTAGRAM неразобранное,143,Закрыто и не реализовано,2026-06-23T11:40:06.000Z,13216486,Admin (тех. аккаунт)
42825873,84174870,Неразобранное,143,Закрыто и не реализовано,2026-06-23T11:40:06.000Z,13216486,Admin (тех. аккаунт)
42825201,84180098,INSTAGRAM неразобранное,143,Закрыто и не реализовано,2026-06-23T11:40:05.000Z,13216486,Admin (тех. аккаунт)
42824683,84180098,INSTAGRAM неразобранное,143,Закрыто и не реализовано,2026-06-23T11:40:05.000Z,13216486,Admin (тех. аккаунт)
42824679,84180098,INSTAGRAM неразобранное,143,Закрыто и не реализовано,2026-06-23T11:40:05.000Z,13216486,Admin (тех. аккаунт)
42824623,84180098,INSTAGRAM неразобранное,143,Закрыто и не реализовано,2026-06-23T11:40:05.000Z,13216486,Admin (тех. аккаунт)
42824103,84180098,INSTAGRAM неразобранное,143,Закрыто и не реализовано,2026-06-23T11:40:05.000Z,13216486,Admin (тех. аккаунт)
42823885,84180098,INSTAGRAM неразобранное,143,Закрыто и не реализовано,2026-06-23T11:40:05.000Z,13216486,Admin (тех. аккаунт)
42822729,84174870,Неразобранное,143,Закрыто и не реализовано,2026-06-23T11:40:05.000Z,13216486,Admin (тех. аккаунт)
42822617,84174870,Неразобранное,143,Закрыто и не реализовано,2026-06-23T11:40:05.000Z,13216486,Admin (тех. аккаунт)
42822173,84174870,Неразобранное,143,Закрыто и не реализовано,2026-06-23T11:40:05.000Z,13216486,Admin (тех. аккаунт)
42822049,84174870,Неразобранное,143,Закрыто и не реализовано,2026-06-23T11:40:04.000Z,13216486,Admin (тех. аккаунт)
42821493,84180098,INSTAGRAM неразобранное,143,Закрыто и не реализовано,2026-06-23T11:40:04.000Z,13216486,Admin (тех. аккаунт)
42819267,84174870,Неразобранное,143,Закрыто и не реализовано,2026-06-23T11:40:04.000Z,13216486,Admin (тех. аккаунт)
42800429,84180098,INSTAGRAM неразобранное,143,Закрыто и не реализовано,2026-06-23T11:40:04.000Z,13216486,Admin (тех. аккаунт)
42815839,84180098,INSTAGRAM неразобранное,143,Закрыто и не реализовано,2026-06-23T11:40:04.000Z,13216486,Admin (тех. аккаунт)
42814803,84174870,Неразобранное,143,Закрыто и не реализовано,2026-06-23T11:40:04.000Z,13216486,Admin (тех. аккаунт)
42810261,84174870,Неразобранное,143,Закрыто и не реализовано,2026-06-23T11:40:04.000Z,13216486,Admin (тех. аккаунт)
42799301,84174870,Неразобранное,143,Закрыто и не реализовано,2026-06-23T11:40:04.000Z,13216486,Admin (тех. аккаунт)
42795687,84180098,INSTAGRAM неразобранное,143,Закрыто и не реализовано,2026-06-23T11:40:03.000Z,13216486,Admin (тех. аккаунт)
42794035,84174870,Неразобранное,143,Закрыто и не реализовано,2026-06-23T11:40:03.000Z,13216486,Admin (тех. аккаунт)
42791671,84174870,Неразобранное,143,Закрыто и не реализовано,2026-06-23T11:40:03.000Z,13216486,Admin (тех. аккаунт)
42791361,84174870,Неразобранное,143,Закрыто и не реализовано,2026-06-23T11:40:03.000Z,13216486,Admin (тех. аккаунт)
42789587,84174870,Неразобранное,143,Закрыто и не реализовано,2026-06-23T11:40:03.000Z,13216486,Admin (тех. аккаунт)
42781151,84180098,INSTAGRAM неразобранное,143,Закрыто и не реализовано,2026-06-23T11:40:02.000Z,13216486,Admin (тех. аккаунт)
42777269,84174870,Неразобранное,143,Закрыто и не реализовано,2026-06-23T11:40:02.000Z,13216486,Admin (тех. аккаунт)
42890981,84180098,INSTAGRAM неразобранное,143,Закрыто и не реализовано,2026-06-23T11:40:02.000Z,13216486,Admin (тех. аккаунт)
42891481,84180098,INSTAGRAM неразобранное,143,Закрыто и не реализовано,2026-06-23T11:40:02.000Z,13216486,Admin (тех. аккаунт)
42891421,84180098,INSTAGRAM неразобранное,143,Закрыто и не реализовано,2026-06-23T11:40:02.000Z,13216486,Admin (тех. аккаунт)
42891263,84180098,INSTAGRAM неразобранное,143,Закрыто и не реализовано,2026-06-23T11:40:02.000Z,13216486,Admin (тех. аккаунт)
42891127,84180098,INSTAGRAM неразобранное,143,Закрыто и не реализовано,2026-06-23T11:40:02.000Z,13216486,Admin (тех. аккаунт)
42890771,84180098,INSTAGRAM неразобранное,143,Закрыто и не реализовано,2026-06-23T11:40:01.000Z,13216486,Admin (тех. аккаунт)
42889717,84180098,INSTAGRAM неразобранное,143,Закрыто и не реализовано,2026-06-23T11:40:01.000Z,13216486,Admin (тех. аккаунт)
42890741,84180098,INSTAGRAM неразобранное,143,Закрыто и не реализовано,2026-06-23T11:40:01.000Z,13216486,Admin (тех. аккаунт)
42890495,84180098,INSTAGRAM неразобранное,143,Закрыто и не реализовано,2026-06-23T11:40:01.000Z,13216486,Admin (тех. аккаунт)
42890317,84180098,INSTAGRAM неразобранное,143,Закрыто и не реализовано,2026-06-23T11:40:01.000Z,13216486,Admin (тех. аккаунт)
42889387,84180098,INSTAGRAM неразобранное,143,Закрыто и не реализовано,2026-06-23T11:40:01.000Z,13216486,Admin (тех. аккаунт)
42890289,84180098,INSTAGRAM неразобранное,143,Закрыто и не реализовано,2026-06-23T11:40:01.000Z,13216486,Admin (тех. аккаунт)
42890239,84180098,INSTAGRAM неразобранное,143,Закрыто и не реализовано,2026-06-23T11:40:01.000Z,13216486,Admin (тех. аккаунт)
42889131,84174870,Неразобранное,143,Закрыто и не реализовано,2026-06-23T11:40:00.000Z,13216486,Admin (тех. аккаунт)
42889061,84180098,INSTAGRAM неразобранное,143,Закрыто и не реализовано,2026-06-23T11:40:00.000Z,13216486,Admin (тех. аккаунт)
42887669,84180098,INSTAGRAM неразобранное,143,Закрыто и не реализовано,2026-06-23T11:40:00.000Z,13216486,Admin (тех. аккаунт)
42889025,84180098,INSTAGRAM неразобранное,143,Закрыто и не реализовано,2026-06-23T11:40:00.000Z,13216486,Admin (тех. аккаунт)
42889005,84180098,INSTAGRAM неразобранное,143,Закрыто и не реализовано,2026-06-23T11:40:00.000Z,13216486,Admin (тех. аккаунт)
42888941,84180098,INSTAGRAM неразобранное,143,Закрыто и не реализовано,2026-06-23T11:40:00.000Z,13216486,Admin (тех. аккаунт)
42888827,84180098,INSTAGRAM неразобранное,143,Закрыто и не реализовано,2026-06-23T11:40:00.000Z,13216486,Admin (тех. аккаунт)
42888791,84180098,INSTAGRAM неразобранное,143,Закрыто и не реализовано,2026-06-23T11:40:00.000Z,13216486,Admin (тех. аккаунт)
42888083,84174870,Неразобранное,143,Закрыто и не реализовано,2026-06-23T11:40:00.000Z,13216486,Admin (тех. аккаунт)
42887303,84180098,INSTAGRAM неразобранное,143,Закрыто и не реализовано,2026-06-23T11:39:59.000Z,13216486,Admin (тех. аккаунт)
42886525,84180098,INSTAGRAM неразобранное,143,Закрыто и не реализовано,2026-06-23T11:39:59.000Z,13216486,Admin (тех. аккаунт)
42886063,84174870,Неразобранное,143,Закрыто и не реализовано,2026-06-23T11:39:59.000Z,13216486,Admin (тех. аккаунт)
42886051,84180098,INSTAGRAM неразобранное,143,Закрыто и не реализовано,2026-06-23T11:39:59.000Z,13216486,Admin (тех. аккаунт)
42885983,84180098,INSTAGRAM неразобранное,143,Закрыто и не реализовано,2026-06-23T11:39:59.000Z,13216486,Admin (тех. аккаунт)
42885939,84180098,INSTAGRAM неразобранное,143,Закрыто и не реализовано,2026-06-23T11:39:59.000Z,13216486,Admin (тех. аккаунт)
42885811,84180098,INSTAGRAM неразобранное,143,Закрыто и не реализовано,2026-06-23T11:39:59.000Z,13216486,Admin (тех. аккаунт)
42885735,84180098,INSTAGRAM неразобранное,143,Закрыто и не реализовано,2026-06-23T11:39:59.000Z,13216486,Admin (тех. аккаунт)
42885707,84180098,INSTAGRAM неразобранное,143,Закрыто и не реализовано,2026-06-23T11:39:59.000Z,13216486,Admin (тех. аккаунт)
42885463,84180098,INSTAGRAM неразобранное,143,Закрыто и не реализовано,2026-06-23T11:39:59.000Z,13216486,Admin (тех. аккаунт)
42885353,84180098,INSTAGRAM неразобранное,143,Закрыто и не реализовано,2026-06-23T11:39:59.000Z,13216486,Admin (тех. аккаунт)
42880903,84174870,Неразобранное,143,Закрыто и не реализовано,2026-06-23T11:39:58.000Z,13216486,Admin (тех. аккаунт)
42885225,84180098,INSTAGRAM неразобранное,143,Закрыто и не реализовано,2026-06-23T11:39:58.000Z,13216486,Admin (тех. аккаунт)
42885099,84180098,INSTAGRAM неразобранное,143,Закрыто и не реализовано,2026-06-23T11:39:58.000Z,13216486,Admin (тех. аккаунт)
42885001,84180098,INSTAGRAM неразобранное,143,Закрыто и не реализовано,2026-06-23T11:39:58.000Z,13216486,Admin (тех. аккаунт)
42884889,84174870,Неразобранное,143,Закрыто и не реализовано,2026-06-23T11:39:58.000Z,13216486,Admin (тех. аккаунт)
42884691,84174870,Неразобранное,143,Закрыто и не реализовано,2026-06-23T11:39:58.000Z,13216486,Admin (тех. аккаунт)
42884663,84180098,INSTAGRAM неразобранное,143,Закрыто и не реализовано,2026-06-23T11:39:58.000Z,13216486,Admin (тех. аккаунт)
42883813,84180098,INSTAGRAM неразобранное,143,Закрыто и не реализовано,2026-06-23T11:39:58.000Z,13216486,Admin (тех. аккаунт)
42883675,84180098,INSTAGRAM неразобранное,143,Закрыто и не реализовано,2026-06-23T11:39:58.000Z,13216486,Admin (тех. аккаунт)
42883479,84180098,INSTAGRAM неразобранное,143,Закрыто и не реализовано,2026-06-23T11:39:58.000Z,13216486,Admin (тех. аккаунт)
42880981,84180098,INSTAGRAM неразобранное,143,Закрыто и не реализовано,2026-06-23T11:39:58.000Z,13216486,Admin (тех. аккаунт)
42878921,84174870,Неразобранное,143,Закрыто и не реализовано,2026-06-23T11:39:57.000Z,13216486,Admin (тех. аккаунт)
42876653,84180098,INSTAGRAM неразобранное,143,Закрыто и не реализовано,2026-06-23T11:39:57.000Z,13216486,Admin (тех. аккаунт)
42876631,84174870,Неразобранное,143,Закрыто и не реализовано,2026-06-23T11:39:57.000Z,13216486,Admin (тех. аккаунт)
42875179,84180098,INSTAGRAM неразобранное,143,Закрыто и не реализовано,2026-06-23T11:39:57.000Z,13216486,Admin (тех. аккаунт)
42874979,84174870,Неразобранное,143,Закрыто и не реализовано,2026-06-23T11:39:57.000Z,13216486,Admin (тех. аккаунт)
42873591,84174870,Неразобранное,143,Закрыто и не реализовано,2026-06-23T11:39:57.000Z,13216486,Admin (тех. аккаунт)
42924027,84180098,INSTAGRAM неразобранное,143,Закрыто и не реализовано,2026-06-23T11:39:56.000Z,13216486,Admin (тех. аккаунт)
42923467,84180098,INSTAGRAM неразобранное,143,Закрыто и не реализовано,2026-06-23T11:39:56.000Z,13216486,Admin (тех. аккаунт)
42923403,84174870,Неразобранное,143,Закрыто и не реализовано,2026-06-23T11:39:56.000Z,13216486,Admin (тех. аккаунт)
42923393,84180098,INSTAGRAM неразобранное,143,Закрыто и не реализовано,2026-06-23T11:39:56.000Z,13216486,Admin (тех. аккаунт)
42923341,84180098,INSTAGRAM неразобранное,143,Закрыто и не реализовано,2026-06-23T11:39:56.000Z,13216486,Admin (тех. аккаунт)
42923021,84180098,INSTAGRAM неразобранное,143,Закрыто и не реализовано,2026-06-23T11:39:56.000Z,13216486,Admin (тех. аккаунт)
42923005,84180098,INSTAGRAM неразобранное,143,Закрыто и не реализовано,2026-06-23T11:39:56.000Z,13216486,Admin (тех. аккаунт)
42921749,84180098,INSTAGRAM неразобранное,143,Закрыто и не реализовано,2026-06-23T11:39:56.000Z,13216486,Admin (тех. аккаунт)
42921611,84180098,INSTAGRAM неразобранное,143,Закрыто и не реализовано,2026-06-23T11:39:56.000Z,13216486,Admin (тех. аккаунт)
42921481,84174870,Неразобранное,143,Закрыто и не реализовано,2026-06-23T11:39:55.000Z,13216486,Admin (тех. аккаунт)
42917643,84180098,INSTAGRAM неразобранное,143,Закрыто и не реализовано,2026-06-23T11:39:55.000Z,13216486,Admin (тех. аккаунт)
42921479,84180098,INSTAGRAM неразобранное,143,Закрыто и не реализовано,2026-06-23T11:39:55.000Z,13216486,Admin (тех. аккаунт)
42920993,84180098,INSTAGRAM неразобранное,143,Закрыто и не реализовано,2026-06-23T11:39:55.000Z,13216486,Admin (тех. аккаунт)
42920787,84180098,INSTAGRAM неразобранное,143,Закрыто и не реализовано,2026-06-23T11:39:55.000Z,13216486,Admin (тех. аккаунт)
42920745,84180098,INSTAGRAM неразобранное,143,Закрыто и не реализовано,2026-06-23T11:39:55.000Z,13216486,Admin (тех. аккаунт)
42920021,84180098,INSTAGRAM неразобранное,143,Закрыто и не реализовано,2026-06-23T11:39:55.000Z,13216486,Admin (тех. аккаунт)
42917535,84180098,INSTAGRAM неразобранное,143,Закрыто и не реализовано,2026-06-23T11:39:55.000Z,13216486,Admin (тех. аккаунт)
42918825,84180098,INSTAGRAM неразобранное,143,Закрыто и не реализовано,2026-06-23T11:39:55.000Z,13216486,Admin (тех. аккаунт)
42918707,84180098,INSTAGRAM неразобранное,143,Закрыто и не реализовано,2026-06-23T11:39:55.000Z,13216486,Admin (тех. аккаунт)
42918613,84180098,INSTAGRAM неразобранное,143,Закрыто и не реализовано,2026-06-23T11:39:55.000Z,13216486,Admin (тех. аккаунт)
42918539,84180098,INSTAGRAM неразобранное,143,Закрыто и не реализовано,2026-06-23T11:39:55.000Z,13216486,Admin (тех. аккаунт)
42918381,84180098,INSTAGRAM неразобранное,143,Закрыто и не реализовано,2026-06-23T11:39:55.000Z,13216486,Admin (тех. аккаунт)
42916079,84174870,Неразобранное,143,Закрыто и не реализовано,2026-06-23T11:39:54.000Z,13216486,Admin (тех. аккаунт)
42909955,84180098,INSTAGRAM неразобранное,143,Закрыто и не реализовано,2026-06-23T11:39:54.000Z,13216486,Admin (тех. аккаунт)
42907469,84180098,INSTAGRAM неразобранное,143,Закрыто и не реализовано,2026-06-23T11:39:54.000Z,13216486,Admin (тех. аккаунт)
42907163,84180098,INSTAGRAM неразобранное,143,Закрыто и не реализовано,2026-06-23T11:39:54.000Z,13216486,Admin (тех. аккаунт)
42906253,84180098,INSTAGRAM неразобранное,143,Закрыто и не реализовано,2026-06-23T11:39:54.000Z,13216486,Admin (тех. аккаунт)
42906185,84180098,INSTAGRAM неразобранное,143,Закрыто и не реализовано,2026-06-23T11:39:54.000Z,13216486,Admin (тех. аккаунт)
42906071,84174870,Неразобранное,143,Закрыто и не реализовано,2026-06-23T11:39:54.000Z,13216486,Admin (тех. аккаунт)
42905887,84174870,Неразобранное,143,Закрыто и не реализовано,2026-06-23T11:39:54.000Z,13216486,Admin (тех. аккаунт)
42905467,84180098,INSTAGRAM неразобранное,143,Закрыто и не реализовано,2026-06-23T11:39:53.000Z,13216486,Admin (тех. аккаунт)
42905453,84174870,Неразобранное,143,Закрыто и не реализовано,2026-06-23T11:39:53.000Z,13216486,Admin (тех. аккаунт)
42900673,84174870,Неразобранное,143,Закрыто и не реализовано,2026-06-23T11:39:53.000Z,13216486,Admin (тех. аккаунт)
42904869,84174870,Неразобранное,143,Закрыто и не реализовано,2026-06-23T11:39:53.000Z,13216486,Admin (тех. аккаунт)
42904851,84180098,INSTAGRAM неразобранное,143,Закрыто и не реализовано,2026-06-23T11:39:53.000Z,13216486,Admin (тех. аккаунт)
42904459,84180098,INSTAGRAM неразобранное,143,Закрыто и не реализовано,2026-06-23T11:39:53.000Z,13216486,Admin (тех. аккаунт)
42903959,84174870,Неразобранное,143,Закрыто и не реализовано,2026-06-23T11:39:53.000Z,13216486,Admin (тех. аккаунт)
42900903,84180098,INSTAGRAM неразобранное,143,Закрыто и не реализовано,2026-06-23T11:39:53.000Z,13216486,Admin (тех. аккаунт)
42899541,84180098,INSTAGRAM неразобранное,143,Закрыто и не реализовано,2026-06-23T11:39:52.000Z,13216486,Admin (тех. аккаунт)
42899355,84180098,INSTAGRAM неразобранное,143,Закрыто и не реализовано,2026-06-23T11:39:52.000Z,13216486,Admin (тех. аккаунт)
42898653,84174870,Неразобранное,143,Закрыто и не реализовано,2026-06-23T11:39:52.000Z,13216486,Admin (тех. аккаунт)
42897971,84180098,INSTAGRAM неразобранное,143,Закрыто и не реализовано,2026-06-23T11:39:52.000Z,13216486,Admin (тех. аккаунт)
42895567,84174870,Неразобранное,143,Закрыто и не реализовано,2026-06-23T11:39:52.000Z,13216486,Admin (тех. аккаунт)
42896359,84174870,Неразобранное,143,Закрыто и не реализовано,2026-06-23T11:39:52.000Z,13216486,Admin (тех. аккаунт)
42895947,84180098,INSTAGRAM неразобранное,143,Закрыто и не реализовано,2026-06-23T11:39:52.000Z,13216486,Admin (тех. аккаунт)
42892337,84180098,INSTAGRAM неразобранное,143,Закрыто и не реализовано,2026-06-23T11:39:51.000Z,13216486,Admin (тех. аккаунт)
42891671,84174870,Неразобранное,143,Закрыто и не реализовано,2026-06-23T11:39:51.000Z,13216486,Admin (тех. аккаунт)
42891627,84174870,Неразобранное,143,Закрыто и не реализовано,2026-06-23T11:39:51.000Z,13216486,Admin (тех. аккаунт)
42891625,84174870,Неразобранное,143,Закрыто и не реализовано,2026-06-23T11:39:51.000Z,13216486,Admin (тех. аккаунт)
42891607,84174870,Неразобранное,143,Закрыто и не реализовано,2026-06-23T11:39:51.000Z,13216486,Admin (тех. аккаунт)
42947199,84180098,INSTAGRAM неразобранное,143,Закрыто и не реализовано,2026-06-23T11:39:50.000Z,13216486,Admin (тех. аккаунт)
42947097,84174870,Неразобранное,143,Закрыто и не реализовано,2026-06-23T11:39:50.000Z,13216486,Admin (тех. аккаунт)
42942975,84180098,INSTAGRAM неразобранное,143,Закрыто и не реализовано,2026-06-23T11:39:50.000Z,13216486,Admin (тех. аккаунт)
42942627,84174870,Неразобранное,143,Закрыто и не реализовано,2026-06-23T11:39:50.000Z,13216486,Admin (тех. аккаунт)
42941083,84180098,INSTAGRAM неразобранное,143,Закрыто и не реализовано,2026-06-23T11:39:50.000Z,13216486,Admin (тех. аккаунт)
42938403,84174870,Неразобранное,143,Закрыто и не реализовано,2026-06-23T11:39:50.000Z,13216486,Admin (тех. аккаунт)
42937719,84174870,Неразобранное,143,Закрыто и не реализовано,2026-06-23T11:39:49.000Z,13216486,Admin (тех. аккаунт)
42935735,84180098,INSTAGRAM неразобранное,143,Закрыто и не реализовано,2026-06-23T11:39:49.000Z,13216486,Admin (тех. аккаунт)
42934925,84180098,INSTAGRAM неразобранное,143,Закрыто и не реализовано,2026-06-23T11:39:49.000Z,13216486,Admin (тех. аккаунт)
42935685,84180098,INSTAGRAM неразобранное,143,Закрыто и не реализовано,2026-06-23T11:39:49.000Z,13216486,Admin (тех. аккаунт)
42935605,84180098,INSTAGRAM неразобранное,143,Закрыто и не реализовано,2026-06-23T11:39:49.000Z,13216486,Admin (тех. аккаунт)
42935493,84180098,INSTAGRAM неразобранное,143,Закрыто и не реализовано,2026-06-23T11:39:49.000Z,13216486,Admin (тех. аккаунт)
42935387,84180098,INSTAGRAM неразобранное,143,Закрыто и не реализовано,2026-06-23T11:39:49.000Z,13216486,Admin (тех. аккаунт)
42935305,84180098,INSTAGRAM неразобранное,143,Закрыто и не реализовано,2026-06-23T11:39:49.000Z,13216486,Admin (тех. аккаунт)
42935291,84180098,INSTAGRAM неразобранное,143,Закрыто и не реализовано,2026-06-23T11:39:49.000Z,13216486,Admin (тех. аккаунт)
42935157,84180098,INSTAGRAM неразобранное,143,Закрыто и не реализовано,2026-06-23T11:39:49.000Z,13216486,Admin (тех. аккаунт)
42934559,84180098,INSTAGRAM неразобранное,143,Закрыто и не реализовано,2026-06-23T11:39:48.000Z,13216486,Admin (тех. аккаунт)
42934361,84180098,INSTAGRAM неразобранное,143,Закрыто и не реализовано,2026-06-23T11:39:48.000Z,13216486,Admin (тех. аккаунт)
42934225,84180098,INSTAGRAM неразобранное,143,Закрыто и не реализовано,2026-06-23T11:39:48.000Z,13216486,Admin (тех. аккаунт)
42934139,84180098,INSTAGRAM неразобранное,143,Закрыто и не реализовано,2026-06-23T11:39:48.000Z,13216486,Admin (тех. аккаунт)
42934043,84180098,INSTAGRAM неразобранное,143,Закрыто и не реализовано,2026-06-23T11:39:48.000Z,13216486,Admin (тех. аккаунт)
42933901,84180098,INSTAGRAM неразобранное,143,Закрыто и не реализовано,2026-06-23T11:39:48.000Z,13216486,Admin (тех. аккаунт)
42933797,84180098,INSTAGRAM неразобранное,143,Закрыто и не реализовано,2026-06-23T11:39:48.000Z,13216486,Admin (тех. аккаунт)
42932491,84180098,INSTAGRAM неразобранное,143,Закрыто и не реализовано,2026-06-23T11:39:48.000Z,13216486,Admin (тех. аккаунт)
42932313,84180098,INSTAGRAM неразобранное,143,Закрыто и не реализовано,2026-06-23T11:39:48.000Z,13216486,Admin (тех. аккаунт)
42932225,84180098,INSTAGRAM неразобранное,143,Закрыто и не реализовано,2026-06-23T11:39:48.000Z,13216486,Admin (тех. аккаунт)
42932117,84174870,Неразобранное,143,Закрыто и не реализовано,2026-06-23T11:39:48.000Z,13216486,Admin (тех. аккаунт)
42931637,84180098,INSTAGRAM неразобранное,143,Закрыто и не реализовано,2026-06-23T11:39:47.000Z,13216486,Admin (тех. аккаунт)
42930613,84174870,Неразобранное,143,Закрыто и не реализовано,2026-06-23T11:39:47.000Z,13216486,Admin (тех. аккаунт)
42930463,84180098,INSTAGRAM неразобранное,143,Закрыто и не реализовано,2026-06-23T11:39:47.000Z,13216486,Admin (тех. аккаунт)
42929323,84180098,INSTAGRAM неразобранное,143,Закрыто и не реализовано,2026-06-23T11:39:47.000Z,13216486,Admin (тех. аккаунт)
42930311,84180098,INSTAGRAM неразобранное,143,Закрыто и не реализовано,2026-06-23T11:39:47.000Z,13216486,Admin (тех. аккаунт)
42930205,84180098,INSTAGRAM неразобранное,143,Закрыто и не реализовано,2026-06-23T11:39:47.000Z,13216486,Admin (тех. аккаунт)
42930193,84180098,INSTAGRAM неразобранное,143,Закрыто и не реализовано,2026-06-23T11:39:47.000Z,13216486,Admin (тех. аккаунт)
42930169,84180098,INSTAGRAM неразобранное,143,Закрыто и не реализовано,2026-06-23T11:39:47.000Z,13216486,Admin (тех. аккаунт)
42930105,84180098,INSTAGRAM неразобранное,143,Закрыто и не реализовано,2026-06-23T11:39:47.000Z,13216486,Admin (тех. аккаунт)
42929991,84180098,INSTAGRAM неразобранное,143,Закрыто и не реализовано,2026-06-23T11:39:47.000Z,13216486,Admin (тех. аккаунт)
42929919,84180098,INSTAGRAM неразобранное,143,Закрыто и не реализовано,2026-06-23T11:39:47.000Z,13216486,Admin (тех. аккаунт)
42929717,84180098,INSTAGRAM неразобранное,143,Закрыто и не реализовано,2026-06-23T11:39:47.000Z,13216486,Admin (тех. аккаунт)
42929137,84180098,INSTAGRAM неразобранное,143,Закрыто и не реализовано,2026-06-23T11:39:47.000Z,13216486,Admin (тех. аккаунт)
42929579,84180098,INSTAGRAM неразобранное,143,Закрыто и не реализовано,2026-06-23T11:39:47.000Z,13216486,Admin (тех. аккаунт)
42929043,84180098,INSTAGRAM неразобранное,143,Закрыто и не реализовано,2026-06-23T11:39:46.000Z,13216486,Admin (тех. аккаунт)
42928831,84180098,INSTAGRAM неразобранное,143,Закрыто и не реализовано,2026-06-23T11:39:46.000Z,13216486,Admin (тех. аккаунт)
42928795,84180098,INSTAGRAM неразобранное,143,Закрыто и не реализовано,2026-06-23T11:39:46.000Z,13216486,Admin (тех. аккаунт)
42928677,84180098,INSTAGRAM неразобранное,143,Закрыто и не реализовано,2026-06-23T11:39:46.000Z,13216486,Admin (тех. аккаунт)
42928651,84174870,Неразобранное,143,Закрыто и не реализовано,2026-06-23T11:39:46.000Z,13216486,Admin (тех. аккаунт)
42926561,84180098,INSTAGRAM неразобранное,143,Закрыто и не реализовано,2026-06-23T11:39:46.000Z,13216486,Admin (тех. аккаунт)
42926389,84180098,INSTAGRAM неразобранное,143,Закрыто и не реализовано,2026-06-23T11:39:46.000Z,13216486,Admin (тех. аккаунт)
42926333,84174870,Неразобранное,143,Закрыто и не реализовано,2026-06-23T11:39:46.000Z,13216486,Admin (тех. аккаунт)
42925115,84180098,INSTAGRAM неразобранное,143,Закрыто и не реализовано,2026-06-23T11:39:46.000Z,13216486,Admin (тех. аккаунт)
43015239,84180098,INSTAGRAM неразобранное,143,Закрыто и не реализовано,2026-06-23T11:39:44.000Z,13216486,Admin (тех. аккаунт)
43014891,84174882,Назначение визита,143,Закрыто и не реализовано,2026-06-23T11:39:44.000Z,13216486,Admin (тех. аккаунт)
43013555,84174870,Неразобранное,143,Закрыто и не реализовано,2026-06-23T11:39:44.000Z,13216486,Admin (тех. аккаунт)
43011937,84180098,INSTAGRAM неразобранное,143,Закрыто и не реализовано,2026-06-23T11:39:44.000Z,13216486,Admin (тех. аккаунт)
43010705,84174870,Неразобранное,143,Закрыто и не реализовано,2026-06-23T11:39:44.000Z,13216486,Admin (тех. аккаунт)
43011083,84180098,INSTAGRAM неразобранное,143,Закрыто и не реализовано,2026-06-23T11:39:44.000Z,13216486,Admin (тех. аккаунт)
43005751,84174870,Неразобранное,143,Закрыто и не реализовано,2026-06-23T11:39:43.000Z,13216486,Admin (тех. аккаунт)
42995555,84180098,INSTAGRAM неразобранное,143,Закрыто и не реализовано,2026-06-23T11:39:43.000Z,13216486,Admin (тех. аккаунт)
42994773,84180098,INSTAGRAM неразобранное,143,Закрыто и не реализовано,2026-06-23T11:39:43.000Z,13216486,Admin (тех. аккаунт)
42992939,84174870,Неразобранное,143,Закрыто и не реализовано,2026-06-23T11:39:43.000Z,13216486,Admin (тех. аккаунт)
42994581,84174870,Неразобранное,143,Закрыто и не реализовано,2026-06-23T11:39:43.000Z,13216486,Admin (тех. аккаунт)
42994539,84180098,INSTAGRAM неразобранное,143,Закрыто и не реализовано,2026-06-23T11:39:43.000Z,13216486,Admin (тех. аккаунт)
42994453,84180098,INSTAGRAM неразобранное,143,Закрыто и не реализовано,2026-06-23T11:39:43.000Z,13216486,Admin (тех. аккаунт)
42992635,84174870,Неразобранное,143,Закрыто и не реализовано,2026-06-23T11:39:42.000Z,13216486,Admin (тех. аккаунт)
42992337,84174870,Неразобранное,143,Закрыто и не реализовано,2026-06-23T11:39:42.000Z,13216486,Admin (тех. аккаунт)
42989093,84174870,Неразобранное,143,Закрыто и не реализовано,2026-06-23T11:39:42.000Z,13216486,Admin (тех. аккаунт)
42988601,84174870,Неразобранное,143,Закрыто и не реализовано,2026-06-23T11:39:42.000Z,13216486,Admin (тех. аккаунт)
42988137,84180098,INSTAGRAM неразобранное,143,Закрыто и не реализовано,2026-06-23T11:39:41.000Z,13216486,Admin (тех. аккаунт)
42987993,84180098,INSTAGRAM неразобранное,143,Закрыто и не реализовано,2026-06-23T11:39:41.000Z,13216486,Admin (тех. аккаунт)
42987957,84174870,Неразобранное,143,Закрыто и не реализовано,2026-06-23T11:39:41.000Z,13216486,Admin (тех. аккаунт)
42987123,84174870,Неразобранное,143,Закрыто и не реализовано,2026-06-23T11:39:41.000Z,13216486,Admin (тех. аккаунт)
42978507,84180098,INSTAGRAM неразобранное,143,Закрыто и не реализовано,2026-06-23T11:39:41.000Z,13216486,Admin (тех. аккаунт)
42975915,84180098,INSTAGRAM неразобранное,143,Закрыто и не реализовано,2026-06-23T11:39:41.000Z,13216486,Admin (тех. аккаунт)
42973535,84180098,INSTAGRAM неразобранное,143,Закрыто и не реализовано,2026-06-23T11:39:41.000Z,13216486,Admin (тех. аккаунт)
42972749,84174870,Неразобранное,143,Закрыто и не реализовано,2026-06-23T11:39:41.000Z,13216486,Admin (тех. аккаунт)
42970965,84174870,Неразобранное,143,Закрыто и не реализовано,2026-06-23T11:39:40.000Z,13216486,Admin (тех. аккаунт)
42970293,84174870,Неразобранное,143,Закрыто и не реализовано,2026-06-23T11:39:40.000Z,13216486,Admin (тех. аккаунт)
42966825,84174870,Неразобранное,143,Закрыто и не реализовано,2026-06-23T11:39:40.000Z,13216486,Admin (тех. аккаунт)
42968955,84180098,INSTAGRAM неразобранное,143,Закрыто и не реализовано,2026-06-23T11:39:40.000Z,13216486,Admin (тех. аккаунт)
42967609,84180098,INSTAGRAM неразобранное,143,Закрыто и не реализовано,2026-06-23T11:39:40.000Z,13216486,Admin (тех. аккаунт)
42966177,84180098,INSTAGRAM неразобранное,143,Закрыто и не реализовано,2026-06-23T11:39:39.000Z,13216486,Admin (тех. аккаунт)
42964691,84174870,Неразобранное,143,Закрыто и не реализовано,2026-06-23T11:39:39.000Z,13216486,Admin (тех. аккаунт)
42964407,84180098,INSTAGRAM неразобранное,143,Закрыто и не реализовано,2026-06-23T11:39:39.000Z,13216486,Admin (тех. аккаунт)
42964167,84174870,Неразобранное,143,Закрыто и не реализовано,2026-06-23T11:39:39.000Z,13216486,Admin (тех. аккаунт)
42963783,84180098,INSTAGRAM неразобранное,143,Закрыто и не реализовано,2026-06-23T11:39:39.000Z,13216486,Admin (тех. аккаунт)
42961745,84180098,INSTAGRAM неразобранное,143,Закрыто и не реализовано,2026-06-23T11:39:39.000Z,13216486,Admin (тех. аккаунт)
42960409,84174870,Неразобранное,143,Закрыто и не реализовано,2026-06-23T11:39:39.000Z,13216486,Admin (тех. аккаунт)
42960373,84174870,Неразобранное,143,Закрыто и не реализовано,2026-06-23T11:39:38.000Z,13216486,Admin (тех. аккаунт)
42959085,84180098,INSTAGRAM неразобранное,143,Закрыто и не реализовано,2026-06-23T11:39:38.000Z,13216486,Admin (тех. аккаунт)
42958223,84180098,INSTAGRAM неразобранное,143,Закрыто и не реализовано,2026-06-23T11:39:38.000Z,13216486,Admin (тех. аккаунт)
42955679,84174870,Неразобранное,143,Закрыто и не реализовано,2026-06-23T11:39:38.000Z,13216486,Admin (тех. аккаунт)
42954111,84180098,INSTAGRAM неразобранное,143,Закрыто и не реализовано,2026-06-23T11:39:38.000Z,13216486,Admin (тех. аккаунт)
42954667,84180098,INSTAGRAM неразобранное,143,Закрыто и не реализовано,2026-06-23T11:39:38.000Z,13216486,Admin (тех. аккаунт)
42953711,84180098,INSTAGRAM неразобранное,143,Закрыто и не реализовано,2026-06-23T11:39:37.000Z,13216486,Admin (тех. аккаунт)
42953319,84180098,INSTAGRAM неразобранное,143,Закрыто и не реализовано,2026-06-23T11:39:37.000Z,13216486,Admin (тех. аккаунт)
42953119,84180098,INSTAGRAM неразобранное,143,Закрыто и не реализовано,2026-06-23T11:39:37.000Z,13216486,Admin (тех. аккаунт)
42952353,84174870,Неразобранное,143,Закрыто и не реализовано,2026-06-23T11:39:37.000Z,13216486,Admin (тех. аккаунт)
42949049,84174870,Неразобранное,143,Закрыто и не реализовано,2026-06-23T11:39:37.000Z,13216486,Admin (тех. аккаунт)
42948655,84180098,INSTAGRAM неразобранное,143,Закрыто и не реализовано,2026-06-23T11:39:37.000Z,13216486,Admin (тех. аккаунт)
42947377,84174870,Неразобранное,143,Закрыто и не реализовано,2026-06-23T11:39:37.000Z,13216486,Admin (тех. аккаунт)
43058191,84174870,Неразобранное,143,Закрыто и не реализовано,2026-06-23T11:39:36.000Z,13216486,Admin (тех. аккаунт)
43057931,84180098,INSTAGRAM неразобранное,143,Закрыто и не реализовано,2026-06-23T11:39:36.000Z,13216486,Admin (тех. аккаунт)
43057245,84174870,Неразобранное,143,Закрыто и не реализовано,2026-06-23T11:39:36.000Z,13216486,Admin (тех. аккаунт)
43057055,84174870,Неразобранное,143,Закрыто и не реализовано,2026-06-23T11:39:36.000Z,13216486,Admin (тех. аккаунт)
43055999,84180098,INSTAGRAM неразобранное,143,Закрыто и не реализовано,2026-06-23T11:39:36.000Z,13216486,Admin (тех. аккаунт)
43054037,84174870,Неразобранное,143,Закрыто и не реализовано,2026-06-23T11:39:36.000Z,13216486,Admin (тех. аккаунт)
43053777,84180098,INSTAGRAM неразобранное,143,Закрыто и не реализовано,2026-06-23T11:39:35.000Z,13216486,Admin (тех. аккаунт)
43053745,84180098,INSTAGRAM неразобранное,143,Закрыто и не реализовано,2026-06-23T11:39:35.000Z,13216486,Admin (тех. аккаунт)
43053739,84174870,Неразобранное,143,Закрыто и не реализовано,2026-06-23T11:39:35.000Z,13216486,Admin (тех. аккаунт)
43053685,84174870,Неразобранное,143,Закрыто и не реализовано,2026-06-23T11:39:35.000Z,13216486,Admin (тех. аккаунт)
43053379,84174870,Неразобранное,143,Закрыто и не реализовано,2026-06-23T11:39:35.000Z,13216486,Admin (тех. аккаунт)
43053009,84180098,INSTAGRAM неразобранное,143,Закрыто и не реализовано,2026-06-23T11:39:34.000Z,13216486,Admin (тех. аккаунт)
43050489,84174870,Неразобранное,143,Закрыто и не реализовано,2026-06-23T11:39:34.000Z,13216486,Admin (тех. аккаунт)
43050121,84174870,Неразобранное,143,Закрыто и не реализовано,2026-06-23T11:39:34.000Z,13216486,Admin (тех. аккаунт)
43045973,84174870,Неразобранное,143,Закрыто и не реализовано,2026-06-23T11:39:34.000Z,13216486,Admin (тех. аккаунт)
43049025,84180098,INSTAGRAM неразобранное,143,Закрыто и не реализовано,2026-06-23T11:39:34.000Z,13216486,Admin (тех. аккаунт)
43047443,84174870,Неразобранное,143,Закрыто и не реализовано,2026-06-23T11:39:34.000Z,13216486,Admin (тех. аккаунт)
43046385,84174870,Неразобранное,143,Закрыто и не реализовано,2026-06-23T11:39:34.000Z,13216486,Admin (тех. аккаунт)
43042489,84174870,Неразобранное,143,Закрыто и не реализовано,2026-06-23T11:39:33.000Z,13216486,Admin (тех. аккаунт)
43040691,84180098,INSTAGRAM неразобранное,143,Закрыто и не реализовано,2026-06-23T11:39:33.000Z,13216486,Admin (тех. аккаунт)
43038383,84174870,Неразобранное,143,Закрыто и не реализовано,2026-06-23T11:39:33.000Z,13216486,Admin (тех. аккаунт)
43039841,84174870,Неразобранное,143,Закрыто и не реализовано,2026-06-23T11:39:33.000Z,13216486,Admin (тех. аккаунт)
43039343,84174870,Неразобранное,143,Закрыто и не реализовано,2026-06-23T11:39:33.000Z,13216486,Admin (тех. аккаунт)
43039199,84180098,INSTAGRAM неразобранное,143,Закрыто и не реализовано,2026-06-23T11:39:33.000Z,13216486,Admin (тех. аккаунт)
43037195,84174870,Неразобранное,143,Закрыто и не реализовано,2026-06-23T11:39:32.000Z,13216486,Admin (тех. аккаунт)
43035073,84180098,INSTAGRAM неразобранное,143,Закрыто и не реализовано,2026-06-23T11:39:32.000Z,13216486,Admin (тех. аккаунт)
43034409,84180098,INSTAGRAM неразобранное,143,Закрыто и не реализовано,2026-06-23T11:39:32.000Z,13216486,Admin (тех. аккаунт)
43031095,84174870,Неразобранное,143,Закрыто и не реализовано,2026-06-23T11:39:32.000Z,13216486,Admin (тех. аккаунт)
43030871,84174870,Неразобранное,143,Закрыто и не реализовано,2026-06-23T11:39:32.000Z,13216486,Admin (тех. аккаунт)
43028597,84174870,Неразобранное,143,Закрыто и не реализовано,2026-06-23T11:39:32.000Z,13216486,Admin (тех. аккаунт)
43028581,84180098,INSTAGRAM неразобранное,143,Закрыто и не реализовано,2026-06-23T11:39:31.000Z,13216486,Admin (тех. аккаунт)
43028387,84180098,INSTAGRAM неразобранное,143,Закрыто и не реализовано,2026-06-23T11:39:31.000Z,13216486,Admin (тех. аккаунт)
43028303,84180098,INSTAGRAM неразобранное,143,Закрыто и не реализовано,2026-06-23T11:39:31.000Z,13216486,Admin (тех. аккаунт)
43026033,84180098,INSTAGRAM неразобранное,143,Закрыто и не реализовано,2026-06-23T11:39:31.000Z,13216486,Admin (тех. аккаунт)
43024649,84174870,Неразобранное,143,Закрыто и не реализовано,2026-06-23T11:39:31.000Z,13216486,Admin (тех. аккаунт)
43024169,84180098,INSTAGRAM неразобранное,143,Закрыто и не реализовано,2026-06-23T11:39:31.000Z,13216486,Admin (тех. аккаунт)
43023061,84174870,Неразобранное,143,Закрыто и не реализовано,2026-06-23T11:39:31.000Z,13216486,Admin (тех. аккаунт)
43020797,84174870,Неразобранное,143,Закрыто и не реализовано,2026-06-23T11:39:31.000Z,13216486,Admin (тех. аккаунт)
43020217,84180098,INSTAGRAM неразобранное,143,Закрыто и не реализовано,2026-06-23T11:39:30.000Z,13216486,Admin (тех. аккаунт)
43019601,84180098,INSTAGRAM неразобранное,143,Закрыто и не реализовано,2026-06-23T11:39:30.000Z,13216486,Admin (тех. аккаунт)
43019583,84180098,INSTAGRAM неразобранное,143,Закрыто и не реализовано,2026-06-23T11:39:30.000Z,13216486,Admin (тех. аккаунт)
43019563,84174870,Неразобранное,143,Закрыто и не реализовано,2026-06-23T11:39:30.000Z,13216486,Admin (тех. аккаунт)
43016285,84174870,Неразобранное,143,Закрыто и не реализовано,2026-06-23T11:39:30.000Z,13216486,Admin (тех. аккаунт)
43018669,84180098,INSTAGRAM неразобранное,143,Закрыто и не реализовано,2026-06-23T11:39:30.000Z,13216486,Admin (тех. аккаунт)
43017981,84174870,Неразобранное,143,Закрыто и не реализовано,2026-06-23T11:39:30.000Z,13216486,Admin (тех. аккаунт)
43017783,84180098,INSTAGRAM неразобранное,143,Закрыто и не реализовано,2026-06-23T11:39:30.000Z,13216486,Admin (тех. аккаунт)
43016907,84180098,INSTAGRAM неразобранное,143,Закрыто и не реализовано,2026-06-23T11:39:30.000Z,13216486,Admin (тех. аккаунт)
43016871,84180098,INSTAGRAM неразобранное,143,Закрыто и не реализовано,2026-06-23T11:39:30.000Z,13216486,Admin (тех. аккаунт)
43016521,84180098,INSTAGRAM неразобранное,143,Закрыто и не реализовано,2026-06-23T11:39:30.000Z,13216486,Admin (тех. аккаунт)
43015861,84180098,INSTAGRAM неразобранное,143,Закрыто и не реализовано,2026-06-23T11:39:29.000Z,13216486,Admin (тех. аккаунт)
43116237,84174870,Неразобранное,143,Закрыто и не реализовано,2026-06-23T11:39:29.000Z,13216486,Admin (тех. аккаунт)
43115245,84180098,INSTAGRAM неразобранное,143,Закрыто и не реализовано,2026-06-23T11:39:29.000Z,13216486,Admin (тех. аккаунт)
43111209,84174870,Неразобранное,143,Закрыто и не реализовано,2026-06-23T11:39:29.000Z,13216486,Admin (тех. аккаунт)
43110841,84180098,INSTAGRAM неразобранное,143,Закрыто и не реализовано,2026-06-23T11:39:28.000Z,13216486,Admin (тех. аккаунт)
43109801,84174870,Неразобранное,143,Закрыто и не реализовано,2026-06-23T11:39:28.000Z,13216486,Admin (тех. аккаунт)
43103743,84174870,Неразобранное,143,Закрыто и не реализовано,2026-06-23T11:39:28.000Z,13216486,Admin (тех. аккаунт)
43102839,84174870,Неразобранное,143,Закрыто и не реализовано,2026-06-23T11:39:28.000Z,13216486,Admin (тех. аккаунт)
43101523,84180098,INSTAGRAM неразобранное,143,Закрыто и не реализовано,2026-06-23T11:39:27.000Z,13216486,Admin (тех. аккаунт)
43101519,84174870,Неразобранное,143,Закрыто и не реализовано,2026-06-23T11:39:27.000Z,13216486,Admin (тех. аккаунт)
43097967,84174870,Неразобранное,143,Закрыто и не реализовано,2026-06-23T11:39:27.000Z,13216486,Admin (тех. аккаунт)
43101471,84180098,INSTAGRAM неразобранное,143,Закрыто и не реализовано,2026-06-23T11:39:27.000Z,13216486,Admin (тех. аккаунт)
43101187,84174870,Неразобранное,143,Закрыто и не реализовано,2026-06-23T11:39:27.000Z,13216486,Admin (тех. аккаунт)
43101121,84180098,INSTAGRAM неразобранное,143,Закрыто и не реализовано,2026-06-23T11:39:27.000Z,13216486,Admin (тех. аккаунт)
43100469,84180098,INSTAGRAM неразобранное,143,Закрыто и не реализовано,2026-06-23T11:39:27.000Z,13216486,Admin (тех. аккаунт)
43095029,84174870,Неразобранное,143,Закрыто и не реализовано,2026-06-23T11:39:26.000Z,13216486,Admin (тех. аккаунт)
43093389,84174870,Неразобранное,143,Закрыто и не реализовано,2026-06-23T11:39:26.000Z,13216486,Admin (тех. аккаунт)
43092161,84174870,Неразобранное,143,Закрыто и не реализовано,2026-06-23T11:39:26.000Z,13216486,Admin (тех. аккаунт)
43092777,84174870,Неразобранное,143,Закрыто и не реализовано,2026-06-23T11:39:26.000Z,13216486,Admin (тех. аккаунт)
43092761,84174870,Неразобранное,143,Закрыто и не реализовано,2026-06-23T11:39:26.000Z,13216486,Admin (тех. аккаунт)
43091377,84174870,Неразобранное,143,Закрыто и не реализовано,2026-06-23T11:39:25.000Z,13216486,Admin (тех. аккаунт)
43089455,84174870,Неразобранное,143,Закрыто и не реализовано,2026-06-23T11:39:25.000Z,13216486,Admin (тех. аккаунт)
43086485,84180098,INSTAGRAM неразобранное,143,Закрыто и не реализовано,2026-06-23T11:39:25.000Z,13216486,Admin (тех. аккаунт)
43085431,84180098,INSTAGRAM неразобранное,143,Закрыто и не реализовано,2026-06-23T11:39:25.000Z,13216486,Admin (тех. аккаунт)
43084927,84180098,INSTAGRAM неразобранное,143,Закрыто и не реализовано,2026-06-23T11:39:25.000Z,13216486,Admin (тех. аккаунт)
43084739,84180098,INSTAGRAM неразобранное,143,Закрыто и не реализовано,2026-06-23T11:39:25.000Z,13216486,Admin (тех. аккаунт)
43084491,84180098,INSTAGRAM неразобранное,143,Закрыто и не реализовано,2026-06-23T11:39:25.000Z,13216486,Admin (тех. аккаунт)
43084481,84180098,INSTAGRAM неразобранное,143,Закрыто и не реализовано,2026-06-23T11:39:24.000Z,13216486,Admin (тех. аккаунт)
43084095,84174870,Неразобранное,143,Закрыто и не реализовано,2026-06-23T11:39:24.000Z,13216486,Admin (тех. аккаунт)
43082873,84180098,INSTAGRAM неразобранное,143,Закрыто и не реализовано,2026-06-23T11:39:24.000Z,13216486,Admin (тех. аккаунт)
43081329,84174870,Неразобранное,143,Закрыто и не реализовано,2026-06-23T11:39:24.000Z,13216486,Admin (тех. аккаунт)
43082677,84180098,INSTAGRAM неразобранное,143,Закрыто и не реализовано,2026-06-23T11:39:24.000Z,13216486,Admin (тех. аккаунт)
43082653,84174870,Неразобранное,143,Закрыто и не реализовано,2026-06-23T11:39:24.000Z,13216486,Admin (тех. аккаунт)
43081337,84174870,Неразобранное,143,Закрыто и не реализовано,2026-06-23T11:39:24.000Z,13216486,Admin (тех. аккаунт)
43080779,84180098,INSTAGRAM неразобранное,143,Закрыто и не реализовано,2026-06-23T11:39:23.000Z,13216486,Admin (тех. аккаунт)
43077365,84174870,Неразобранное,143,Закрыто и не реализовано,2026-06-23T11:39:23.000Z,13216486,Admin (тех. аккаунт)
43080723,84180098,INSTAGRAM неразобранное,143,Закрыто и не реализовано,2026-06-23T11:39:23.000Z,13216486,Admin (тех. аккаунт)
43079727,84180098,INSTAGRAM неразобранное,143,Закрыто и не реализовано,2026-06-23T11:39:23.000Z,13216486,Admin (тех. аккаунт)
43079683,84174870,Неразобранное,143,Закрыто и не реализовано,2026-06-23T11:39:23.000Z,13216486,Admin (тех. аккаунт)
43079459,84174870,Неразобранное,143,Закрыто и не реализовано,2026-06-23T11:39:23.000Z,13216486,Admin (тех. аккаунт)
43078013,84180098,INSTAGRAM неразобранное,143,Закрыто и не реализовано,2026-06-23T11:39:23.000Z,13216486,Admin (тех. аккаунт)
43077849,84174870,Неразобранное,143,Закрыто и не реализовано,2026-06-23T11:39:23.000Z,13216486,Admin (тех. аккаунт)
43076681,84174870,Неразобранное,143,Закрыто и не реализовано,2026-06-23T11:39:22.000Z,13216486,Admin (тех. аккаунт)
43062665,84180098,INSTAGRAM неразобранное,143,Закрыто и не реализовано,2026-06-23T11:39:22.000Z,13216486,Admin (тех. аккаунт)
43075489,84174870,Неразобранное,143,Закрыто и не реализовано,2026-06-23T11:39:22.000Z,13216486,Admin (тех. аккаунт)
43074327,84180098,INSTAGRAM неразобранное,143,Закрыто и не реализовано,2026-06-23T11:39:22.000Z,13216486,Admin (тех. аккаунт)
43063577,84180098,INSTAGRAM неразобранное,143,Закрыто и не реализовано,2026-06-23T11:39:22.000Z,13216486,Admin (тех. аккаунт)
43062673,84174870,Неразобранное,143,Закрыто и не реализовано,2026-06-23T11:39:22.000Z,13216486,Admin (тех. аккаунт)
43060969,84180098,INSTAGRAM неразобранное,143,Закрыто и не реализовано,2026-06-23T11:39:21.000Z,13216486,Admin (тех. аккаунт)
43059417,84180098,INSTAGRAM неразобранное,143,Закрыто и не реализовано,2026-06-23T11:39:21.000Z,13216486,Admin (тех. аккаунт)
43059135,84174870,Неразобранное,143,Закрыто и не реализовано,2026-06-23T11:39:21.000Z,13216486,Admin (тех. аккаунт)
43333647,84174870,Неразобранное,143,Закрыто и не реализовано,2026-06-23T11:39:21.000Z,13216486,Admin (тех. аккаунт)
43332719,84174870,Неразобранное,143,Закрыто и не реализовано,2026-06-23T11:39:21.000Z,13216486,Admin (тех. аккаунт)
43330937,84174870,Неразобранное,143,Закрыто и не реализовано,2026-06-23T11:39:20.000Z,13216486,Admin (тех. аккаунт)
43329845,84174870,Неразобранное,143,Закрыто и не реализовано,2026-06-23T11:39:20.000Z,13216486,Admin (тех. аккаунт)
43329627,84174870,Неразобранное,143,Закрыто и не реализовано,2026-06-23T11:39:20.000Z,13216486,Admin (тех. аккаунт)
43324975,84180098,INSTAGRAM неразобранное,143,Закрыто и не реализовано,2026-06-23T11:39:20.000Z,13216486,Admin (тех. аккаунт)
43323409,84174870,Неразобранное,143,Закрыто и не реализовано,2026-06-23T11:39:20.000Z,13216486,Admin (тех. аккаунт)
43320525,84180098,INSTAGRAM неразобранное,143,Закрыто и не реализовано,2026-06-23T11:39:19.000Z,13216486,Admin (тех. аккаунт)
43317957,84174870,Неразобранное,143,Закрыто и не реализовано,2026-06-23T11:39:19.000Z,13216486,Admin (тех. аккаунт)
43314027,84180098,INSTAGRAM неразобранное,143,Закрыто и не реализовано,2026-06-23T11:39:19.000Z,13216486,Admin (тех. аккаунт)
43313731,84174870,Неразобранное,143,Закрыто и не реализовано,2026-06-23T11:39:19.000Z,13216486,Admin (тех. аккаунт)
43312789,84174870,Неразобранное,143,Закрыто и не реализовано,2026-06-23T11:39:19.000Z,13216486,Admin (тех. аккаунт)
43312749,84180098,INSTAGRAM неразобранное,143,Закрыто и не реализовано,2026-06-23T11:39:18.000Z,13216486,Admin (тех. аккаунт)
43306875,84180098,INSTAGRAM неразобранное,143,Закрыто и не реализовано,2026-06-23T11:39:18.000Z,13216486,Admin (тех. аккаунт)
43306285,84174870,Неразобранное,143,Закрыто и не реализовано,2026-06-23T11:39:18.000Z,13216486,Admin (тех. аккаунт)
43305563,84180098,INSTAGRAM неразобранное,143,Закрыто и не реализовано,2026-06-23T11:39:18.000Z,13216486,Admin (тех. аккаунт)
43304875,84174870,Неразобранное,143,Закрыто и не реализовано,2026-06-23T11:39:18.000Z,13216486,Admin (тех. аккаунт)
43297661,84180098,INSTAGRAM неразобранное,143,Закрыто и не реализовано,2026-06-23T11:39:18.000Z,13216486,Admin (тех. аккаунт)
43295941,84180098,INSTAGRAM неразобранное,143,Закрыто и не реализовано,2026-06-23T11:39:18.000Z,13216486,Admin (тех. аккаунт)
43295069,84174870,Неразобранное,143,Закрыто и не реализовано,2026-06-23T11:39:17.000Z,13216486,Admin (тех. аккаунт)
43293721,84174870,Неразобранное,143,Закрыто и не реализовано,2026-06-23T11:39:17.000Z,13216486,Admin (тех. аккаунт)
43293201,84174870,Неразобранное,143,Закрыто и не реализовано,2026-06-23T11:39:17.000Z,13216486,Admin (тех. аккаунт)
43292019,84174870,Неразобранное,143,Закрыто и не реализовано,2026-06-23T11:39:17.000Z,13216486,Admin (тех. аккаунт)
43290855,84180098,INSTAGRAM неразобранное,143,Закрыто и не реализовано,2026-06-23T11:39:16.000Z,13216486,Admin (тех. аккаунт)
43288273,84174870,Неразобранное,143,Закрыто и не реализовано,2026-06-23T11:39:16.000Z,13216486,Admin (тех. аккаунт)
43285895,84180098,INSTAGRAM неразобранное,143,Закрыто и не реализовано,2026-06-23T11:39:16.000Z,13216486,Admin (тех. аккаунт)
43284063,84180098,INSTAGRAM неразобранное,143,Закрыто и не реализовано,2026-06-23T11:39:16.000Z,13216486,Admin (тех. аккаунт)
43282075,84174870,Неразобранное,143,Закрыто и не реализовано,2026-06-23T11:39:16.000Z,13216486,Admin (тех. аккаунт)
43276153,84174870,Неразобранное,143,Закрыто и не реализовано,2026-06-23T11:39:16.000Z,13216486,Admin (тех. аккаунт)
43271989,84180098,INSTAGRAM неразобранное,143,Закрыто и не реализовано,2026-06-23T11:39:16.000Z,13216486,Admin (тех. аккаунт)
43271813,84174870,Неразобранное,143,Закрыто и не реализовано,2026-06-23T11:39:15.000Z,13216486,Admin (тех. аккаунт)
43271571,84174870,Неразобранное,143,Закрыто и не реализовано,2026-06-23T11:39:15.000Z,13216486,Admin (тех. аккаунт)
43270259,84174870,Неразобранное,143,Закрыто и не реализовано,2026-06-23T11:39:15.000Z,13216486,Admin (тех. аккаунт)
43258563,84174870,Неразобранное,143,Закрыто и не реализовано,2026-06-23T11:39:15.000Z,13216486,Admin (тех. аккаунт)
43258597,84174870,Неразобранное,143,Закрыто и не реализовано,2026-06-23T11:39:15.000Z,13216486,Admin (тех. аккаунт)
43255055,84174870,Неразобранное,143,Закрыто и не реализовано,2026-06-23T11:39:14.000Z,13216486,Admin (тех. аккаунт)
43254305,84174870,Неразобранное,143,Закрыто и не реализовано,2026-06-23T11:39:14.000Z,13216486,Admin (тех. аккаунт)
43253183,84180098,INSTAGRAM неразобранное,143,Закрыто и не реализовано,2026-06-23T11:39:14.000Z,13216486,Admin (тех. аккаунт)
43251589,84180098,INSTAGRAM неразобранное,143,Закрыто и не реализовано,2026-06-23T11:39:14.000Z,13216486,Admin (тех. аккаунт)
43248065,84174870,Неразобранное,143,Закрыто и не реализовано,2026-06-23T11:39:14.000Z,13216486,Admin (тех. аккаунт)
43244101,84180098,INSTAGRAM неразобранное,143,Закрыто и не реализовано,2026-06-23T11:39:14.000Z,13216486,Admin (тех. аккаунт)
43234281,84174870,Неразобранное,143,Закрыто и не реализовано,2026-06-23T11:39:14.000Z,13216486,Admin (тех. аккаунт)
43233363,84174870,Неразобранное,143,Закрыто и не реализовано,2026-06-23T11:39:13.000Z,13216486,Admin (тех. аккаунт)
43231519,84174870,Неразобранное,143,Закрыто и не реализовано,2026-06-23T11:39:13.000Z,13216486,Admin (тех. аккаунт)
43229841,84174870,Неразобранное,143,Закрыто и не реализовано,2026-06-23T11:39:13.000Z,13216486,Admin (тех. аккаунт)
43229691,84174870,Неразобранное,143,Закрыто и не реализовано,2026-06-23T11:39:13.000Z,13216486,Admin (тех. аккаунт)
43227873,84180098,INSTAGRAM неразобранное,143,Закрыто и не реализовано,2026-06-23T11:39:12.000Z,13216486,Admin (тех. аккаунт)
43224113,84180098,INSTAGRAM неразобранное,143,Закрыто и не реализовано,2026-06-23T11:39:12.000Z,13216486,Admin (тех. аккаунт)
43174481,84174870,Неразобранное,143,Закрыто и не реализовано,2026-06-23T11:39:12.000Z,13216486,Admin (тех. аккаунт)
43140205,84174870,Неразобранное,143,Закрыто и не реализовано,2026-06-23T11:39:12.000Z,13216486,Admin (тех. аккаунт)
43367555,84174870,Неразобранное,143,Закрыто и не реализовано,2026-06-23T11:39:11.000Z,13216486,Admin (тех. аккаунт)
43366253,84174870,Неразобранное,143,Закрыто и не реализовано,2026-06-23T11:39:11.000Z,13216486,Admin (тех. аккаунт)
43367401,84174870,Неразобранное,143,Закрыто и не реализовано,2026-06-23T11:39:11.000Z,13216486,Admin (тех. аккаунт)
43367263,84174870,Неразобранное,143,Закрыто и не реализовано,2026-06-23T11:39:11.000Z,13216486,Admin (тех. аккаунт)
43366937,84180098,INSTAGRAM неразобранное,143,Закрыто и не реализовано,2026-06-23T11:39:11.000Z,13216486,Admin (тех. аккаунт)
43365815,84180098,INSTAGRAM неразобранное,143,Закрыто и не реализовано,2026-06-23T11:39:10.000Z,13216486,Admin (тех. аккаунт)
43362927,84174870,Неразобранное,143,Закрыто и не реализовано,2026-06-23T11:39:10.000Z,13216486,Admin (тех. аккаунт)
43362737,84180098,INSTAGRAM неразобранное,143,Закрыто и не реализовано,2026-06-23T11:39:10.000Z,13216486,Admin (тех. аккаунт)
43360221,84174870,Неразобранное,143,Закрыто и не реализовано,2026-06-23T11:39:10.000Z,13216486,Admin (тех. аккаунт)
43357581,84174870,Неразобранное,143,Закрыто и не реализовано,2026-06-23T11:39:10.000Z,13216486,Admin (тех. аккаунт)
43355017,84180098,INSTAGRAM неразобранное,143,Закрыто и не реализовано,2026-06-23T11:39:10.000Z,13216486,Admin (тех. аккаунт)
43354625,84174870,Неразобранное,143,Закрыто и не реализовано,2026-06-23T11:39:10.000Z,13216486,Admin (тех. аккаунт)
43354193,84174870,Неразобранное,143,Закрыто и не реализовано,2026-06-23T11:39:09.000Z,13216486,Admin (тех. аккаунт)
43352337,84180098,INSTAGRAM неразобранное,143,Закрыто и не реализовано,2026-06-23T11:39:09.000Z,13216486,Admin (тех. аккаунт)
43354051,84174870,Неразобранное,143,Закрыто и не реализовано,2026-06-23T11:39:09.000Z,13216486,Admin (тех. аккаунт)
43353943,84174870,Неразобранное,143,Закрыто и не реализовано,2026-06-23T11:39:09.000Z,13216486,Admin (тех. аккаунт)
43351629,84180098,INSTAGRAM неразобранное,143,Закрыто и не реализовано,2026-06-23T11:39:09.000Z,13216486,Admin (тех. аккаунт)
43353107,84180098,INSTAGRAM неразобранное,143,Закрыто и не реализовано,2026-06-23T11:39:09.000Z,13216486,Admin (тех. аккаунт)
43352779,84180098,INSTAGRAM неразобранное,143,Закрыто и не реализовано,2026-06-23T11:39:09.000Z,13216486,Admin (тех. аккаунт)
43352719,84180098,INSTAGRAM неразобранное,143,Закрыто и не реализовано,2026-06-23T11:39:09.000Z,13216486,Admin (тех. аккаунт)
43350883,84180098,INSTAGRAM неразобранное,143,Закрыто и не реализовано,2026-06-23T11:39:08.000Z,13216486,Admin (тех. аккаунт)
43350607,84174870,Неразобранное,143,Закрыто и не реализовано,2026-06-23T11:39:08.000Z,13216486,Admin (тех. аккаунт)
43349967,84180098,INSTAGRAM неразобранное,143,Закрыто и не реализовано,2026-06-23T11:39:08.000Z,13216486,Admin (тех. аккаунт)
43349527,84180098,INSTAGRAM неразобранное,143,Закрыто и не реализовано,2026-06-23T11:39:08.000Z,13216486,Admin (тех. аккаунт)
43347793,84174870,Неразобранное,143,Закрыто и не реализовано,2026-06-23T11:39:08.000Z,13216486,Admin (тех. аккаунт)
43347433,84180098,INSTAGRAM неразобранное,143,Закрыто и не реализовано,2026-06-23T11:39:08.000Z,13216486,Admin (тех. аккаунт)
43346909,84180098,INSTAGRAM неразобранное,143,Закрыто и не реализовано,2026-06-23T11:39:08.000Z,13216486,Admin (тех. аккаунт)
43346591,84180098,INSTAGRAM неразобранное,143,Закрыто и не реализовано,2026-06-23T11:39:07.000Z,13216486,Admin (тех. аккаунт)
43345997,84174870,Неразобранное,143,Закрыто и не реализовано,2026-06-23T11:39:07.000Z,13216486,Admin (тех. аккаунт)
43344997,84180098,INSTAGRAM неразобранное,143,Закрыто и не реализовано,2026-06-23T11:39:07.000Z,13216486,Admin (тех. аккаунт)
43343707,84174870,Неразобранное,143,Закрыто и не реализовано,2026-06-23T11:39:07.000Z,13216486,Admin (тех. аккаунт)
43344067,84180098,INSTAGRAM неразобранное,143,Закрыто и не реализовано,2026-06-23T11:39:07.000Z,13216486,Admin (тех. аккаунт)
43343593,84180098,INSTAGRAM неразобранное,143,Закрыто и не реализовано,2026-06-23T11:39:07.000Z,13216486,Admin (тех. аккаунт)
43343221,84180098,INSTAGRAM неразобранное,143,Закрыто и не реализовано,2026-06-23T11:39:07.000Z,13216486,Admin (тех. аккаунт)
43343205,84180098,INSTAGRAM неразобранное,143,Закрыто и не реализовано,2026-06-23T11:39:07.000Z,13216486,Admin (тех. аккаунт)
43343061,84180098,INSTAGRAM неразобранное,143,Закрыто и не реализовано,2026-06-23T11:39:07.000Z,13216486,Admin (тех. аккаунт)
43342185,84180098,INSTAGRAM неразобранное,143,Закрыто и не реализовано,2026-06-23T11:39:07.000Z,13216486,Admin (тех. аккаунт)
43342155,84174870,Неразобранное,143,Закрыто и не реализовано,2026-06-23T11:39:07.000Z,13216486,Admin (тех. аккаунт)
43341737,84180098,INSTAGRAM неразобранное,143,Закрыто и не реализовано,2026-06-23T11:39:06.000Z,13216486,Admin (тех. аккаунт)
43335069,84174870,Неразобранное,143,Закрыто и не реализовано,2026-06-23T11:39:06.000Z,13216486,Admin (тех. аккаунт)
43341559,84180098,INSTAGRAM неразобранное,143,Закрыто и не реализовано,2026-06-23T11:39:06.000Z,13216486,Admin (тех. аккаунт)
43341387,84180098,INSTAGRAM неразобранное,143,Закрыто и не реализовано,2026-06-23T11:39:06.000Z,13216486,Admin (тех. аккаунт)
43339659,84180098,INSTAGRAM неразобранное,143,Закрыто и не реализовано,2026-06-23T11:39:06.000Z,13216486,Admin (тех. аккаунт)
43337965,84180098,INSTAGRAM неразобранное,143,Закрыто и не реализовано,2026-06-23T11:39:06.000Z,13216486,Admin (тех. аккаунт)
43337079,84180098,INSTAGRAM неразобранное,143,Закрыто и не реализовано,2026-06-23T11:39:06.000Z,13216486,Admin (тех. аккаунт)
43336949,84180098,INSTAGRAM неразобранное,143,Закрыто и не реализовано,2026-06-23T11:39:06.000Z,13216486,Admin (тех. аккаунт)
43336947,84174870,Неразобранное,143,Закрыто и не реализовано,2026-06-23T11:39:06.000Z,13216486,Admin (тех. аккаунт)
43336101,84174870,Неразобранное,143,Закрыто и не реализовано,2026-06-23T11:39:06.000Z,13216486,Admin (тех. аккаунт)
43336071,84180098,INSTAGRAM неразобранное,143,Закрыто и не реализовано,2026-06-23T11:39:06.000Z,13216486,Admin (тех. аккаунт)
43392419,84180098,INSTAGRAM неразобранное,143,Закрыто и не реализовано,2026-06-23T11:39:05.000Z,13216486,Admin (тех. аккаунт)
43333649,84174870,Неразобранное,143,Закрыто и не реализовано,2026-06-23T11:39:05.000Z,13216486,Admin (тех. аккаунт)
43392013,84180098,INSTAGRAM неразобранное,143,Закрыто и не реализовано,2026-06-23T11:39:05.000Z,13216486,Admin (тех. аккаунт)
43394125,84180098,INSTAGRAM неразобранное,143,Закрыто и не реализовано,2026-06-23T11:39:05.000Z,13216486,Admin (тех. аккаунт)
43393185,84180098,INSTAGRAM неразобранное,143,Закрыто и не реализовано,2026-06-23T11:39:05.000Z,13216486,Admin (тех. аккаунт)
43392875,84180098,INSTAGRAM неразобранное,143,Закрыто и не реализовано,2026-06-23T11:39:05.000Z,13216486,Admin (тех. аккаунт)
43392587,84180098,INSTAGRAM неразобранное,143,Закрыто и не реализовано,2026-06-23T11:39:05.000Z,13216486,Admin (тех. аккаунт)
43391949,84174870,Неразобранное,143,Закрыто и не реализовано,2026-06-23T11:39:04.000Z,13216486,Admin (тех. аккаунт)
43391891,84180098,INSTAGRAM неразобранное,143,Закрыто и не реализовано,2026-06-23T11:39:04.000Z,13216486,Admin (тех. аккаунт)
43391273,84180098,INSTAGRAM неразобранное,143,Закрыто и не реализовано,2026-06-23T11:39:04.000Z,13216486,Admin (тех. аккаунт)
43391215,84180098,INSTAGRAM неразобранное,143,Закрыто и не реализовано,2026-06-23T11:39:04.000Z,13216486,Admin (тех. аккаунт)
43390261,84174870,Неразобранное,143,Закрыто и не реализовано,2026-06-23T11:39:04.000Z,13216486,Admin (тех. аккаунт)
43389575,84180098,INSTAGRAM неразобранное,143,Закрыто и не реализовано,2026-06-23T11:39:04.000Z,13216486,Admin (тех. аккаунт)
43388769,84174870,Неразобранное,143,Закрыто и не реализовано,2026-06-23T11:39:04.000Z,13216486,Admin (тех. аккаунт)
43388565,84180098,INSTAGRAM неразобранное,143,Закрыто и не реализовано,2026-06-23T11:39:03.000Z,13216486,Admin (тех. аккаунт)
43388271,84174870,Неразобранное,143,Закрыто и не реализовано,2026-06-23T11:39:03.000Z,13216486,Admin (тех. аккаунт)
43388167,84174870,Неразобранное,143,Закрыто и не реализовано,2026-06-23T11:39:03.000Z,13216486,Admin (тех. аккаунт)
43388021,84180098,INSTAGRAM неразобранное,143,Закрыто и не реализовано,2026-06-23T11:39:03.000Z,13216486,Admin (тех. аккаунт)
43387957,84180098,INSTAGRAM неразобранное,143,Закрыто и не реализовано,2026-06-23T11:39:03.000Z,13216486,Admin (тех. аккаунт)
43387495,84174870,Неразобранное,143,Закрыто и не реализовано,2026-06-23T11:39:02.000Z,13216486,Admin (тех. аккаунт)
43385535,84180098,INSTAGRAM неразобранное,143,Закрыто и не реализовано,2026-06-23T11:39:02.000Z,13216486,Admin (тех. аккаунт)
43385041,84180098,INSTAGRAM неразобранное,143,Закрыто и не реализовано,2026-06-23T11:39:02.000Z,13216486,Admin (тех. аккаунт)
43383735,84180098,INSTAGRAM неразобранное,143,Закрыто и не реализовано,2026-06-23T11:39:02.000Z,13216486,Admin (тех. аккаунт)
43383587,84174870,Неразобранное,143,Закрыто и не реализовано,2026-06-23T11:39:02.000Z,13216486,Admin (тех. аккаунт)
43381853,84174870,Неразобранное,143,Закрыто и не реализовано,2026-06-23T11:39:02.000Z,13216486,Admin (тех. аккаунт)
43378747,84180098,INSTAGRAM неразобранное,143,Закрыто и не реализовано,2026-06-23T11:39:01.000Z,13216486,Admin (тех. аккаунт)
43380417,84180098,INSTAGRAM неразобранное,143,Закрыто и не реализовано,2026-06-23T11:39:01.000Z,13216486,Admin (тех. аккаунт)
43379965,84180098,INSTAGRAM неразобранное,143,Закрыто и не реализовано,2026-06-23T11:39:01.000Z,13216486,Admin (тех. аккаунт)
43379173,84174870,Неразобранное,143,Закрыто и не реализовано,2026-06-23T11:39:01.000Z,13216486,Admin (тех. аккаунт)
43377523,84180098,INSTAGRAM неразобранное,143,Закрыто и не реализовано,2026-06-23T11:39:00.000Z,13216486,Admin (тех. аккаунт)
43377417,84180098,INSTAGRAM неразобранное,143,Закрыто и не реализовано,2026-06-23T11:39:00.000Z,13216486,Admin (тех. аккаунт)
43377053,84180098,INSTAGRAM неразобранное,143,Закрыто и не реализовано,2026-06-23T11:39:00.000Z,13216486,Admin (тех. аккаунт)
43376237,84180098,INSTAGRAM неразобранное,143,Закрыто и не реализовано,2026-06-23T11:39:00.000Z,13216486,Admin (тех. аккаунт)
43376181,84180098,INSTAGRAM неразобранное,143,Закрыто и не реализовано,2026-06-23T11:39:00.000Z,13216486,Admin (тех. аккаунт)
43375775,84174870,Неразобранное,143,Закрыто и не реализовано,2026-06-23T11:39:00.000Z,13216486,Admin (тех. аккаунт)
43375523,84174870,Неразобранное,143,Закрыто и не реализовано,2026-06-23T11:39:00.000Z,13216486,Admin (тех. аккаунт)
43373389,84180098,INSTAGRAM неразобранное,143,Закрыто и не реализовано,2026-06-23T11:39:00.000Z,13216486,Admin (тех. аккаунт)
43373163,84174870,Неразобранное,143,Закрыто и не реализовано,2026-06-23T11:39:00.000Z,13216486,Admin (тех. аккаунт)
43371921,84180098,INSTAGRAM неразобранное,143,Закрыто и не реализовано,2026-06-23T11:38:59.000Z,13216486,Admin (тех. аккаунт)
43371217,84174870,Неразобранное,143,Закрыто и не реализовано,2026-06-23T11:38:59.000Z,13216486,Admin (тех. аккаунт)
43370763,84174870,Неразобранное,143,Закрыто и не реализовано,2026-06-23T11:38:59.000Z,13216486,Admin (тех. аккаунт)
43370527,84180098,INSTAGRAM неразобранное,143,Закрыто и не реализовано,2026-06-23T11:38:59.000Z,13216486,Admin (тех. аккаунт)
43370313,84174870,Неразобранное,143,Закрыто и не реализовано,2026-06-23T11:38:59.000Z,13216486,Admin (тех. аккаунт)
43369885,84174870,Неразобранное,143,Закрыто и не реализовано,2026-06-23T11:38:58.000Z,13216486,Admin (тех. аккаунт)
43369829,84174870,Неразобранное,143,Закрыто и не реализовано,2026-06-23T11:38:58.000Z,13216486,Admin (тех. аккаунт)
43369767,84180098,INSTAGRAM неразобранное,143,Закрыто и не реализовано,2026-06-23T11:38:58.000Z,13216486,Admin (тех. аккаунт)
43369745,84180098,INSTAGRAM неразобранное,143,Закрыто и не реализовано,2026-06-23T11:38:58.000Z,13216486,Admin (тех. аккаунт)
43369689,84180098,INSTAGRAM неразобранное,143,Закрыто и не реализовано,2026-06-23T11:38:58.000Z,13216486,Admin (тех. аккаунт)
43369197,84180098,INSTAGRAM неразобранное,143,Закрыто и не реализовано,2026-06-23T11:38:58.000Z,13216486,Admin (тех. аккаунт)
43367991,84180098,INSTAGRAM неразобранное,143,Закрыто и не реализовано,2026-06-23T11:38:58.000Z,13216486,Admin (тех. аккаунт)
43367989,84174870,Неразобранное,143,Закрыто и не реализовано,2026-06-23T11:38:58.000Z,13216486,Admin (тех. аккаунт)
43422085,84174870,Неразобранное,143,Закрыто и не реализовано,2026-06-23T11:38:57.000Z,13216486,Admin (тех. аккаунт)
43421653,84180098,INSTAGRAM неразобранное,143,Закрыто и не реализовано,2026-06-23T11:38:57.000Z,13216486,Admin (тех. аккаунт)
43417273,84180098,INSTAGRAM неразобранное,143,Закрыто и не реализовано,2026-06-23T11:38:57.000Z,13216486,Admin (тех. аккаунт)
43415523,84180098,INSTAGRAM неразобранное,143,Закрыто и не реализовано,2026-06-23T11:38:57.000Z,13216486,Admin (тех. аккаунт)
43413987,84174870,Неразобранное,143,Закрыто и не реализовано,2026-06-23T11:38:57.000Z,13216486,Admin (тех. аккаунт)
43408375,84174870,Неразобранное,143,Закрыто и не реализовано,2026-06-23T11:38:57.000Z,13216486,Admin (тех. аккаунт)
43413295,84180098,INSTAGRAM неразобранное,143,Закрыто и не реализовано,2026-06-23T11:38:57.000Z,13216486,Admin (тех. аккаунт)
43410493,84180098,INSTAGRAM неразобранное,143,Закрыто и не реализовано,2026-06-23T11:38:57.000Z,13216486,Admin (тех. аккаунт)
43409631,84180098,INSTAGRAM неразобранное,143,Закрыто и не реализовано,2026-06-23T11:38:57.000Z,13216486,Admin (тех. аккаунт)
43408131,84180098,INSTAGRAM неразобранное,143,Закрыто и не реализовано,2026-06-23T11:38:56.000Z,13216486,Admin (тех. аккаунт)
43407763,84174870,Неразобранное,143,Закрыто и не реализовано,2026-06-23T11:38:56.000Z,13216486,Admin (тех. аккаунт)
43407643,84180098,INSTAGRAM неразобранное,143,Закрыто и не реализовано,2026-06-23T11:38:56.000Z,13216486,Admin (тех. аккаунт)
43406557,84174870,Неразобранное,143,Закрыто и не реализовано,2026-06-23T11:38:56.000Z,13216486,Admin (тех. аккаунт)
43406343,84174870,Неразобранное,143,Закрыто и не реализовано,2026-06-23T11:38:56.000Z,13216486,Admin (тех. аккаунт)
43406189,84174870,Неразобранное,143,Закрыто и не реализовано,2026-06-23T11:38:56.000Z,13216486,Admin (тех. аккаунт)
43405961,84174870,Неразобранное,143,Закрыто и не реализовано,2026-06-23T11:38:55.000Z,13216486,Admin (тех. аккаунт)
43404379,84180098,INSTAGRAM неразобранное,143,Закрыто и не реализовано,2026-06-23T11:38:55.000Z,13216486,Admin (тех. аккаунт)
43404051,84180098,INSTAGRAM неразобранное,143,Закрыто и не реализовано,2026-06-23T11:38:55.000Z,13216486,Admin (тех. аккаунт)
43403879,84180098,INSTAGRAM неразобранное,143,Закрыто и не реализовано,2026-06-23T11:38:55.000Z,13216486,Admin (тех. аккаунт)
43403723,84180098,INSTAGRAM неразобранное,143,Закрыто и не реализовано,2026-06-23T11:38:55.000Z,13216486,Admin (тех. аккаунт)
43403719,84180098,INSTAGRAM неразобранное,143,Закрыто и не реализовано,2026-06-23T11:38:55.000Z,13216486,Admin (тех. аккаунт)
43403215,84174870,Неразобранное,143,Закрыто и не реализовано,2026-06-23T11:38:55.000Z,13216486,Admin (тех. аккаунт)
43402947,84174870,Неразобранное,143,Закрыто и не реализовано,2026-06-23T11:38:54.000Z,13216486,Admin (тех. аккаунт)
43402933,84174870,Неразобранное,143,Закрыто и не реализовано,2026-06-23T11:38:54.000Z,13216486,Admin (тех. аккаунт)
43402863,84180098,INSTAGRAM неразобранное,143,Закрыто и не реализовано,2026-06-23T11:38:54.000Z,13216486,Admin (тех. аккаунт)
43402537,84174870,Неразобранное,143,Закрыто и не реализовано,2026-06-23T11:38:54.000Z,13216486,Admin (тех. аккаунт)
43402487,84180098,INSTAGRAM неразобранное,143,Закрыто и не реализовано,2026-06-23T11:38:54.000Z,13216486,Admin (тех. аккаунт)
43401907,84180098,INSTAGRAM неразобранное,143,Закрыто и не реализовано,2026-06-23T11:38:54.000Z,13216486,Admin (тех. аккаунт)
43402337,84174870,Неразобранное,143,Закрыто и не реализовано,2026-06-23T11:38:54.000Z,13216486,Admin (тех. аккаунт)
43401683,84174870,Неразобранное,143,Закрыто и не реализовано,2026-06-23T11:38:53.000Z,13216486,Admin (тех. аккаунт)
43401457,84174870,Неразобранное,143,Закрыто и не реализовано,2026-06-23T11:38:53.000Z,13216486,Admin (тех. аккаунт)
43400505,84180098,INSTAGRAM неразобранное,143,Закрыто и не реализовано,2026-06-23T11:38:53.000Z,13216486,Admin (тех. аккаунт)
43398953,84180098,INSTAGRAM неразобранное,143,Закрыто и не реализовано,2026-06-23T11:38:53.000Z,13216486,Admin (тех. аккаунт)
43399911,84180098,INSTAGRAM неразобранное,143,Закрыто и не реализовано,2026-06-23T11:38:53.000Z,13216486,Admin (тех. аккаунт)
43399531,84180098,INSTAGRAM неразобранное,143,Закрыто и не реализовано,2026-06-23T11:38:53.000Z,13216486,Admin (тех. аккаунт)
43398867,84174870,Неразобранное,143,Закрыто и не реализовано,2026-06-23T11:38:53.000Z,13216486,Admin (тех. аккаунт)
43399359,84180098,INSTAGRAM неразобранное,143,Закрыто и не реализовано,2026-06-23T11:38:53.000Z,13216486,Admin (тех. аккаунт)
43398983,84174870,Неразобранное,143,Закрыто и не реализовано,2026-06-23T11:38:53.000Z,13216486,Admin (тех. аккаунт)
43398977,84180098,INSTAGRAM неразобранное,143,Закрыто и не реализовано,2026-06-23T11:38:53.000Z,13216486,Admin (тех. аккаунт)
43398721,84174870,Неразобранное,143,Закрыто и не реализовано,2026-06-23T11:38:52.000Z,13216486,Admin (тех. аккаунт)
43398525,84174870,Неразобранное,143,Закрыто и не реализовано,2026-06-23T11:38:52.000Z,13216486,Admin (тех. аккаунт)
43397891,84174870,Неразобранное,143,Закрыто и не реализовано,2026-06-23T11:38:52.000Z,13216486,Admin (тех. аккаунт)
43397413,84180098,INSTAGRAM неразобранное,143,Закрыто и не реализовано,2026-06-23T11:38:52.000Z,13216486,Admin (тех. аккаунт)
43397237,84180098,INSTAGRAM неразобранное,143,Закрыто и не реализовано,2026-06-23T11:38:52.000Z,13216486,Admin (тех. аккаунт)
43395455,84174870,Неразобранное,143,Закрыто и не реализовано,2026-06-23T11:38:51.000Z,13216486,Admin (тех. аккаунт)
43395097,84180098,INSTAGRAM неразобранное,143,Закрыто и не реализовано,2026-06-23T11:38:51.000Z,13216486,Admin (тех. аккаунт)
43394737,84174870,Неразобранное,143,Закрыто и не реализовано,2026-06-23T11:38:51.000Z,13216486,Admin (тех. аккаунт)
43394685,84180098,INSTAGRAM неразобранное,143,Закрыто и не реализовано,2026-06-23T11:38:51.000Z,13216486,Admin (тех. аккаунт)
43394511,84180098,INSTAGRAM неразобранное,143,Закрыто и не реализовано,2026-06-23T11:38:51.000Z,13216486,Admin (тех. аккаунт)
43394389,84180098,INSTAGRAM неразобранное,143,Закрыто и не реализовано,2026-06-23T11:38:51.000Z,13216486,Admin (тех. аккаунт)
43455847,84174870,Неразобранное,143,Закрыто и не реализовано,2026-06-23T11:38:51.000Z,13216486,Admin (тех. аккаунт)
43452375,84174870,Неразобранное,143,Закрыто и не реализовано,2026-06-23T11:38:50.000Z,13216486,Admin (тех. аккаунт)
43451041,84174870,Неразобранное,143,Закрыто и не реализовано,2026-06-23T11:38:50.000Z,13216486,Admin (тех. аккаунт)
43448885,84174870,Неразобранное,143,Закрыто и не реализовано,2026-06-23T11:38:50.000Z,13216486,Admin (тех. аккаунт)
43450837,84174870,Неразобранное,143,Закрыто и не реализовано,2026-06-23T11:38:50.000Z,13216486,Admin (тех. аккаунт)
43449145,84180098,INSTAGRAM неразобранное,143,Закрыто и не реализовано,2026-06-23T11:38:50.000Z,13216486,Admin (тех. аккаунт)
43448941,84174870,Неразобранное,143,Закрыто и не реализовано,2026-06-23T11:38:50.000Z,13216486,Admin (тех. аккаунт)
43445881,84174870,Неразобранное,143,Закрыто и не реализовано,2026-06-23T11:38:49.000Z,13216486,Admin (тех. аккаунт)
43448875,84180098,INSTAGRAM неразобранное,143,Закрыто и не реализовано,2026-06-23T11:38:49.000Z,13216486,Admin (тех. аккаунт)
43448851,84174870,Неразобранное,143,Закрыто и не реализовано,2026-06-23T11:38:49.000Z,13216486,Admin (тех. аккаунт)
43448597,84180098,INSTAGRAM неразобранное,143,Закрыто и не реализовано,2026-06-23T11:38:49.000Z,13216486,Admin (тех. аккаунт)
43448297,84180098,INSTAGRAM неразобранное,143,Закрыто и не реализовано,2026-06-23T11:38:49.000Z,13216486,Admin (тех. аккаунт)
43448189,84180098,INSTAGRAM неразобранное,143,Закрыто и не реализовано,2026-06-23T11:38:49.000Z,13216486,Admin (тех. аккаунт)
43447887,84180098,INSTAGRAM неразобранное,143,Закрыто и не реализовано,2026-06-23T11:38:49.000Z,13216486,Admin (тех. аккаунт)
43447577,84180098,INSTAGRAM неразобранное,143,Закрыто и не реализовано,2026-06-23T11:38:49.000Z,13216486,Admin (тех. аккаунт)
43447535,84174870,Неразобранное,143,Закрыто и не реализовано,2026-06-23T11:38:49.000Z,13216486,Admin (тех. аккаунт)
43445949,84180098,INSTAGRAM неразобранное,143,Закрыто и не реализовано,2026-06-23T11:38:49.000Z,13216486,Admin (тех. аккаунт)
43445453,84180098,INSTAGRAM неразобранное,143,Закрыто и не реализовано,2026-06-23T11:38:48.000Z,13216486,Admin (тех. аккаунт)
43445173,84174870,Неразобранное,143,Закрыто и не реализовано,2026-06-23T11:38:48.000Z,13216486,Admin (тех. аккаунт)
43445135,84174870,Неразобранное,143,Закрыто и не реализовано,2026-06-23T11:38:48.000Z,13216486,Admin (тех. аккаунт)
43444593,84174870,Неразобранное,143,Закрыто и не реализовано,2026-06-23T11:38:48.000Z,13216486,Admin (тех. аккаунт)
43444065,84180098,INSTAGRAM неразобранное,143,Закрыто и не реализовано,2026-06-23T11:38:47.000Z,13216486,Admin (тех. аккаунт)
43441409,84180098,INSTAGRAM неразобранное,143,Закрыто и не реализовано,2026-06-23T11:38:47.000Z,13216486,Admin (тех. аккаунт)
43441211,84174870,Неразобранное,143,Закрыто и не реализовано,2026-06-23T11:38:47.000Z,13216486,Admin (тех. аккаунт)
43440777,84174870,Неразобранное,143,Закрыто и не реализовано,2026-06-23T11:38:47.000Z,13216486,Admin (тех. аккаунт)
43437669,84180098,INSTAGRAM неразобранное,143,Закрыто и не реализовано,2026-06-23T11:38:47.000Z,13216486,Admin (тех. аккаунт)
43438711,84180098,INSTAGRAM неразобранное,143,Закрыто и не реализовано,2026-06-23T11:38:47.000Z,13216486,Admin (тех. аккаунт)
43437883,84180098,INSTAGRAM неразобранное,143,Закрыто и не реализовано,2026-06-23T11:38:47.000Z,13216486,Admin (тех. аккаунт)
43437823,84174870,Неразобранное,143,Закрыто и не реализовано,2026-06-23T11:38:47.000Z,13216486,Admin (тех. аккаунт)
43437347,84174870,Неразобранное,143,Закрыто и не реализовано,2026-06-23T11:38:47.000Z,13216486,Admin (тех. аккаунт)
43437765,84180098,INSTAGRAM неразобранное,143,Закрыто и не реализовано,2026-06-23T11:38:47.000Z,13216486,Admin (тех. аккаунт)
43436925,84174870,Неразобранное,143,Закрыто и не реализовано,2026-06-23T11:38:46.000Z,13216486,Admin (тех. аккаунт)
43436791,84174870,Неразобранное,143,Закрыто и не реализовано,2026-06-23T11:38:46.000Z,13216486,Admin (тех. аккаунт)
43435545,84180098,INSTAGRAM неразобранное,143,Закрыто и не реализовано,2026-06-23T11:38:46.000Z,13216486,Admin (тех. аккаунт)
43433263,84174870,Неразобранное,143,Закрыто и не реализовано,2026-06-23T11:38:46.000Z,13216486,Admin (тех. аккаунт)
43433021,84180098,INSTAGRAM неразобранное,143,Закрыто и не реализовано,2026-06-23T11:38:46.000Z,13216486,Admin (тех. аккаунт)
43431249,84174870,Неразобранное,143,Закрыто и не реализовано,2026-06-23T11:38:46.000Z,13216486,Admin (тех. аккаунт)
43430801,84174870,Неразобранное,143,Закрыто и не реализовано,2026-06-23T11:38:46.000Z,13216486,Admin (тех. аккаунт)
43429997,84174870,Неразобранное,143,Закрыто и не реализовано,2026-06-23T11:38:45.000Z,13216486,Admin (тех. аккаунт)
43424995,84180098,INSTAGRAM неразобранное,143,Закрыто и не реализовано,2026-06-23T11:38:45.000Z,13216486,Admin (тех. аккаунт)
43429241,84174870,Неразобранное,143,Закрыто и не реализовано,2026-06-23T11:38:45.000Z,13216486,Admin (тех. аккаунт)
43427919,84174870,Неразобранное,143,Закрыто и не реализовано,2026-06-23T11:38:45.000Z,13216486,Admin (тех. аккаунт)
43425647,84174870,Неразобранное,143,Закрыто и не реализовано,2026-06-23T11:38:45.000Z,13216486,Admin (тех. аккаунт)
43422497,84174870,Неразобранное,143,Закрыто и не реализовано,2026-06-23T11:38:44.000Z,13216486,Admin (тех. аккаунт)
43424933,84174870,Неразобранное,143,Закрыто и не реализовано,2026-06-23T11:38:44.000Z,13216486,Admin (тех. аккаунт)
43424605,84174870,Неразобранное,143,Закрыто и не реализовано,2026-06-23T11:38:44.000Z,13216486,Admin (тех. аккаунт)
43424385,84180098,INSTAGRAM неразобранное,143,Закрыто и не реализовано,2026-06-23T11:38:44.000Z,13216486,Admin (тех. аккаунт)
43423879,84174870,Неразобранное,143,Закрыто и не реализовано,2026-06-23T11:38:44.000Z,13216486,Admin (тех. аккаунт)
43422859,84180098,INSTAGRAM неразобранное,143,Закрыто и не реализовано,2026-06-23T11:38:44.000Z,13216486,Admin (тех. аккаунт)
43422587,84180098,INSTAGRAM неразобранное,143,Закрыто и не реализовано,2026-06-23T11:38:44.000Z,13216486,Admin (тех. аккаунт)
43487551,84174870,Неразобранное,143,Закрыто и не реализовано,2026-06-23T11:38:43.000Z,13216486,Admin (тех. аккаунт)
43483935,84180098,INSTAGRAM неразобранное,143,Закрыто и не реализовано,2026-06-23T11:38:43.000Z,13216486,Admin (тех. аккаунт)
43486607,84180098,INSTAGRAM неразобранное,143,Закрыто и не реализовано,2026-06-23T11:38:43.000Z,13216486,Admin (тех. аккаунт)
43486513,84174870,Неразобранное,143,Закрыто и не реализовано,2026-06-23T11:38:43.000Z,13216486,Admin (тех. аккаунт)
43485521,84174870,Неразобранное,143,Закрыто и не реализовано,2026-06-23T11:38:43.000Z,13216486,Admin (тех. аккаунт)
43484323,84180098,INSTAGRAM неразобранное,143,Закрыто и не реализовано,2026-06-23T11:38:43.000Z,13216486,Admin (тех. аккаунт)
43483697,84180098,INSTAGRAM неразобранное,143,Закрыто и не реализовано,2026-06-23T11:38:42.000Z,13216486,Admin (тех. аккаунт)
43482723,84174870,Неразобранное,143,Закрыто и не реализовано,2026-06-23T11:38:42.000Z,13216486,Admin (тех. аккаунт)
43482661,84180098,INSTAGRAM неразобранное,143,Закрыто и не реализовано,2026-06-23T11:38:42.000Z,13216486,Admin (тех. аккаунт)
43478649,84174870,Неразобранное,143,Закрыто и не реализовано,2026-06-23T11:38:42.000Z,13216486,Admin (тех. аккаунт)
43482655,84180098,INSTAGRAM неразобранное,143,Закрыто и не реализовано,2026-06-23T11:38:42.000Z,13216486,Admin (тех. аккаунт)
43482371,84174870,Неразобранное,143,Закрыто и не реализовано,2026-06-23T11:38:42.000Z,13216486,Admin (тех. аккаунт)
43482199,84180098,INSTAGRAM неразобранное,143,Закрыто и не реализовано,2026-06-23T11:38:42.000Z,13216486,Admin (тех. аккаунт)
43482091,84180098,INSTAGRAM неразобранное,143,Закрыто и не реализовано,2026-06-23T11:38:42.000Z,13216486,Admin (тех. аккаунт)
43478511,84180098,INSTAGRAM неразобранное,143,Закрыто и не реализовано,2026-06-23T11:38:41.000Z,13216486,Admin (тех. аккаунт)
43477851,84174870,Неразобранное,143,Закрыто и не реализовано,2026-06-23T11:38:41.000Z,13216486,Admin (тех. аккаунт)
43477257,84180098,INSTAGRAM неразобранное,143,Закрыто и не реализовано,2026-06-23T11:38:41.000Z,13216486,Admin (тех. аккаунт)
43477775,84180098,INSTAGRAM неразобранное,143,Закрыто и не реализовано,2026-06-23T11:38:41.000Z,13216486,Admin (тех. аккаунт)
43477725,84180098,INSTAGRAM неразобранное,143,Закрыто и не реализовано,2026-06-23T11:38:41.000Z,13216486,Admin (тех. аккаунт)
43477679,84174870,Неразобранное,143,Закрыто и не реализовано,2026-06-23T11:38:41.000Z,13216486,Admin (тех. аккаунт)
43476587,84174870,Неразобранное,143,Закрыто и не реализовано,2026-06-23T11:38:41.000Z,13216486,Admin (тех. аккаунт)
43477507,84180098,INSTAGRAM неразобранное,143,Закрыто и не реализовано,2026-06-23T11:38:41.000Z,13216486,Admin (тех. аккаунт)
43477289,84174870,Неразобранное,143,Закрыто и не реализовано,2026-06-23T11:38:41.000Z,13216486,Admin (тех. аккаунт)
43475705,84180098,INSTAGRAM неразобранное,143,Закрыто и не реализовано,2026-06-23T11:38:40.000Z,13216486,Admin (тех. аккаунт)
43475449,84180098,INSTAGRAM неразобранное,143,Закрыто и не реализовано,2026-06-23T11:38:40.000Z,13216486,Admin (тех. аккаунт)
43473139,84174870,Неразобранное,143,Закрыто и не реализовано,2026-06-23T11:38:40.000Z,13216486,Admin (тех. аккаунт)
43472473,84174870,Неразобранное,143,Закрыто и не реализовано,2026-06-23T11:38:40.000Z,13216486,Admin (тех. аккаунт)
43471065,84174870,Неразобранное,143,Закрыто и не реализовано,2026-06-23T11:38:40.000Z,13216486,Admin (тех. аккаунт)
43470845,84180098,INSTAGRAM неразобранное,143,Закрыто и не реализовано,2026-06-23T11:38:40.000Z,13216486,Admin (тех. аккаунт)
43470205,84174870,Неразобранное,143,Закрыто и не реализовано,2026-06-23T11:38:40.000Z,13216486,Admin (тех. аккаунт)
43466515,84180098,INSTAGRAM неразобранное,143,Закрыто и не реализовано,2026-06-23T11:38:39.000Z,13216486,Admin (тех. аккаунт)
43466425,84180098,INSTAGRAM неразобранное,143,Закрыто и не реализовано,2026-06-23T11:38:39.000Z,13216486,Admin (тех. аккаунт)
43465915,84180098,INSTAGRAM неразобранное,143,Закрыто и не реализовано,2026-06-23T11:38:39.000Z,13216486,Admin (тех. аккаунт)
43462793,84180098,INSTAGRAM неразобранное,143,Закрыто и не реализовано,2026-06-23T11:38:39.000Z,13216486,Admin (тех. аккаунт)
43462949,84180098,INSTAGRAM неразобранное,143,Закрыто и не реализовано,2026-06-23T11:38:39.000Z,13216486,Admin (тех. аккаунт)
43465799,84174870,Неразобранное,143,Закрыто и не реализовано,2026-06-23T11:38:39.000Z,13216486,Admin (тех. аккаунт)
43463815,84174870,Неразобранное,143,Закрыто и не реализовано,2026-06-23T11:38:39.000Z,13216486,Admin (тех. аккаунт)
43463573,84180098,INSTAGRAM неразобранное,143,Закрыто и не реализовано,2026-06-23T11:38:39.000Z,13216486,Admin (тех. аккаунт)
43462675,84174870,Неразобранное,143,Закрыто и не реализовано,2026-06-23T11:38:38.000Z,13216486,Admin (тех. аккаунт)
43462271,84180098,INSTAGRAM неразобранное,143,Закрыто и не реализовано,2026-06-23T11:38:38.000Z,13216486,Admin (тех. аккаунт)
43461123,84174870,Неразобранное,143,Закрыто и не реализовано,2026-06-23T11:38:38.000Z,13216486,Admin (тех. аккаунт)
43456961,84174870,Неразобранное,143,Закрыто и не реализовано,2026-06-23T11:38:38.000Z,13216486,Admin (тех. аккаунт)
43461111,84180098,INSTAGRAM неразобранное,143,Закрыто и не реализовано,2026-06-23T11:38:38.000Z,13216486,Admin (тех. аккаунт)
43460671,84180098,INSTAGRAM неразобранное,143,Закрыто и не реализовано,2026-06-23T11:38:38.000Z,13216486,Admin (тех. аккаунт)
43460233,84180098,INSTAGRAM неразобранное,143,Закрыто и не реализовано,2026-06-23T11:38:38.000Z,13216486,Admin (тех. аккаунт)
43460129,84174870,Неразобранное,143,Закрыто и не реализовано,2026-06-23T11:38:38.000Z,13216486,Admin (тех. аккаунт)
43458653,84180098,INSTAGRAM неразобранное,143,Закрыто и не реализовано,2026-06-23T11:38:38.000Z,13216486,Admin (тех. аккаунт)
43458097,84180098,INSTAGRAM неразобранное,143,Закрыто и не реализовано,2026-06-23T11:38:38.000Z,13216486,Admin (тех. аккаунт)
43456545,84174870,Неразобранное,143,Закрыто и не реализовано,2026-06-23T11:38:37.000Z,13216486,Admin (тех. аккаунт)
43517111,84180098,INSTAGRAM неразобранное,143,Закрыто и не реализовано,2026-06-23T11:38:37.000Z,13216486,Admin (тех. аккаунт)
43456535,84174870,Неразобранное,143,Закрыто и не реализовано,2026-06-23T11:38:37.000Z,13216486,Admin (тех. аккаунт)
43518801,84174870,Неразобранное,143,Закрыто и не реализовано,2026-06-23T11:38:37.000Z,13216486,Admin (тех. аккаунт)
43518383,84180098,INSTAGRAM неразобранное,143,Закрыто и не реализовано,2026-06-23T11:38:37.000Z,13216486,Admin (тех. аккаунт)
43517719,84180098,INSTAGRAM неразобранное,143,Закрыто и не реализовано,2026-06-23T11:38:37.000Z,13216486,Admin (тех. аккаунт)
43515209,84174870,Неразобранное,143,Закрыто и не реализовано,2026-06-23T11:38:36.000Z,13216486,Admin (тех. аккаунт)
43511563,84180098,INSTAGRAM неразобранное,143,Закрыто и не реализовано,2026-06-23T11:38:36.000Z,13216486,Admin (тех. аккаунт)
43513835,84174870,Неразобранное,143,Закрыто и не реализовано,2026-06-23T11:38:36.000Z,13216486,Admin (тех. аккаунт)
43512119,84174870,Неразобранное,143,Закрыто и не реализовано,2026-06-23T11:38:36.000Z,13216486,Admin (тех. аккаунт)
43511705,84174870,Неразобранное,143,Закрыто и не реализовано,2026-06-23T11:38:36.000Z,13216486,Admin (тех. аккаунт)
43511473,84180098,INSTAGRAM неразобранное,143,Закрыто и не реализовано,2026-06-23T11:38:36.000Z,13216486,Admin (тех. аккаунт)
43511433,84174870,Неразобранное,143,Закрыто и не реализовано,2026-06-23T11:38:35.000Z,13216486,Admin (тех. аккаунт)
43511375,84174870,Неразобранное,143,Закрыто и не реализовано,2026-06-23T11:38:35.000Z,13216486,Admin (тех. аккаунт)
43511115,84180098,INSTAGRAM неразобранное,143,Закрыто и не реализовано,2026-06-23T11:38:35.000Z,13216486,Admin (тех. аккаунт)
43510313,84174870,Неразобранное,143,Закрыто и не реализовано,2026-06-23T11:38:35.000Z,13216486,Admin (тех. аккаунт)
43510165,84174870,Неразобранное,143,Закрыто и не реализовано,2026-06-23T11:38:35.000Z,13216486,Admin (тех. аккаунт)
43509015,84180098,INSTAGRAM неразобранное,143,Закрыто и не реализовано,2026-06-23T11:38:34.000Z,13216486,Admin (тех. аккаунт)
43508875,84180098,INSTAGRAM неразобранное,143,Закрыто и не реализовано,2026-06-23T11:38:34.000Z,13216486,Admin (тех. аккаунт)
43507957,84180098,INSTAGRAM неразобранное,143,Закрыто и не реализовано,2026-06-23T11:38:34.000Z,13216486,Admin (тех. аккаунт)
43507295,84174870,Неразобранное,143,Закрыто и не реализовано,2026-06-23T11:38:34.000Z,13216486,Admin (тех. аккаунт)
43505843,84180098,INSTAGRAM неразобранное,143,Закрыто и не реализовано,2026-06-23T11:38:34.000Z,13216486,Admin (тех. аккаунт)
43505663,84180098,INSTAGRAM неразобранное,143,Закрыто и не реализовано,2026-06-23T11:38:34.000Z,13216486,Admin (тех. аккаунт)
43505055,84180098,INSTAGRAM неразобранное,143,Закрыто и не реализовано,2026-06-23T11:38:34.000Z,13216486,Admin (тех. аккаунт)
43504985,84180098,INSTAGRAM неразобранное,143,Закрыто и не реализовано,2026-06-23T11:38:34.000Z,13216486,Admin (тех. аккаунт)
43504689,84174870,Неразобранное,143,Закрыто и не реализовано,2026-06-23T11:38:34.000Z,13216486,Admin (тех. аккаунт)
43504685,84180098,INSTAGRAM неразобранное,143,Закрыто и не реализовано,2026-06-23T11:38:33.000Z,13216486,Admin (тех. аккаунт)
43503427,84180098,INSTAGRAM неразобранное,143,Закрыто и не реализовано,2026-06-23T11:38:33.000Z,13216486,Admin (тех. аккаунт)
43500311,84180098,INSTAGRAM неразобранное,143,Закрыто и не реализовано,2026-06-23T11:38:33.000Z,13216486,Admin (тех. аккаунт)
43500131,84174870,Неразобранное,143,Закрыто и не реализовано,2026-06-23T11:38:33.000Z,13216486,Admin (тех. аккаунт)
43499317,84180098,INSTAGRAM неразобранное,143,Закрыто и не реализовано,2026-06-23T11:38:33.000Z,13216486,Admin (тех. аккаунт)
43498501,84180098,INSTAGRAM неразобранное,143,Закрыто и не реализовано,2026-06-23T11:38:33.000Z,13216486,Admin (тех. аккаунт)
43498415,84174870,Неразобранное,143,Закрыто и не реализовано,2026-06-23T11:38:33.000Z,13216486,Admin (тех. аккаунт)
43497877,84180098,INSTAGRAM неразобранное,143,Закрыто и не реализовано,2026-06-23T11:38:33.000Z,13216486,Admin (тех. аккаунт)
43496799,84174870,Неразобранное,143,Закрыто и не реализовано,2026-06-23T11:38:33.000Z,13216486,Admin (тех. аккаунт)
43493559,84174870,Неразобранное,143,Закрыто и не реализовано,2026-06-23T11:38:32.000Z,13216486,Admin (тех. аккаунт)
43496087,84180098,INSTAGRAM неразобранное,143,Закрыто и не реализовано,2026-06-23T11:38:32.000Z,13216486,Admin (тех. аккаунт)
43495675,84174870,Неразобранное,143,Закрыто и не реализовано,2026-06-23T11:38:32.000Z,13216486,Admin (тех. аккаунт)
43494909,84180098,INSTAGRAM неразобранное,143,Закрыто и не реализовано,2026-06-23T11:38:32.000Z,13216486,Admin (тех. аккаунт)
43494675,84174870,Неразобранное,143,Закрыто и не реализовано,2026-06-23T11:38:32.000Z,13216486,Admin (тех. аккаунт)
43493791,84180098,INSTAGRAM неразобранное,143,Закрыто и не реализовано,2026-06-23T11:38:32.000Z,13216486,Admin (тех. аккаунт)
43493779,84180098,INSTAGRAM неразобранное,143,Закрыто и не реализовано,2026-06-23T11:38:32.000Z,13216486,Admin (тех. аккаунт)
43492957,84180098,INSTAGRAM неразобранное,143,Закрыто и не реализовано,2026-06-23T11:38:31.000Z,13216486,Admin (тех. аккаунт)
43492891,84180098,INSTAGRAM неразобранное,143,Закрыто и не реализовано,2026-06-23T11:38:31.000Z,13216486,Admin (тех. аккаунт)
43492861,84180098,INSTAGRAM неразобранное,143,Закрыто и не реализовано,2026-06-23T11:38:31.000Z,13216486,Admin (тех. аккаунт)
43492839,84180098,INSTAGRAM неразобранное,143,Закрыто и не реализовано,2026-06-23T11:38:31.000Z,13216486,Admin (тех. аккаунт)
43491365,84180098,INSTAGRAM неразобранное,143,Закрыто и не реализовано,2026-06-23T11:38:31.000Z,13216486,Admin (тех. аккаунт)
43490187,84174870,Неразобранное,143,Закрыто и не реализовано,2026-06-23T11:38:31.000Z,13216486,Admin (тех. аккаунт)
43490061,84180098,INSTAGRAM неразобранное,143,Закрыто и не реализовано,2026-06-23T11:38:31.000Z,13216486,Admin (тех. аккаунт)
43489395,84180098,INSTAGRAM неразобранное,143,Закрыто и не реализовано,2026-06-23T11:38:31.000Z,13216486,Admin (тех. аккаунт)
43488117,84174870,Неразобранное,143,Закрыто и не реализовано,2026-06-23T11:38:31.000Z,13216486,Admin (тех. аккаунт)
43487893,84174870,Неразобранное,143,Закрыто и не реализовано,2026-06-23T11:38:31.000Z,13216486,Admin (тех. аккаунт)
43549779,84180098,INSTAGRAM неразобранное,143,Закрыто и не реализовано,2026-06-23T11:38:29.000Z,13216486,Admin (тех. аккаунт)
43548767,84180098,INSTAGRAM неразобранное,143,Закрыто и не реализовано,2026-06-23T11:38:29.000Z,13216486,Admin (тех. аккаунт)
43546351,84174870,Неразобранное,143,Закрыто и не реализовано,2026-06-23T11:38:29.000Z,13216486,Admin (тех. аккаунт)
43548617,84174870,Неразобранное,143,Закрыто и не реализовано,2026-06-23T11:38:29.000Z,13216486,Admin (тех. аккаунт)
43548007,84180098,INSTAGRAM неразобранное,143,Закрыто и не реализовано,2026-06-23T11:38:29.000Z,13216486,Admin (тех. аккаунт)
43546139,84180098,INSTAGRAM неразобранное,143,Закрыто и не реализовано,2026-06-23T11:38:28.000Z,13216486,Admin (тех. аккаунт)
43546019,84174870,Неразобранное,143,Закрыто и не реализовано,2026-06-23T11:38:28.000Z,13216486,Admin (тех. аккаунт)
43545515,84174870,Неразобранное,143,Закрыто и не реализовано,2026-06-23T11:38:28.000Z,13216486,Admin (тех. аккаунт)
43544105,84174870,Неразобранное,143,Закрыто и не реализовано,2026-06-23T11:38:28.000Z,13216486,Admin (тех. аккаунт)
43545279,84174870,Неразобранное,143,Закрыто и не реализовано,2026-06-23T11:38:28.000Z,13216486,Admin (тех. аккаунт)
43544303,84174870,Неразобранное,143,Закрыто и не реализовано,2026-06-23T11:38:28.000Z,13216486,Admin (тех. аккаунт)
43544023,84180098,INSTAGRAM неразобранное,143,Закрыто и не реализовано,2026-06-23T11:38:27.000Z,13216486,Admin (тех. аккаунт)
43543983,84180098,INSTAGRAM неразобранное,143,Закрыто и не реализовано,2026-06-23T11:38:27.000Z,13216486,Admin (тех. аккаунт)
43543869,84174870,Неразобранное,143,Закрыто и не реализовано,2026-06-23T11:38:27.000Z,13216486,Admin (тех. аккаунт)
43543303,84180098,INSTAGRAM неразобранное,143,Закрыто и не реализовано,2026-06-23T11:38:27.000Z,13216486,Admin (тех. аккаунт)
43543093,84180098,INSTAGRAM неразобранное,143,Закрыто и не реализовано,2026-06-23T11:38:27.000Z,13216486,Admin (тех. аккаунт)
43543003,84180098,INSTAGRAM неразобранное,143,Закрыто и не реализовано,2026-06-23T11:38:27.000Z,13216486,Admin (тех. аккаунт)
43542357,84174870,Неразобранное,143,Закрыто и не реализовано,2026-06-23T11:38:27.000Z,13216486,Admin (тех. аккаунт)
43542235,84180098,INSTAGRAM неразобранное,143,Закрыто и не реализовано,2026-06-23T11:38:26.000Z,13216486,Admin (тех. аккаунт)
43541979,84174870,Неразобранное,143,Закрыто и не реализовано,2026-06-23T11:38:26.000Z,13216486,Admin (тех. аккаунт)
43541917,84174870,Неразобранное,143,Закрыто и не реализовано,2026-06-23T11:38:26.000Z,13216486,Admin (тех. аккаунт)
43541799,84180098,INSTAGRAM неразобранное,143,Закрыто и не реализовано,2026-06-23T11:38:26.000Z,13216486,Admin (тех. аккаунт)
43539765,84180098,INSTAGRAM неразобранное,143,Закрыто и не реализовано,2026-06-23T11:38:26.000Z,13216486,Admin (тех. аккаунт)
43538507,84174870,Неразобранное,143,Закрыто и не реализовано,2026-06-23T11:38:26.000Z,13216486,Admin (тех. аккаунт)
43538371,84174870,Неразобранное,143,Закрыто и не реализовано,2026-06-23T11:38:25.000Z,13216486,Admin (тех. аккаунт)
43538369,84174870,Неразобранное,143,Закрыто и не реализовано,2026-06-23T11:38:25.000Z,13216486,Admin (тех. аккаунт)
43538173,84174870,Неразобранное,143,Закрыто и не реализовано,2026-06-23T11:38:25.000Z,13216486,Admin (тех. аккаунт)
43536541,84180098,INSTAGRAM неразобранное,143,Закрыто и не реализовано,2026-06-23T11:38:25.000Z,13216486,Admin (тех. аккаунт)
43535341,84180098,INSTAGRAM неразобранное,143,Закрыто и не реализовано,2026-06-23T11:38:25.000Z,13216486,Admin (тех. аккаунт)
43538079,84180098,INSTAGRAM неразобранное,143,Закрыто и не реализовано,2026-06-23T11:38:25.000Z,13216486,Admin (тех. аккаунт)
43537149,84174870,Неразобранное,143,Закрыто и не реализовано,2026-06-23T11:38:25.000Z,13216486,Admin (тех. аккаунт)
43535063,84180098,INSTAGRAM неразобранное,143,Закрыто и не реализовано,2026-06-23T11:38:24.000Z,13216486,Admin (тех. аккаунт)
43533633,84180098,INSTAGRAM неразобранное,143,Закрыто и не реализовано,2026-06-23T11:38:24.000Z,13216486,Admin (тех. аккаунт)
43532777,84174870,Неразобранное,143,Закрыто и не реализовано,2026-06-23T11:38:24.000Z,13216486,Admin (тех. аккаунт)
43531719,84180098,INSTAGRAM неразобранное,143,Закрыто и не реализовано,2026-06-23T11:38:24.000Z,13216486,Admin (тех. аккаунт)
43531687,84174870,Неразобранное,143,Закрыто и не реализовано,2026-06-23T11:38:24.000Z,13216486,Admin (тех. аккаунт)
43531675,84180098,INSTAGRAM неразобранное,143,Закрыто и не реализовано,2026-06-23T11:38:24.000Z,13216486,Admin (тех. аккаунт)
43531255,84180098,INSTAGRAM неразобранное,143,Закрыто и не реализовано,2026-06-23T11:38:24.000Z,13216486,Admin (тех. аккаунт)
43528875,84180098,INSTAGRAM неразобранное,143,Закрыто и не реализовано,2026-06-23T11:38:24.000Z,13216486,Admin (тех. аккаунт)
43528045,84180098,INSTAGRAM неразобранное,143,Закрыто и не реализовано,2026-06-23T11:38:24.000Z,13216486,Admin (тех. аккаунт)
43527961,84174870,Неразобранное,143,Закрыто и не реализовано,2026-06-23T11:38:24.000Z,13216486,Admin (тех. аккаунт)
43526619,84174870,Неразобранное,143,Закрыто и не реализовано,2026-06-23T11:38:23.000Z,13216486,Admin (тех. аккаунт)
43526285,84174870,Неразобранное,143,Закрыто и не реализовано,2026-06-23T11:38:23.000Z,13216486,Admin (тех. аккаунт)
43526083,84180098,INSTAGRAM неразобранное,143,Закрыто и не реализовано,2026-06-23T11:38:23.000Z,13216486,Admin (тех. аккаунт)
43526043,84180098,INSTAGRAM неразобранное,143,Закрыто и не реализовано,2026-06-23T11:38:23.000Z,13216486,Admin (тех. аккаунт)
43525875,84180098,INSTAGRAM неразобранное,143,Закрыто и не реализовано,2026-06-23T11:38:23.000Z,13216486,Admin (тех. аккаунт)
43521527,84180098,INSTAGRAM неразобранное,143,Закрыто и не реализовано,2026-06-23T11:38:23.000Z,13216486,Admin (тех. аккаунт)
43520959,84180098,INSTAGRAM неразобранное,143,Закрыто и не реализовано,2026-06-23T11:38:23.000Z,13216486,Admin (тех. аккаунт)
43520585,84174870,Неразобранное,143,Закрыто и не реализовано,2026-06-23T11:38:23.000Z,13216486,Admin (тех. аккаунт)
43519783,84174870,Неразобранное,143,Закрыто и не реализовано,2026-06-23T11:38:22.000Z,13216486,Admin (тех. аккаунт)
43572535,84174870,Неразобранное,143,Закрыто и не реализовано,2026-06-23T11:38:22.000Z,13216486,Admin (тех. аккаунт)
43572201,84174870,Неразобранное,143,Закрыто и не реализовано,2026-06-23T11:38:22.000Z,13216486,Admin (тех. аккаунт)
43571741,84174870,Неразобранное,143,Закрыто и не реализовано,2026-06-23T11:38:22.000Z,13216486,Admin (тех. аккаунт)
43570697,84180098,INSTAGRAM неразобранное,143,Закрыто и не реализовано,2026-06-23T11:38:21.000Z,13216486,Admin (тех. аккаунт)
43569637,84174870,Неразобранное,143,Закрыто и не реализовано,2026-06-23T11:38:21.000Z,13216486,Admin (тех. аккаунт)
43566573,84174870,Неразобранное,143,Закрыто и не реализовано,2026-06-23T11:38:21.000Z,13216486,Admin (тех. аккаунт)
43569257,84180098,INSTAGRAM неразобранное,143,Закрыто и не реализовано,2026-06-23T11:38:21.000Z,13216486,Admin (тех. аккаунт)
43568701,84174870,Неразобранное,143,Закрыто и не реализовано,2026-06-23T11:38:21.000Z,13216486,Admin (тех. аккаунт)
43568475,84174870,Неразобранное,143,Закрыто и не реализовано,2026-06-23T11:38:21.000Z,13216486,Admin (тех. аккаунт)
43567223,84174870,Неразобранное,143,Закрыто и не реализовано,2026-06-23T11:38:21.000Z,13216486,Admin (тех. аккаунт)
43566673,84180098,INSTAGRAM неразобранное,143,Закрыто и не реализовано,2026-06-23T11:38:21.000Z,13216486,Admin (тех. аккаунт)
43566267,84174870,Неразобранное,143,Закрыто и не реализовано,2026-06-23T11:38:20.000Z,13216486,Admin (тех. аккаунт)
43565987,84180098,INSTAGRAM неразобранное,143,Закрыто и не реализовано,2026-06-23T11:38:20.000Z,13216486,Admin (тех. аккаунт)
43565217,84180098,INSTAGRAM неразобранное,143,Закрыто и не реализовано,2026-06-23T11:38:20.000Z,13216486,Admin (тех. аккаунт)
43564971,84180098,INSTAGRAM неразобранное,143,Закрыто и не реализовано,2026-06-23T11:38:20.000Z,13216486,Admin (тех. аккаунт)
43564887,84174870,Неразобранное,143,Закрыто и не реализовано,2026-06-23T11:38:20.000Z,13216486,Admin (тех. аккаунт)
43564813,84180098,INSTAGRAM неразобранное,143,Закрыто и не реализовано,2026-06-23T11:38:19.000Z,13216486,Admin (тех. аккаунт)
43564059,84174870,Неразобранное,143,Закрыто и не реализовано,2026-06-23T11:38:19.000Z,13216486,Admin (тех. аккаунт)
43563711,84180098,INSTAGRAM неразобранное,143,Закрыто и не реализовано,2026-06-23T11:38:19.000Z,13216486,Admin (тех. аккаунт)
43563269,84174870,Неразобранное,143,Закрыто и не реализовано,2026-06-23T11:38:19.000Z,13216486,Admin (тех. аккаунт)
43563091,84174870,Неразобранное,143,Закрыто и не реализовано,2026-06-23T11:38:19.000Z,13216486,Admin (тех. аккаунт)
43563007,84180098,INSTAGRAM неразобранное,143,Закрыто и не реализовано,2026-06-23T11:38:19.000Z,13216486,Admin (тех. аккаунт)
43562947,84174870,Неразобранное,143,Закрыто и не реализовано,2026-06-23T11:38:18.000Z,13216486,Admin (тех. аккаунт)
43560763,84180098,INSTAGRAM неразобранное,143,Закрыто и не реализовано,2026-06-23T11:38:18.000Z,13216486,Admin (тех. аккаунт)
43562241,84180098,INSTAGRAM неразобранное,143,Закрыто и не реализовано,2026-06-23T11:38:18.000Z,13216486,Admin (тех. аккаунт)
43561907,84174870,Неразобранное,143,Закрыто и не реализовано,2026-06-23T11:38:18.000Z,13216486,Admin (тех. аккаунт)
43561729,84180098,INSTAGRAM неразобранное,143,Закрыто и не реализовано,2026-06-23T11:38:18.000Z,13216486,Admin (тех. аккаунт)
43561411,84180098,INSTAGRAM неразобранное,143,Закрыто и не реализовано,2026-06-23T11:38:18.000Z,13216486,Admin (тех. аккаунт)
43561311,84180098,INSTAGRAM неразобранное,143,Закрыто и не реализовано,2026-06-23T11:38:18.000Z,13216486,Admin (тех. аккаунт)
43560995,84174870,Неразобранное,143,Закрыто и не реализовано,2026-06-23T11:38:18.000Z,13216486,Admin (тех. аккаунт)
43560707,84174870,Неразобранное,143,Закрыто и не реализовано,2026-06-23T11:38:18.000Z,13216486,Admin (тех. аккаунт)
43560925,84180098,INSTAGRAM неразобранное,143,Закрыто и не реализовано,2026-06-23T11:38:18.000Z,13216486,Admin (тех. аккаунт)
43559759,84174870,Неразобранное,143,Закрыто и не реализовано,2026-06-23T11:38:17.000Z,13216486,Admin (тех. аккаунт)
43558085,84174870,Неразобранное,143,Закрыто и не реализовано,2026-06-23T11:38:17.000Z,13216486,Admin (тех. аккаунт)
43559333,84180098,INSTAGRAM неразобранное,143,Закрыто и не реализовано,2026-06-23T11:38:17.000Z,13216486,Admin (тех. аккаунт)
43559047,84180098,INSTAGRAM неразобранное,143,Закрыто и не реализовано,2026-06-23T11:38:17.000Z,13216486,Admin (тех. аккаунт)
43559027,84180098,INSTAGRAM неразобранное,143,Закрыто и не реализовано,2026-06-23T11:38:17.000Z,13216486,Admin (тех. аккаунт)
43558993,84174870,Неразобранное,143,Закрыто и не реализовано,2026-06-23T11:38:17.000Z,13216486,Admin (тех. аккаунт)
43558491,84174870,Неразобранное,143,Закрыто и не реализовано,2026-06-23T11:38:17.000Z,13216486,Admin (тех. аккаунт)
43555335,84180098,INSTAGRAM неразобранное,143,Закрыто и не реализовано,2026-06-23T11:38:16.000Z,13216486,Admin (тех. аккаунт)
43553409,84180098,INSTAGRAM неразобранное,143,Закрыто и не реализовано,2026-06-23T11:38:16.000Z,13216486,Admin (тех. аккаунт)
43551945,84180098,INSTAGRAM неразобранное,143,Закрыто и не реализовано,2026-06-23T11:38:16.000Z,13216486,Admin (тех. аккаунт)
43551673,84180098,INSTAGRAM неразобранное,143,Закрыто и не реализовано,2026-06-23T11:38:16.000Z,13216486,Admin (тех. аккаунт)
43551219,84180098,INSTAGRAM неразобранное,143,Закрыто и не реализовано,2026-06-23T11:38:16.000Z,13216486,Admin (тех. аккаунт)
43550799,84174870,Неразобранное,143,Закрыто и не реализовано,2026-06-23T11:38:16.000Z,13216486,Admin (тех. аккаунт)
43550789,84180098,INSTAGRAM неразобранное,143,Закрыто и не реализовано,2026-06-23T11:38:16.000Z,13216486,Admin (тех. аккаунт)
43549921,84180098,INSTAGRAM неразобранное,143,Закрыто и не реализовано,2026-06-23T11:38:16.000Z,13216486,Admin (тех. аккаунт)
43550667,84180098,INSTAGRAM неразобранное,143,Закрыто и не реализовано,2026-06-23T11:38:16.000Z,13216486,Admin (тех. аккаунт)
43550245,84180098,INSTAGRAM неразобранное,143,Закрыто и не реализовано,2026-06-23T11:38:16.000Z,13216486,Admin (тех. аккаунт)
43549841,84180098,INSTAGRAM неразобранное,143,Закрыто и не реализовано,2026-06-23T11:38:15.000Z,13216486,Admin (тех. аккаунт)
43593429,84174870,Неразобранное,143,Закрыто и не реализовано,2026-06-23T11:38:15.000Z,13216486,Admin (тех. аккаунт)
43590675,84180098,INSTAGRAM неразобранное,143,Закрыто и не реализовано,2026-06-23T11:38:15.000Z,13216486,Admin (тех. аккаунт)
43591013,84180098,INSTAGRAM неразобранное,143,Закрыто и не реализовано,2026-06-23T11:38:15.000Z,13216486,Admin (тех. аккаунт)
43592697,84180098,INSTAGRAM неразобранное,143,Закрыто и не реализовано,2026-06-23T11:38:15.000Z,13216486,Admin (тех. аккаунт)
43591773,84180098,INSTAGRAM неразобранное,143,Закрыто и не реализовано,2026-06-23T11:38:15.000Z,13216486,Admin (тех. аккаунт)
43591397,84180098,INSTAGRAM неразобранное,143,Закрыто и не реализовано,2026-06-23T11:38:15.000Z,13216486,Admin (тех. аккаунт)
43591273,84174870,Неразобранное,143,Закрыто и не реализовано,2026-06-23T11:38:15.000Z,13216486,Admin (тех. аккаунт)
43590529,84180098,INSTAGRAM неразобранное,143,Закрыто и не реализовано,2026-06-23T11:38:14.000Z,13216486,Admin (тех. аккаунт)
43590019,84180098,INSTAGRAM неразобранное,143,Закрыто и не реализовано,2026-06-23T11:38:14.000Z,13216486,Admin (тех. аккаунт)
43589495,84180098,INSTAGRAM неразобранное,143,Закрыто и не реализовано,2026-06-23T11:38:14.000Z,13216486,Admin (тех. аккаунт)
43587519,84180098,INSTAGRAM неразобранное,143,Закрыто и не реализовано,2026-06-23T11:38:14.000Z,13216486,Admin (тех. аккаунт)
43589169,84180098,INSTAGRAM неразобранное,143,Закрыто и не реализовано,2026-06-23T11:38:14.000Z,13216486,Admin (тех. аккаунт)
43588737,84174870,Неразобранное,143,Закрыто и не реализовано,2026-06-23T11:38:14.000Z,13216486,Admin (тех. аккаунт)
43587819,84180098,INSTAGRAM неразобранное,143,Закрыто и не реализовано,2026-06-23T11:38:14.000Z,13216486,Admin (тех. аккаунт)
43588393,84180098,INSTAGRAM неразобранное,143,Закрыто и не реализовано,2026-06-23T11:38:14.000Z,13216486,Admin (тех. аккаунт)
43586757,84180098,INSTAGRAM неразобранное,143,Закрыто и не реализовано,2026-06-23T11:38:13.000Z,13216486,Admin (тех. аккаунт)
43586303,84180098,INSTAGRAM неразобранное,143,Закрыто и не реализовано,2026-06-23T11:38:13.000Z,13216486,Admin (тех. аккаунт)
43586205,84174870,Неразобранное,143,Закрыто и не реализовано,2026-06-23T11:38:13.000Z,13216486,Admin (тех. аккаунт)
43586009,84174870,Неразобранное,143,Закрыто и не реализовано,2026-06-23T11:38:13.000Z,13216486,Admin (тех. аккаунт)
43585245,84180098,INSTAGRAM неразобранное,143,Закрыто и не реализовано,2026-06-23T11:38:13.000Z,13216486,Admin (тех. аккаунт)
43584935,84174870,Неразобранное,143,Закрыто и не реализовано,2026-06-23T11:38:13.000Z,13216486,Admin (тех. аккаунт)
43584675,84180098,INSTAGRAM неразобранное,143,Закрыто и не реализовано,2026-06-23T11:38:12.000Z,13216486,Admin (тех. аккаунт)
43583851,84180098,INSTAGRAM неразобранное,143,Закрыто и не реализовано,2026-06-23T11:38:12.000Z,13216486,Admin (тех. аккаунт)
43581115,84174870,Неразобранное,143,Закрыто и не реализовано,2026-06-23T11:38:12.000Z,13216486,Admin (тех. аккаунт)
43583591,84174870,Неразобранное,143,Закрыто и не реализовано,2026-06-23T11:38:12.000Z,13216486,Admin (тех. аккаунт)
43582593,84174870,Неразобранное,143,Закрыто и не реализовано,2026-06-23T11:38:12.000Z,13216486,Admin (тех. аккаунт)
43582577,84174870,Неразобранное,143,Закрыто и не реализовано,2026-06-23T11:38:12.000Z,13216486,Admin (тех. аккаунт)
43581709,84180098,INSTAGRAM неразобранное,143,Закрыто и не реализовано,2026-06-23T11:38:12.000Z,13216486,Admin (тех. аккаунт)
43581091,84180098,INSTAGRAM неразобранное,143,Закрыто и не реализовано,2026-06-23T11:38:11.000Z,13216486,Admin (тех. аккаунт)
43581039,84174870,Неразобранное,143,Закрыто и не реализовано,2026-06-23T11:38:11.000Z,13216486,Admin (тех. аккаунт)
43580671,84174870,Неразобранное,143,Закрыто и не реализовано,2026-06-23T11:38:11.000Z,13216486,Admin (тех. аккаунт)
43580747,84174870,Неразобранное,143,Закрыто и не реализовано,2026-06-23T11:38:11.000Z,13216486,Admin (тех. аккаунт)
43580717,84174870,Неразобранное,143,Закрыто и не реализовано,2026-06-23T11:38:11.000Z,13216486,Admin (тех. аккаунт)
43580361,84180098,INSTAGRAM неразобранное,143,Закрыто и не реализовано,2026-06-23T11:38:10.000Z,13216486,Admin (тех. аккаунт)
43579789,84174870,Неразобранное,143,Закрыто и не реализовано,2026-06-23T11:38:10.000Z,13216486,Admin (тех. аккаунт)
43579157,84180098,INSTAGRAM неразобранное,143,Закрыто и не реализовано,2026-06-23T11:38:10.000Z,13216486,Admin (тех. аккаунт)
43578139,84174870,Неразобранное,143,Закрыто и не реализовано,2026-06-23T11:38:10.000Z,13216486,Admin (тех. аккаунт)
43578101,84174870,Неразобранное,143,Закрыто и не реализовано,2026-06-23T11:38:10.000Z,13216486,Admin (тех. аккаунт)
43578053,84174870,Неразобранное,143,Закрыто и не реализовано,2026-06-23T11:38:10.000Z,13216486,Admin (тех. аккаунт)
43577855,84180098,INSTAGRAM неразобранное,143,Закрыто и не реализовано,2026-06-23T11:38:09.000Z,13216486,Admin (тех. аккаунт)
43577097,84180098,INSTAGRAM неразобранное,143,Закрыто и не реализовано,2026-06-23T11:38:09.000Z,13216486,Admin (тех. аккаунт)
43575895,84174870,Неразобранное,143,Закрыто и не реализовано,2026-06-23T11:38:09.000Z,13216486,Admin (тех. аккаунт)
43574825,84180098,INSTAGRAM неразобранное,143,Закрыто и не реализовано,2026-06-23T11:38:09.000Z,13216486,Admin (тех. аккаунт)
43575409,84180098,INSTAGRAM неразобранное,143,Закрыто и не реализовано,2026-06-23T11:38:09.000Z,13216486,Admin (тех. аккаунт)
43575011,84174870,Неразобранное,143,Закрыто и не реализовано,2026-06-23T11:38:09.000Z,13216486,Admin (тех. аккаунт)
43574839,84174870,Неразобранное,143,Закрыто и не реализовано,2026-06-23T11:38:09.000Z,13216486,Admin (тех. аккаунт)
43574737,84174870,Неразобранное,143,Закрыто и не реализовано,2026-06-23T11:38:09.000Z,13216486,Admin (тех. аккаунт)
43574581,84174870,Неразобранное,143,Закрыто и не реализовано,2026-06-23T11:38:08.000Z,13216486,Admin (тех. аккаунт)
43573929,84180098,INSTAGRAM неразобранное,143,Закрыто и не реализовано,2026-06-23T11:38:08.000Z,13216486,Admin (тех. аккаунт)
43573825,84180098,INSTAGRAM неразобранное,143,Закрыто и не реализовано,2026-06-23T11:38:08.000Z,13216486,Admin (тех. аккаунт)
43655033,84174870,Неразобранное,143,Закрыто и не реализовано,2026-06-23T11:38:08.000Z,13216486,Admin (тех. аккаунт)
43654537,84180098,INSTAGRAM неразобранное,143,Закрыто и не реализовано,2026-06-23T11:38:08.000Z,13216486,Admin (тех. аккаунт)
43654507,84180098,INSTAGRAM неразобранное,143,Закрыто и не реализовано,2026-06-23T11:38:08.000Z,13216486,Admin (тех. аккаунт)
43654451,84180098,INSTAGRAM неразобранное,143,Закрыто и не реализовано,2026-06-23T11:38:07.000Z,13216486,Admin (тех. аккаунт)
43648885,84180098,INSTAGRAM неразобранное,143,Закрыто и не реализовано,2026-06-23T11:38:07.000Z,13216486,Admin (тех. аккаунт)
43654215,84180098,INSTAGRAM неразобранное,143,Закрыто и не реализовано,2026-06-23T11:38:07.000Z,13216486,Admin (тех. аккаунт)
43651377,84180098,INSTAGRAM неразобранное,143,Закрыто и не реализовано,2026-06-23T11:38:07.000Z,13216486,Admin (тех. аккаунт)
43650349,84174870,Неразобранное,143,Закрыто и не реализовано,2026-06-23T11:38:07.000Z,13216486,Admin (тех. аккаунт)
43648017,84174870,Неразобранное,143,Закрыто и не реализовано,2026-06-23T11:38:07.000Z,13216486,Admin (тех. аккаунт)
43650333,84174870,Неразобранное,143,Закрыто и не реализовано,2026-06-23T11:38:07.000Z,13216486,Admin (тех. аккаунт)
43649657,84174870,Неразобранное,143,Закрыто и не реализовано,2026-06-23T11:38:07.000Z,13216486,Admin (тех. аккаунт)
43648015,84174870,Неразобранное,143,Закрыто и не реализовано,2026-06-23T11:38:06.000Z,13216486,Admin (тех. аккаунт)
43647311,84180098,INSTAGRAM неразобранное,143,Закрыто и не реализовано,2026-06-23T11:38:06.000Z,13216486,Admin (тех. аккаунт)
43647035,84180098,INSTAGRAM неразобранное,143,Закрыто и не реализовано,2026-06-23T11:38:06.000Z,13216486,Admin (тех. аккаунт)
43646205,84180098,INSTAGRAM неразобранное,143,Закрыто и не реализовано,2026-06-23T11:38:06.000Z,13216486,Admin (тех. аккаунт)
43645041,84180098,INSTAGRAM неразобранное,143,Закрыто и не реализовано,2026-06-23T11:38:06.000Z,13216486,Admin (тех. аккаунт)
43641477,84174870,Неразобранное,143,Закрыто и не реализовано,2026-06-23T11:38:06.000Z,13216486,Admin (тех. аккаунт)
43639193,84174870,Неразобранное,143,Закрыто и не реализовано,2026-06-23T11:38:05.000Z,13216486,Admin (тех. аккаунт)
43639145,84180098,INSTAGRAM неразобранное,143,Закрыто и не реализовано,2026-06-23T11:38:05.000Z,13216486,Admin (тех. аккаунт)
43626629,84180098,INSTAGRAM неразобранное,143,Закрыто и не реализовано,2026-06-23T11:38:05.000Z,13216486,Admin (тех. аккаунт)
43638363,84174870,Неразобранное,143,Закрыто и не реализовано,2026-06-23T11:38:05.000Z,13216486,Admin (тех. аккаунт)
43633583,84180098,INSTAGRAM неразобранное,143,Закрыто и не реализовано,2026-06-23T11:38:05.000Z,13216486,Admin (тех. аккаунт)
43632923,84180098,INSTAGRAM неразобранное,143,Закрыто и не реализовано,2026-06-23T11:38:05.000Z,13216486,Admin (тех. аккаунт)
43629375,84174870,Неразобранное,143,Закрыто и не реализовано,2026-06-23T11:38:05.000Z,13216486,Admin (тех. аккаунт)
43626423,84174870,Неразобранное,143,Закрыто и не реализовано,2026-06-23T11:38:04.000Z,13216486,Admin (тех. аккаунт)
43623954,84180098,INSTAGRAM неразобранное,143,Закрыто и не реализовано,2026-06-23T11:38:04.000Z,13216486,Admin (тех. аккаунт)
43620078,84174870,Неразобранное,143,Закрыто и не реализовано,2026-06-23T11:38:04.000Z,13216486,Admin (тех. аккаунт)
43619106,84174870,Неразобранное,143,Закрыто и не реализовано,2026-06-23T11:38:04.000Z,13216486,Admin (тех. аккаунт)
43616188,84180098,INSTAGRAM неразобранное,143,Закрыто и не реализовано,2026-06-23T11:38:04.000Z,13216486,Admin (тех. аккаунт)
43615946,84174870,Неразобранное,143,Закрыто и не реализовано,2026-06-23T11:38:04.000Z,13216486,Admin (тех. аккаунт)
43613475,84180098,INSTAGRAM неразобранное,143,Закрыто и не реализовано,2026-06-23T11:38:03.000Z,13216486,Admin (тех. аккаунт)
43612945,84174870,Неразобранное,143,Закрыто и не реализовано,2026-06-23T11:38:03.000Z,13216486,Admin (тех. аккаунт)
43604949,84180098,INSTAGRAM неразобранное,143,Закрыто и не реализовано,2026-06-23T11:38:03.000Z,13216486,Admin (тех. аккаунт)
43603883,84174870,Неразобранное,143,Закрыто и не реализовано,2026-06-23T11:38:03.000Z,13216486,Admin (тех. аккаунт)
43602951,84180098,INSTAGRAM неразобранное,143,Закрыто и не реализовано,2026-06-23T11:38:03.000Z,13216486,Admin (тех. аккаунт)
43601851,84174870,Неразобранное,143,Закрыто и не реализовано,2026-06-23T11:38:03.000Z,13216486,Admin (тех. аккаунт)
43603391,84174870,Неразобранное,143,Закрыто и не реализовано,2026-06-23T11:38:03.000Z,13216486,Admin (тех. аккаунт)
43601755,84174870,Неразобранное,143,Закрыто и не реализовано,2026-06-23T11:38:02.000Z,13216486,Admin (тех. аккаунт)
43601531,84174870,Неразобранное,143,Закрыто и не реализовано,2026-06-23T11:38:02.000Z,13216486,Admin (тех. аккаунт)
43600401,84174870,Неразобранное,143,Закрыто и не реализовано,2026-06-23T11:38:02.000Z,13216486,Admin (тех. аккаунт)
43599765,84180098,INSTAGRAM неразобранное,143,Закрыто и не реализовано,2026-06-23T11:38:02.000Z,13216486,Admin (тех. аккаунт)
43599753,84174870,Неразобранное,143,Закрыто и не реализовано,2026-06-23T11:38:01.000Z,13216486,Admin (тех. аккаунт)
43598247,84174870,Неразобранное,143,Закрыто и не реализовано,2026-06-23T11:38:01.000Z,13216486,Admin (тех. аккаунт)
43596287,84174870,Неразобранное,143,Закрыто и не реализовано,2026-06-23T11:38:01.000Z,13216486,Admin (тех. аккаунт)
43596239,84174870,Неразобранное,143,Закрыто и не реализовано,2026-06-23T11:38:01.000Z,13216486,Admin (тех. аккаунт)
43595977,84180098,INSTAGRAM неразобранное,143,Закрыто и не реализовано,2026-06-23T11:38:00.000Z,13216486,Admin (тех. аккаунт)
43595763,84180098,INSTAGRAM неразобранное,143,Закрыто и не реализовано,2026-06-23T11:38:00.000Z,13216486,Admin (тех. аккаунт)
43595411,84180098,INSTAGRAM неразобранное,143,Закрыто и не реализовано,2026-06-23T11:38:00.000Z,13216486,Admin (тех. аккаунт)
43594359,84174870,Неразобранное,143,Закрыто и не реализовано,2026-06-23T11:38:00.000Z,13216486,Admin (тех. аккаунт)
43593619,84180098,INSTAGRAM неразобранное,143,Закрыто и не реализовано,2026-06-23T11:38:00.000Z,13216486,Admin (тех. аккаунт)
43694429,84180098,INSTAGRAM неразобранное,143,Закрыто и не реализовано,2026-06-23T11:37:59.000Z,13216486,Admin (тех. аккаунт)
43694373,84174870,Неразобранное,143,Закрыто и не реализовано,2026-06-23T11:37:59.000Z,13216486,Admin (тех. аккаунт)
43692873,84174870,Неразобранное,143,Закрыто и не реализовано,2026-06-23T11:37:59.000Z,13216486,Admin (тех. аккаунт)
43692469,84174870,Неразобранное,143,Закрыто и не реализовано,2026-06-23T11:37:59.000Z,13216486,Admin (тех. аккаунт)
43681423,84174870,Неразобранное,143,Закрыто и не реализовано,2026-06-23T11:37:59.000Z,13216486,Admin (тех. аккаунт)
43692163,84180098,INSTAGRAM неразобранное,143,Закрыто и не реализовано,2026-06-23T11:37:59.000Z,13216486,Admin (тех. аккаунт)
43686359,84180098,INSTAGRAM неразобранное,143,Закрыто и не реализовано,2026-06-23T11:37:59.000Z,13216486,Admin (тех. аккаунт)
43686171,84180098,INSTAGRAM неразобранное,143,Закрыто и не реализовано,2026-06-23T11:37:59.000Z,13216486,Admin (тех. аккаунт)
43685843,84180098,INSTAGRAM неразобранное,143,Закрыто и не реализовано,2026-06-23T11:37:59.000Z,13216486,Admin (тех. аккаунт)
43684905,84180098,INSTAGRAM неразобранное,143,Закрыто и не реализовано,2026-06-23T11:37:59.000Z,13216486,Admin (тех. аккаунт)
43684893,84180098,INSTAGRAM неразобранное,143,Закрыто и не реализовано,2026-06-23T11:37:59.000Z,13216486,Admin (тех. аккаунт)
43680879,84174870,Неразобранное,143,Закрыто и не реализовано,2026-06-23T11:37:58.000Z,13216486,Admin (тех. аккаунт)
43679045,84180098,INSTAGRAM неразобранное,143,Закрыто и не реализовано,2026-06-23T11:37:58.000Z,13216486,Admin (тех. аккаунт)
43680757,84180098,INSTAGRAM неразобранное,143,Закрыто и не реализовано,2026-06-23T11:37:58.000Z,13216486,Admin (тех. аккаунт)
43674505,84180098,INSTAGRAM неразобранное,143,Закрыто и не реализовано,2026-06-23T11:37:58.000Z,13216486,Admin (тех. аккаунт)
43680477,84180098,INSTAGRAM неразобранное,143,Закрыто и не реализовано,2026-06-23T11:37:58.000Z,13216486,Admin (тех. аккаунт)
43680395,84174870,Неразобранное,143,Закрыто и не реализовано,2026-06-23T11:37:58.000Z,13216486,Admin (тех. аккаунт)
43679171,84180098,INSTAGRAM неразобранное,143,Закрыто и не реализовано,2026-06-23T11:37:58.000Z,13216486,Admin (тех. аккаунт)
43674077,84174870,Неразобранное,143,Закрыто и не реализовано,2026-06-23T11:37:57.000Z,13216486,Admin (тех. аккаунт)
43673695,84180098,INSTAGRAM неразобранное,143,Закрыто и не реализовано,2026-06-23T11:37:57.000Z,13216486,Admin (тех. аккаунт)
43673351,84180098,INSTAGRAM неразобранное,143,Закрыто и не реализовано,2026-06-23T11:37:57.000Z,13216486,Admin (тех. аккаунт)
43672869,84174870,Неразобранное,143,Закрыто и не реализовано,2026-06-23T11:37:57.000Z,13216486,Admin (тех. аккаунт)
43672459,84180098,INSTAGRAM неразобранное,143,Закрыто и не реализовано,2026-06-23T11:37:57.000Z,13216486,Admin (тех. аккаунт)
43672263,84180098,INSTAGRAM неразобранное,143,Закрыто и не реализовано,2026-06-23T11:37:57.000Z,13216486,Admin (тех. аккаунт)
43671939,84180098,INSTAGRAM неразобранное,143,Закрыто и не реализовано,2026-06-23T11:37:57.000Z,13216486,Admin (тех. аккаунт)
43671695,84180098,INSTAGRAM неразобранное,143,Закрыто и не реализовано,2026-06-23T11:37:57.000Z,13216486,Admin (тех. аккаунт)
43671399,84180098,INSTAGRAM неразобранное,143,Закрыто и не реализовано,2026-06-23T11:37:56.000Z,13216486,Admin (тех. аккаунт)
43671091,84174870,Неразобранное,143,Закрыто и не реализовано,2026-06-23T11:37:56.000Z,13216486,Admin (тех. аккаунт)
43665687,84174870,Неразобранное,143,Закрыто и не реализовано,2026-06-23T11:37:56.000Z,13216486,Admin (тех. аккаунт)
43670533,84180098,INSTAGRAM неразобранное,143,Закрыто и не реализовано,2026-06-23T11:37:56.000Z,13216486,Admin (тех. аккаунт)
43667589,84180098,INSTAGRAM неразобранное,143,Закрыто и не реализовано,2026-06-23T11:37:56.000Z,13216486,Admin (тех. аккаунт)
43667037,84180098,INSTAGRAM неразобранное,143,Закрыто и не реализовано,2026-06-23T11:37:56.000Z,13216486,Admin (тех. аккаунт)
43666425,84174870,Неразобранное,143,Закрыто и не реализовано,2026-06-23T11:37:56.000Z,13216486,Admin (тех. аккаунт)
43665591,84180098,INSTAGRAM неразобранное,143,Закрыто и не реализовано,2026-06-23T11:37:55.000Z,13216486,Admin (тех. аккаунт)
43664939,84180098,INSTAGRAM неразобранное,143,Закрыто и не реализовано,2026-06-23T11:37:55.000Z,13216486,Admin (тех. аккаунт)
43662071,84174870,Неразобранное,143,Закрыто и не реализовано,2026-06-23T11:37:55.000Z,13216486,Admin (тех. аккаунт)
43661965,84174870,Неразобранное,143,Закрыто и не реализовано,2026-06-23T11:37:55.000Z,13216486,Admin (тех. аккаунт)
43661139,84180098,INSTAGRAM неразобранное,143,Закрыто и не реализовано,2026-06-23T11:37:55.000Z,13216486,Admin (тех. аккаунт)
43660361,84180098,INSTAGRAM неразобранное,143,Закрыто и не реализовано,2026-06-23T11:37:55.000Z,13216486,Admin (тех. аккаунт)
43660157,84174870,Неразобранное,143,Закрыто и не реализовано,2026-06-23T11:37:55.000Z,13216486,Admin (тех. аккаунт)
43657633,84180098,INSTAGRAM неразобранное,143,Закрыто и не реализовано,2026-06-23T11:37:55.000Z,13216486,Admin (тех. аккаунт)
43658859,84180098,INSTAGRAM неразобранное,143,Закрыто и не реализовано,2026-06-23T11:37:55.000Z,13216486,Admin (тех. аккаунт)
43658279,84180098,INSTAGRAM неразобранное,143,Закрыто и не реализовано,2026-06-23T11:37:55.000Z,13216486,Admin (тех. аккаунт)
43721949,84174870,Неразобранное,143,Закрыто и не реализовано,2026-06-23T11:37:54.000Z,13216486,Admin (тех. аккаунт)
43657241,84180098,INSTAGRAM неразобранное,143,Закрыто и не реализовано,2026-06-23T11:37:54.000Z,13216486,Admin (тех. аккаунт)
43656655,84180098,INSTAGRAM неразобранное,143,Закрыто и не реализовано,2026-06-23T11:37:54.000Z,13216486,Admin (тех. аккаунт)
43656439,84180098,INSTAGRAM неразобранное,143,Закрыто и не реализовано,2026-06-23T11:37:54.000Z,13216486,Admin (тех. аккаунт)
43655745,84180098,INSTAGRAM неразобранное,143,Закрыто и не реализовано,2026-06-23T11:37:54.000Z,13216486,Admin (тех. аккаунт)
43655595,84180098,INSTAGRAM неразобранное,143,Закрыто и не реализовано,2026-06-23T11:37:54.000Z,13216486,Admin (тех. аккаунт)
43655529,84174870,Неразобранное,143,Закрыто и не реализовано,2026-06-23T11:37:54.000Z,13216486,Admin (тех. аккаунт)
43655303,84180098,INSTAGRAM неразобранное,143,Закрыто и не реализовано,2026-06-23T11:37:54.000Z,13216486,Admin (тех. аккаунт)
43722765,84180098,INSTAGRAM неразобранное,143,Закрыто и не реализовано,2026-06-23T11:37:54.000Z,13216486,Admin (тех. аккаунт)
43722507,84180098,INSTAGRAM неразобранное,143,Закрыто и не реализовано,2026-06-23T11:37:54.000Z,13216486,Admin (тех. аккаунт)
43721891,84180098,INSTAGRAM неразобранное,143,Закрыто и не реализовано,2026-06-23T11:37:53.000Z,13216486,Admin (тех. аккаунт)
43715531,84174870,Неразобранное,143,Закрыто и не реализовано,2026-06-23T11:37:53.000Z,13216486,Admin (тех. аккаунт)
43721737,84180098,INSTAGRAM неразобранное,143,Закрыто и не реализовано,2026-06-23T11:37:53.000Z,13216486,Admin (тех. аккаунт)
43721257,84180098,INSTAGRAM неразобранное,143,Закрыто и не реализовано,2026-06-23T11:37:53.000Z,13216486,Admin (тех. аккаунт)
43720889,84174870,Неразобранное,143,Закрыто и не реализовано,2026-06-23T11:37:53.000Z,13216486,Admin (тех. аккаунт)
43718659,84180098,INSTAGRAM неразобранное,143,Закрыто и не реализовано,2026-06-23T11:37:53.000Z,13216486,Admin (тех. аккаунт)
43717711,84174870,Неразобранное,143,Закрыто и не реализовано,2026-06-23T11:37:53.000Z,13216486,Admin (тех. аккаунт)
43715133,84180098,INSTAGRAM неразобранное,143,Закрыто и не реализовано,2026-06-23T11:37:52.000Z,13216486,Admin (тех. аккаунт)
43714891,84174870,Неразобранное,143,Закрыто и не реализовано,2026-06-23T11:37:52.000Z,13216486,Admin (тех. аккаунт)
43712889,84180098,INSTAGRAM неразобранное,143,Закрыто и не реализовано,2026-06-23T11:37:52.000Z,13216486,Admin (тех. аккаунт)
43714435,84174870,Неразобранное,143,Закрыто и не реализовано,2026-06-23T11:37:52.000Z,13216486,Admin (тех. аккаунт)
43711953,84180098,INSTAGRAM неразобранное,143,Закрыто и не реализовано,2026-06-23T11:37:52.000Z,13216486,Admin (тех. аккаунт)
43712801,84180098,INSTAGRAM неразобранное,143,Закрыто и не реализовано,2026-06-23T11:37:52.000Z,13216486,Admin (тех. аккаунт)
43714111,84180098,INSTAGRAM неразобранное,143,Закрыто и не реализовано,2026-06-23T11:37:52.000Z,13216486,Admin (тех. аккаунт)
43713119,84174870,Неразобранное,143,Закрыто и не реализовано,2026-06-23T11:37:52.000Z,13216486,Admin (тех. аккаунт)
43708251,84180098,INSTAGRAM неразобранное,143,Закрыто и не реализовано,2026-06-23T11:37:51.000Z,13216486,Admin (тех. аккаунт)
43711467,84174870,Неразобранное,143,Закрыто и не реализовано,2026-06-23T11:37:51.000Z,13216486,Admin (тех. аккаунт)
43711363,84174870,Неразобранное,143,Закрыто и не реализовано,2026-06-23T11:37:51.000Z,13216486,Admin (тех. аккаунт)
43707949,84174870,Неразобранное,143,Закрыто и не реализовано,2026-06-23T11:37:51.000Z,13216486,Admin (тех. аккаунт)
43710769,84180098,INSTAGRAM неразобранное,143,Закрыто и не реализовано,2026-06-23T11:37:51.000Z,13216486,Admin (тех. аккаунт)
43709591,84180098,INSTAGRAM неразобранное,143,Закрыто и не реализовано,2026-06-23T11:37:51.000Z,13216486,Admin (тех. аккаунт)
43709331,84174870,Неразобранное,143,Закрыто и не реализовано,2026-06-23T11:37:51.000Z,13216486,Admin (тех. аккаунт)
43707595,84180098,INSTAGRAM неразобранное,143,Закрыто и не реализовано,2026-06-23T11:37:50.000Z,13216486,Admin (тех. аккаунт)
43707593,84174870,Неразобранное,143,Закрыто и не реализовано,2026-06-23T11:37:50.000Z,13216486,Admin (тех. аккаунт)
43705837,84180098,INSTAGRAM неразобранное,143,Закрыто и не реализовано,2026-06-23T11:37:50.000Z,13216486,Admin (тех. аккаунт)
43704977,84180098,INSTAGRAM неразобранное,143,Закрыто и не реализовано,2026-06-23T11:37:50.000Z,13216486,Admin (тех. аккаунт)
43704841,84180098,INSTAGRAM неразобранное,143,Закрыто и не реализовано,2026-06-23T11:37:50.000Z,13216486,Admin (тех. аккаунт)
43704537,84180098,INSTAGRAM неразобранное,143,Закрыто и не реализовано,2026-06-23T11:37:50.000Z,13216486,Admin (тех. аккаунт)
43704161,84180098,INSTAGRAM неразобранное,143,Закрыто и не реализовано,2026-06-23T11:37:50.000Z,13216486,Admin (тех. аккаунт)
43703687,84180098,INSTAGRAM неразобранное,143,Закрыто и не реализовано,2026-06-23T11:37:50.000Z,13216486,Admin (тех. аккаунт)
43703175,84180098,INSTAGRAM неразобранное,143,Закрыто и не реализовано,2026-06-23T11:37:49.000Z,13216486,Admin (тех. аккаунт)
43703065,84180098,INSTAGRAM неразобранное,143,Закрыто и не реализовано,2026-06-23T11:37:49.000Z,13216486,Admin (тех. аккаунт)
43701755,84180098,INSTAGRAM неразобранное,143,Закрыто и не реализовано,2026-06-23T11:37:49.000Z,13216486,Admin (тех. аккаунт)
43699125,84174870,Неразобранное,143,Закрыто и не реализовано,2026-06-23T11:37:49.000Z,13216486,Admin (тех. аккаунт)
43701527,84180098,INSTAGRAM неразобранное,143,Закрыто и не реализовано,2026-06-23T11:37:49.000Z,13216486,Admin (тех. аккаунт)
43701219,84180098,INSTAGRAM неразобранное,143,Закрыто и не реализовано,2026-06-23T11:37:49.000Z,13216486,Admin (тех. аккаунт)
43701195,84174870,Неразобранное,143,Закрыто и не реализовано,2026-06-23T11:37:49.000Z,13216486,Admin (тех. аккаунт)
43701171,84174870,Неразобранное,143,Закрыто и не реализовано,2026-06-23T11:37:49.000Z,13216486,Admin (тех. аккаунт)
43699629,84180098,INSTAGRAM неразобранное,143,Закрыто и не реализовано,2026-06-23T11:37:49.000Z,13216486,Admin (тех. аккаунт)
43699557,84174870,Неразобранное,143,Закрыто и не реализовано,2026-06-23T11:37:49.000Z,13216486,Admin (тех. аккаунт)
43698593,84180098,INSTAGRAM неразобранное,143,Закрыто и не реализовано,2026-06-23T11:37:48.000Z,13216486,Admin (тех. аккаунт)
43698351,84180098,INSTAGRAM неразобранное,143,Закрыто и не реализовано,2026-06-23T11:37:48.000Z,13216486,Admin (тех. аккаунт)
43697657,84180098,INSTAGRAM неразобранное,143,Закрыто и не реализовано,2026-06-23T11:37:48.000Z,13216486,Admin (тех. аккаунт)
43697281,84180098,INSTAGRAM неразобранное,143,Закрыто и не реализовано,2026-06-23T11:37:48.000Z,13216486,Admin (тех. аккаунт)
43696507,84174870,Неразобранное,143,Закрыто и не реализовано,2026-06-23T11:37:48.000Z,13216486,Admin (тех. аккаунт)
43696239,84174870,Неразобранное,143,Закрыто и не реализовано,2026-06-23T11:37:48.000Z,13216486,Admin (тех. аккаунт)
43695703,84180098,INSTAGRAM неразобранное,143,Закрыто и не реализовано,2026-06-23T11:37:48.000Z,13216486,Admin (тех. аккаунт)
43777201,84174870,Неразобранное,143,Закрыто и не реализовано,2026-06-23T11:37:47.000Z,13216486,Admin (тех. аккаунт)
43777133,84180098,INSTAGRAM неразобранное,143,Закрыто и не реализовано,2026-06-23T11:37:47.000Z,13216486,Admin (тех. аккаунт)
43776021,84180098,INSTAGRAM неразобранное,143,Закрыто и не реализовано,2026-06-23T11:37:47.000Z,13216486,Admin (тех. аккаунт)
43775979,84174870,Неразобранное,143,Закрыто и не реализовано,2026-06-23T11:37:47.000Z,13216486,Admin (тех. аккаунт)
43770335,84180098,INSTAGRAM неразобранное,143,Закрыто и не реализовано,2026-06-23T11:37:47.000Z,13216486,Admin (тех. аккаунт)
43769725,84180098,INSTAGRAM неразобранное,143,Закрыто и не реализовано,2026-06-23T11:37:47.000Z,13216486,Admin (тех. аккаунт)
43768475,84180098,INSTAGRAM неразобранное,143,Закрыто и не реализовано,2026-06-23T11:37:47.000Z,13216486,Admin (тех. аккаунт)
43768247,84180098,INSTAGRAM неразобранное,143,Закрыто и не реализовано,2026-06-23T11:37:47.000Z,13216486,Admin (тех. аккаунт)
43767951,84174870,Неразобранное,143,Закрыто и не реализовано,2026-06-23T11:37:47.000Z,13216486,Admin (тех. аккаунт)
43766261,84180098,INSTAGRAM неразобранное,143,Закрыто и не реализовано,2026-06-23T11:37:46.000Z,13216486,Admin (тех. аккаунт)
43766213,84180098,INSTAGRAM неразобранное,143,Закрыто и не реализовано,2026-06-23T11:37:46.000Z,13216486,Admin (тех. аккаунт)
43765971,84174870,Неразобранное,143,Закрыто и не реализовано,2026-06-23T11:37:46.000Z,13216486,Admin (тех. аккаунт)
43764253,84180098,INSTAGRAM неразобранное,143,Закрыто и не реализовано,2026-06-23T11:37:46.000Z,13216486,Admin (тех. аккаунт)
43759739,84174870,Неразобранное,143,Закрыто и не реализовано,2026-06-23T11:37:46.000Z,13216486,Admin (тех. аккаунт)
43763157,84180098,INSTAGRAM неразобранное,143,Закрыто и не реализовано,2026-06-23T11:37:46.000Z,13216486,Admin (тех. аккаунт)
43762319,84180098,INSTAGRAM неразобранное,143,Закрыто и не реализовано,2026-06-23T11:37:46.000Z,13216486,Admin (тех. аккаунт)
43762089,84180098,INSTAGRAM неразобранное,143,Закрыто и не реализовано,2026-06-23T11:37:46.000Z,13216486,Admin (тех. аккаунт)
43761155,84180098,INSTAGRAM неразобранное,143,Закрыто и не реализовано,2026-06-23T11:37:46.000Z,13216486,Admin (тех. аккаунт)
43745589,84180098,INSTAGRAM неразобранное,143,Закрыто и не реализовано,2026-06-23T11:37:45.000Z,13216486,Admin (тех. аккаунт)
43759413,84174870,Неразобранное,143,Закрыто и не реализовано,2026-06-23T11:37:45.000Z,13216486,Admin (тех. аккаунт)
43759401,84180098,INSTAGRAM неразобранное,143,Закрыто и не реализовано,2026-06-23T11:37:45.000Z,13216486,Admin (тех. аккаунт)
43759357,84180098,INSTAGRAM неразобранное,143,Закрыто и не реализовано,2026-06-23T11:37:45.000Z,13216486,Admin (тех. аккаунт)
43756921,84180098,INSTAGRAM неразобранное,143,Закрыто и не реализовано,2026-06-23T11:37:45.000Z,13216486,Admin (тех. аккаунт)
43756345,84174870,Неразобранное,143,Закрыто и не реализовано,2026-06-23T11:37:45.000Z,13216486,Admin (тех. аккаунт)
43745297,84180098,INSTAGRAM неразобранное,143,Закрыто и не реализовано,2026-06-23T11:37:45.000Z,13216486,Admin (тех. аккаунт)
43750187,84180098,INSTAGRAM неразобранное,143,Закрыто и не реализовано,2026-06-23T11:37:45.000Z,13216486,Admin (тех. аккаунт)
43749729,84180098,INSTAGRAM неразобранное,143,Закрыто и не реализовано,2026-06-23T11:37:45.000Z,13216486,Admin (тех. аккаунт)
43748223,84180098,INSTAGRAM неразобранное,143,Закрыто и не реализовано,2026-06-23T11:37:45.000Z,13216486,Admin (тех. аккаунт)
43748207,84180098,INSTAGRAM неразобранное,143,Закрыто и не реализовано,2026-06-23T11:37:45.000Z,13216486,Admin (тех. аккаунт)
43742223,84180098,INSTAGRAM неразобранное,143,Закрыто и не реализовано,2026-06-23T11:37:45.000Z,13216486,Admin (тех. аккаунт)
43741391,84180098,INSTAGRAM неразобранное,143,Закрыто и не реализовано,2026-06-23T11:37:44.000Z,13216486,Admin (тех. аккаунт)
43737955,84180098,INSTAGRAM неразобранное,143,Закрыто и не реализовано,2026-06-23T11:37:44.000Z,13216486,Admin (тех. аккаунт)
43737163,84174870,Неразобранное,143,Закрыто и не реализовано,2026-06-23T11:37:44.000Z,13216486,Admin (тех. аккаунт)
43737043,84174870,Неразобранное,143,Закрыто и не реализовано,2026-06-23T11:37:44.000Z,13216486,Admin (тех. аккаунт)
43735759,84180098,INSTAGRAM неразобранное,143,Закрыто и не реализовано,2026-06-23T11:37:44.000Z,13216486,Admin (тех. аккаунт)
43733731,84174870,Неразобранное,143,Закрыто и не реализовано,2026-06-23T11:37:44.000Z,13216486,Admin (тех. аккаунт)
43733589,84180098,INSTAGRAM неразобранное,143,Закрыто и не реализовано,2026-06-23T11:37:44.000Z,13216486,Admin (тех. аккаунт)
43733579,84180098,INSTAGRAM неразобранное,143,Закрыто и не реализовано,2026-06-23T11:37:43.000Z,13216486,Admin (тех. аккаунт)
43728589,84180098,INSTAGRAM неразобранное,143,Закрыто и не реализовано,2026-06-23T11:37:43.000Z,13216486,Admin (тех. аккаунт)
43732921,84174870,Неразобранное,143,Закрыто и не реализовано,2026-06-23T11:37:43.000Z,13216486,Admin (тех. аккаунт)
43731961,84180098,INSTAGRAM неразобранное,143,Закрыто и не реализовано,2026-06-23T11:37:43.000Z,13216486,Admin (тех. аккаунт)
43731819,84174870,Неразобранное,143,Закрыто и не реализовано,2026-06-23T11:37:43.000Z,13216486,Admin (тех. аккаунт)
43726061,84180098,INSTAGRAM неразобранное,143,Закрыто и не реализовано,2026-06-23T11:37:43.000Z,13216486,Admin (тех. аккаунт)
43730119,84180098,INSTAGRAM неразобранное,143,Закрыто и не реализовано,2026-06-23T11:37:43.000Z,13216486,Admin (тех. аккаунт)
43729025,84174870,Неразобранное,143,Закрыто и не реализовано,2026-06-23T11:37:43.000Z,13216486,Admin (тех. аккаунт)
43725487,84180098,INSTAGRAM неразобранное,143,Закрыто и не реализовано,2026-06-23T11:37:43.000Z,13216486,Admin (тех. аккаунт)
43724847,84180098,INSTAGRAM неразобранное,143,Закрыто и не реализовано,2026-06-23T11:37:42.000Z,13216486,Admin (тех. аккаунт)
43723905,84180098,INSTAGRAM неразобранное,143,Закрыто и не реализовано,2026-06-23T11:37:42.000Z,13216486,Admin (тех. аккаунт)
43828345,84174870,Неразобранное,143,Закрыто и не реализовано,2026-06-23T11:37:42.000Z,13216486,Admin (тех. аккаунт)
43723685,84180098,INSTAGRAM неразобранное,143,Закрыто и не реализовано,2026-06-23T11:37:42.000Z,13216486,Admin (тех. аккаунт)
43723201,84180098,INSTAGRAM неразобранное,143,Закрыто и не реализовано,2026-06-23T11:37:42.000Z,13216486,Admin (тех. аккаунт)
43837145,84180098,INSTAGRAM неразобранное,143,Закрыто и не реализовано,2026-06-23T11:37:42.000Z,13216486,Admin (тех. аккаунт)
43836749,84174870,Неразобранное,143,Закрыто и не реализовано,2026-06-23T11:37:42.000Z,13216486,Admin (тех. аккаунт)
43828975,84180098,INSTAGRAM неразобранное,143,Закрыто и не реализовано,2026-06-23T11:37:42.000Z,13216486,Admin (тех. аккаунт)
43828199,84180098,INSTAGRAM неразобранное,143,Закрыто и не реализовано,2026-06-23T11:37:41.000Z,13216486,Admin (тех. аккаунт)
43827741,84180098,INSTAGRAM неразобранное,143,Закрыто и не реализовано,2026-06-23T11:37:41.000Z,13216486,Admin (тех. аккаунт)
43827555,84180098,INSTAGRAM неразобранное,143,Закрыто и не реализовано,2026-06-23T11:37:41.000Z,13216486,Admin (тех. аккаунт)
43826427,84180098,INSTAGRAM неразобранное,143,Закрыто и не реализовано,2026-06-23T11:37:41.000Z,13216486,Admin (тех. аккаунт)
43825701,84180098,INSTAGRAM неразобранное,143,Закрыто и не реализовано,2026-06-23T11:37:41.000Z,13216486,Admin (тех. аккаунт)
43825321,84174870,Неразобранное,143,Закрыто и не реализовано,2026-06-23T11:37:41.000Z,13216486,Admin (тех. аккаунт)
43825181,84180098,INSTAGRAM неразобранное,143,Закрыто и не реализовано,2026-06-23T11:37:41.000Z,13216486,Admin (тех. аккаунт)
43824035,84180098,INSTAGRAM неразобранное,143,Закрыто и не реализовано,2026-06-23T11:37:41.000Z,13216486,Admin (тех. аккаунт)
43823983,84180098,INSTAGRAM неразобранное,143,Закрыто и не реализовано,2026-06-23T11:37:41.000Z,13216486,Admin (тех. аккаунт)
43823881,84174870,Неразобранное,143,Закрыто и не реализовано,2026-06-23T11:37:41.000Z,13216486,Admin (тех. аккаунт)
43823843,84180098,INSTAGRAM неразобранное,143,Закрыто и не реализовано,2026-06-23T11:37:40.000Z,13216486,Admin (тех. аккаунт)
43823773,84180098,INSTAGRAM неразобранное,143,Закрыто и не реализовано,2026-06-23T11:37:40.000Z,13216486,Admin (тех. аккаунт)
43821489,84180098,INSTAGRAM неразобранное,143,Закрыто и не реализовано,2026-06-23T11:37:40.000Z,13216486,Admin (тех. аккаунт)
43821347,84180098,INSTAGRAM неразобранное,143,Закрыто и не реализовано,2026-06-23T11:37:40.000Z,13216486,Admin (тех. аккаунт)
43821279,84180098,INSTAGRAM неразобранное,143,Закрыто и не реализовано,2026-06-23T11:37:40.000Z,13216486,Admin (тех. аккаунт)
43819155,84174870,Неразобранное,143,Закрыто и не реализовано,2026-06-23T11:37:40.000Z,13216486,Admin (тех. аккаунт)
43818791,84174870,Неразобранное,143,Закрыто и не реализовано,2026-06-23T11:37:40.000Z,13216486,Admin (тех. аккаунт)
43818451,84174870,Неразобранное,143,Закрыто и не реализовано,2026-06-23T11:37:40.000Z,13216486,Admin (тех. аккаунт)
43815931,84174870,Неразобранное,143,Закрыто и не реализовано,2026-06-23T11:37:40.000Z,13216486,Admin (тех. аккаунт)
43815471,84174870,Неразобранное,143,Закрыто и не реализовано,2026-06-23T11:37:39.000Z,13216486,Admin (тех. аккаунт)
43806207,84180098,INSTAGRAM неразобранное,143,Закрыто и не реализовано,2026-06-23T11:37:39.000Z,13216486,Admin (тех. аккаунт)
43813265,84180098,INSTAGRAM неразобранное,143,Закрыто и не реализовано,2026-06-23T11:37:39.000Z,13216486,Admin (тех. аккаунт)
43811797,84174870,Неразобранное,143,Закрыто и не реализовано,2026-06-23T11:37:39.000Z,13216486,Admin (тех. аккаунт)
43811793,84174870,Неразобранное,143,Закрыто и не реализовано,2026-06-23T11:37:39.000Z,13216486,Admin (тех. аккаунт)
43805561,84180098,INSTAGRAM неразобранное,143,Закрыто и не реализовано,2026-06-23T11:37:39.000Z,13216486,Admin (тех. аккаунт)
43810355,84180098,INSTAGRAM неразобранное,143,Закрыто и не реализовано,2026-06-23T11:37:39.000Z,13216486,Admin (тех. аккаунт)
43809949,84180098,INSTAGRAM неразобранное,143,Закрыто и не реализовано,2026-06-23T11:37:39.000Z,13216486,Admin (тех. аккаунт)
43809061,84180098,INSTAGRAM неразобранное,143,Закрыто и не реализовано,2026-06-23T11:37:39.000Z,13216486,Admin (тех. аккаунт)
43808987,84180098,INSTAGRAM неразобранное,143,Закрыто и не реализовано,2026-06-23T11:37:39.000Z,13216486,Admin (тех. аккаунт)
43805231,84180098,INSTAGRAM неразобранное,143,Закрыто и не реализовано,2026-06-23T11:37:38.000Z,13216486,Admin (тех. аккаунт)
43805139,84180098,INSTAGRAM неразобранное,143,Закрыто и не реализовано,2026-06-23T11:37:38.000Z,13216486,Admin (тех. аккаунт)
43804385,84180098,INSTAGRAM неразобранное,143,Закрыто и не реализовано,2026-06-23T11:37:38.000Z,13216486,Admin (тех. аккаунт)
43802085,84180098,INSTAGRAM неразобранное,143,Закрыто и не реализовано,2026-06-23T11:37:38.000Z,13216486,Admin (тех. аккаунт)
43799751,84180098,INSTAGRAM неразобранное,143,Закрыто и не реализовано,2026-06-23T11:37:38.000Z,13216486,Admin (тех. аккаунт)
43799291,84180098,INSTAGRAM неразобранное,143,Закрыто и не реализовано,2026-06-23T11:37:38.000Z,13216486,Admin (тех. аккаунт)
43799073,84180098,INSTAGRAM неразобранное,143,Закрыто и не реализовано,2026-06-23T11:37:38.000Z,13216486,Admin (тех. аккаунт)
43794117,84180098,INSTAGRAM неразобранное,143,Закрыто и не реализовано,2026-06-23T11:37:38.000Z,13216486,Admin (тех. аккаунт)
43793947,84180098,INSTAGRAM неразобранное,143,Закрыто и не реализовано,2026-06-23T11:37:38.000Z,13216486,Admin (тех. аккаунт)
43792341,84180098,INSTAGRAM неразобранное,143,Закрыто и не реализовано,2026-06-23T11:37:38.000Z,13216486,Admin (тех. аккаунт)
43791539,84180098,INSTAGRAM неразобранное,143,Закрыто и не реализовано,2026-06-23T11:37:38.000Z,13216486,Admin (тех. аккаунт)
43790947,84174870,Неразобранное,143,Закрыто и не реализовано,2026-06-23T11:37:38.000Z,13216486,Admin (тех. аккаунт)
43784123,84180098,INSTAGRAM неразобранное,143,Закрыто и не реализовано,2026-06-23T11:37:37.000Z,13216486,Admin (тех. аккаунт)
43783559,84174870,Неразобранное,143,Закрыто и не реализовано,2026-06-23T11:37:37.000Z,13216486,Admin (тех. аккаунт)
43783203,84180098,INSTAGRAM неразобранное,143,Закрыто и не реализовано,2026-06-23T11:37:37.000Z,13216486,Admin (тех. аккаунт)
43780133,84180098,INSTAGRAM неразобранное,143,Закрыто и не реализовано,2026-06-23T11:37:37.000Z,13216486,Admin (тех. аккаунт)
43777623,84180098,INSTAGRAM неразобранное,143,Закрыто и не реализовано,2026-06-23T11:37:37.000Z,13216486,Admin (тех. аккаунт)
43920527,84174870,Неразобранное,143,Закрыто и не реализовано,2026-06-23T11:37:37.000Z,13216486,Admin (тех. аккаунт)
43919645,84180098,INSTAGRAM неразобранное,143,Закрыто и не реализовано,2026-06-23T11:37:36.000Z,13216486,Admin (тех. аккаунт)
43919179,84180098,INSTAGRAM неразобранное,143,Закрыто и не реализовано,2026-06-23T11:37:36.000Z,13216486,Admin (тех. аккаунт)
43896405,84174870,Неразобранное,143,Закрыто и не реализовано,2026-06-23T11:37:36.000Z,13216486,Admin (тех. аккаунт)
43917149,84180098,INSTAGRAM неразобранное,143,Закрыто и не реализовано,2026-06-23T11:37:36.000Z,13216486,Admin (тех. аккаунт)
43909869,84180098,INSTAGRAM неразобранное,143,Закрыто и не реализовано,2026-06-23T11:37:36.000Z,13216486,Admin (тех. аккаунт)
43899121,84180098,INSTAGRAM неразобранное,143,Закрыто и не реализовано,2026-06-23T11:37:36.000Z,13216486,Admin (тех. аккаунт)
43897979,84180098,INSTAGRAM неразобранное,143,Закрыто и не реализовано,2026-06-23T11:37:36.000Z,13216486,Admin (тех. аккаунт)
43897265,84180098,INSTAGRAM неразобранное,143,Закрыто и не реализовано,2026-06-23T11:37:36.000Z,13216486,Admin (тех. аккаунт)
43896433,84180098,INSTAGRAM неразобранное,143,Закрыто и не реализовано,2026-06-23T11:37:36.000Z,13216486,Admin (тех. аккаунт)
43896423,84180098,INSTAGRAM неразобранное,143,Закрыто и не реализовано,2026-06-23T11:37:36.000Z,13216486,Admin (тех. аккаунт)
43895681,84180098,INSTAGRAM неразобранное,143,Закрыто и не реализовано,2026-06-23T11:37:35.000Z,13216486,Admin (тех. аккаунт)
43895405,84180098,INSTAGRAM неразобранное,143,Закрыто и не реализовано,2026-06-23T11:37:35.000Z,13216486,Admin (тех. аккаунт)
43895347,84180098,INSTAGRAM неразобранное,143,Закрыто и не реализовано,2026-06-23T11:37:35.000Z,13216486,Admin (тех. аккаунт)
43869859,84180098,INSTAGRAM неразобранное,143,Закрыто и не реализовано,2026-06-23T11:37:33.000Z,13216486,Admin (тех. аккаунт)
43895343,84174870,Неразобранное,143,Закрыто и не реализовано,2026-06-23T11:37:33.000Z,13216486,Admin (тех. аккаунт)
43895089,84180098,INSTAGRAM неразобранное,143,Закрыто и не реализовано,2026-06-23T11:37:33.000Z,13216486,Admin (тех. аккаунт)
43869773,84180098,INSTAGRAM неразобранное,143,Закрыто и не реализовано,2026-06-23T11:37:33.000Z,13216486,Admin (тех. аккаунт)
43894873,84180098,INSTAGRAM неразобранное,143,Закрыто и не реализовано,2026-06-23T11:37:33.000Z,13216486,Admin (тех. аккаунт)
43894193,84180098,INSTAGRAM неразобранное,143,Закрыто и не реализовано,2026-06-23T11:37:33.000Z,13216486,Admin (тех. аккаунт)
43894141,84180098,INSTAGRAM неразобранное,143,Закрыто и не реализовано,2026-06-23T11:37:33.000Z,13216486,Admin (тех. аккаунт)
43891973,84180098,INSTAGRAM неразобранное,143,Закрыто и не реализовано,2026-06-23T11:37:33.000Z,13216486,Admin (тех. аккаунт)
43869423,84180098,INSTAGRAM неразобранное,143,Закрыто и не реализовано,2026-06-23T11:37:33.000Z,13216486,Admin (тех. аккаунт)
43888207,84180098,INSTAGRAM неразобранное,143,Закрыто и не реализовано,2026-06-23T11:37:33.000Z,13216486,Admin (тех. аккаунт)
43878059,84180098,INSTAGRAM неразобранное,143,Закрыто и не реализовано,2026-06-23T11:37:33.000Z,13216486,Admin (тех. аккаунт)
43870217,84180098,INSTAGRAM неразобранное,143,Закрыто и не реализовано,2026-06-23T11:37:33.000Z,13216486,Admin (тех. аккаунт)
43869201,84180098,INSTAGRAM неразобранное,143,Закрыто и не реализовано,2026-06-23T11:37:32.000Z,13216486,Admin (тех. аккаунт)
43868877,84180098,INSTAGRAM неразобранное,143,Закрыто и не реализовано,2026-06-23T11:37:32.000Z,13216486,Admin (тех. аккаунт)
43868815,84180098,INSTAGRAM неразобранное,143,Закрыто и не реализовано,2026-06-23T11:37:32.000Z,13216486,Admin (тех. аккаунт)
43866095,84180098,INSTAGRAM неразобранное,143,Закрыто и не реализовано,2026-06-23T11:37:32.000Z,13216486,Admin (тех. аккаунт)
43866093,84180098,INSTAGRAM неразобранное,143,Закрыто и не реализовано,2026-06-23T11:37:32.000Z,13216486,Admin (тех. аккаунт)
43864743,84180098,INSTAGRAM неразобранное,143,Закрыто и не реализовано,2026-06-23T11:37:32.000Z,13216486,Admin (тех. аккаунт)
43864575,84174870,Неразобранное,143,Закрыто и не реализовано,2026-06-23T11:37:32.000Z,13216486,Admin (тех. аккаунт)
43864569,84180098,INSTAGRAM неразобранное,143,Закрыто и не реализовано,2026-06-23T11:37:32.000Z,13216486,Admin (тех. аккаунт)
43863905,84174870,Неразобранное,143,Закрыто и не реализовано,2026-06-23T11:37:32.000Z,13216486,Admin (тех. аккаунт)
43863599,84180098,INSTAGRAM неразобранное,143,Закрыто и не реализовано,2026-06-23T11:37:31.000Z,13216486,Admin (тех. аккаунт)
43863581,84174870,Неразобранное,143,Закрыто и не реализовано,2026-06-23T11:37:31.000Z,13216486,Admin (тех. аккаунт)
43845421,84174870,Неразобранное,143,Закрыто и не реализовано,2026-06-23T11:37:31.000Z,13216486,Admin (тех. аккаунт)
43845645,84180098,INSTAGRAM неразобранное,143,Закрыто и не реализовано,2026-06-23T11:37:31.000Z,13216486,Admin (тех. аккаунт)
43859041,84174870,Неразобранное,143,Закрыто и не реализовано,2026-06-23T11:37:31.000Z,13216486,Admin (тех. аккаунт)
43857965,84174870,Неразобранное,143,Закрыто и не реализовано,2026-06-23T11:37:31.000Z,13216486,Admin (тех. аккаунт)
43847087,84174870,Неразобранное,143,Закрыто и не реализовано,2026-06-23T11:37:31.000Z,13216486,Admin (тех. аккаунт)
43839225,84174870,Неразобранное,143,Закрыто и не реализовано,2026-06-23T11:37:30.000Z,13216486,Admin (тех. аккаунт)
43844733,84180098,INSTAGRAM неразобранное,143,Закрыто и не реализовано,2026-06-23T11:37:30.000Z,13216486,Admin (тех. аккаунт)
43842747,84174870,Неразобранное,143,Закрыто и не реализовано,2026-06-23T11:37:30.000Z,13216486,Admin (тех. аккаунт)
43841671,84180098,INSTAGRAM неразобранное,143,Закрыто и не реализовано,2026-06-23T11:37:30.000Z,13216486,Admin (тех. аккаунт)
43840673,84180098,INSTAGRAM неразобранное,143,Закрыто и не реализовано,2026-06-23T11:37:30.000Z,13216486,Admin (тех. аккаунт)
43840621,84180098,INSTAGRAM неразобранное,143,Закрыто и не реализовано,2026-06-23T11:37:30.000Z,13216486,Admin (тех. аккаунт)
43840163,84180098,INSTAGRAM неразобранное,143,Закрыто и не реализовано,2026-06-23T11:37:30.000Z,13216486,Admin (тех. аккаунт)
43840115,84174870,Неразобранное,143,Закрыто и не реализовано,2026-06-23T11:37:30.000Z,13216486,Admin (тех. аккаунт)
43971659,84180098,INSTAGRAM неразобранное,143,Закрыто и не реализовано,2026-06-23T11:37:29.000Z,13216486,Admin (тех. аккаунт)
43970749,84180098,INSTAGRAM неразобранное,143,Закрыто и не реализовано,2026-06-23T11:37:29.000Z,13216486,Admin (тех. аккаунт)
43964829,84174870,Неразобранное,143,Закрыто и не реализовано,2026-06-23T11:37:29.000Z,13216486,Admin (тех. аккаунт)
43964181,84180098,INSTAGRAM неразобранное,143,Закрыто и не реализовано,2026-06-23T11:37:29.000Z,13216486,Admin (тех. аккаунт)
43956689,84180098,INSTAGRAM неразобранное,143,Закрыто и не реализовано,2026-06-23T11:37:29.000Z,13216486,Admin (тех. аккаунт)
43956559,84180098,INSTAGRAM неразобранное,143,Закрыто и не реализовано,2026-06-23T11:37:29.000Z,13216486,Admin (тех. аккаунт)
43955815,84180098,INSTAGRAM неразобранное,143,Закрыто и не реализовано,2026-06-23T11:37:29.000Z,13216486,Admin (тех. аккаунт)
43955709,84174870,Неразобранное,143,Закрыто и не реализовано,2026-06-23T11:37:29.000Z,13216486,Admin (тех. аккаунт)
43955657,84180098,INSTAGRAM неразобранное,143,Закрыто и не реализовано,2026-06-23T11:37:28.000Z,13216486,Admin (тех. аккаунт)
43955157,84180098,INSTAGRAM неразобранное,143,Закрыто и не реализовано,2026-06-23T11:37:28.000Z,13216486,Admin (тех. аккаунт)
43953725,84180098,INSTAGRAM неразобранное,143,Закрыто и не реализовано,2026-06-23T11:37:28.000Z,13216486,Admin (тех. аккаунт)
43953615,84180098,INSTAGRAM неразобранное,143,Закрыто и не реализовано,2026-06-23T11:37:28.000Z,13216486,Admin (тех. аккаунт)
43952575,84180098,INSTAGRAM неразобранное,143,Закрыто и не реализовано,2026-06-23T11:37:28.000Z,13216486,Admin (тех. аккаунт)
43952357,84180098,INSTAGRAM неразобранное,143,Закрыто и не реализовано,2026-06-23T11:37:28.000Z,13216486,Admin (тех. аккаунт)
43951613,84180098,INSTAGRAM неразобранное,143,Закрыто и не реализовано,2026-06-23T11:37:28.000Z,13216486,Admin (тех. аккаунт)
43951543,84180098,INSTAGRAM неразобранное,143,Закрыто и не реализовано,2026-06-23T11:37:28.000Z,13216486,Admin (тех. аккаунт)
43951483,84174870,Неразобранное,143,Закрыто и не реализовано,2026-06-23T11:37:28.000Z,13216486,Admin (тех. аккаунт)
43950231,84180098,INSTAGRAM неразобранное,143,Закрыто и не реализовано,2026-06-23T11:37:27.000Z,13216486,Admin (тех. аккаунт)
43950155,84174870,Неразобранное,143,Закрыто и не реализовано,2026-06-23T11:37:27.000Z,13216486,Admin (тех. аккаунт)
43948469,84174870,Неразобранное,143,Закрыто и не реализовано,2026-06-23T11:37:27.000Z,13216486,Admin (тех. аккаунт)
43944491,84174870,Неразобранное,143,Закрыто и не реализовано,2026-06-23T11:37:27.000Z,13216486,Admin (тех. аккаунт)
43943525,84174870,Неразобранное,143,Закрыто и не реализовано,2026-06-23T11:37:27.000Z,13216486,Admin (тех. аккаунт)
43942095,84174870,Неразобранное,143,Закрыто и не реализовано,2026-06-23T11:37:27.000Z,13216486,Admin (тех. аккаунт)
43942277,84174870,Неразобранное,143,Закрыто и не реализовано,2026-06-23T11:37:27.000Z,13216486,Admin (тех. аккаунт)
43941225,84180098,INSTAGRAM неразобранное,143,Закрыто и не реализовано,2026-06-23T11:37:26.000Z,13216486,Admin (тех. аккаунт)
43941131,84180098,INSTAGRAM неразобранное,143,Закрыто и не реализовано,2026-06-23T11:37:26.000Z,13216486,Admin (тех. аккаунт)
43937749,84174870,Неразобранное,143,Закрыто и не реализовано,2026-06-23T11:37:26.000Z,13216486,Admin (тех. аккаунт)
43937403,84180098,INSTAGRAM неразобранное,143,Закрыто и не реализовано,2026-06-23T11:37:26.000Z,13216486,Admin (тех. аккаунт)
43936975,84180098,INSTAGRAM неразобранное,143,Закрыто и не реализовано,2026-06-23T11:37:26.000Z,13216486,Admin (тех. аккаунт)
43935893,84180098,INSTAGRAM неразобранное,143,Закрыто и не реализовано,2026-06-23T11:37:26.000Z,13216486,Admin (тех. аккаунт)
43933539,84180098,INSTAGRAM неразобранное,143,Закрыто и не реализовано,2026-06-23T11:37:26.000Z,13216486,Admin (тех. аккаунт)
43932065,84180098,INSTAGRAM неразобранное,143,Закрыто и не реализовано,2026-06-23T11:37:26.000Z,13216486,Admin (тех. аккаунт)
43931263,84180098,INSTAGRAM неразобранное,143,Закрыто и не реализовано,2026-06-23T11:37:26.000Z,13216486,Admin (тех. аккаунт)
43929193,84174870,Неразобранное,143,Закрыто и не реализовано,2026-06-23T11:37:26.000Z,13216486,Admin (тех. аккаунт)
43927893,84180098,INSTAGRAM неразобранное,143,Закрыто и не реализовано,2026-06-23T11:37:25.000Z,13216486,Admin (тех. аккаунт)
43927687,84180098,INSTAGRAM неразобранное,143,Закрыто и не реализовано,2026-06-23T11:37:25.000Z,13216486,Admin (тех. аккаунт)
43927005,84180098,INSTAGRAM неразобранное,143,Закрыто и не реализовано,2026-06-23T11:37:25.000Z,13216486,Admin (тех. аккаунт)
43926841,84180098,INSTAGRAM неразобранное,143,Закрыто и не реализовано,2026-06-23T11:37:25.000Z,13216486,Admin (тех. аккаунт)
43925903,84180098,INSTAGRAM неразобранное,143,Закрыто и не реализовано,2026-06-23T11:37:25.000Z,13216486,Admin (тех. аккаунт)
43925729,84180098,INSTAGRAM неразобранное,143,Закрыто и не реализовано,2026-06-23T11:37:25.000Z,13216486,Admin (тех. аккаунт)
43925615,84180098,INSTAGRAM неразобранное,143,Закрыто и не реализовано,2026-06-23T11:37:25.000Z,13216486,Admin (тех. аккаунт)
43924845,84174870,Неразобранное,143,Закрыто и не реализовано,2026-06-23T11:37:25.000Z,13216486,Admin (тех. аккаунт)
43924529,84180098,INSTAGRAM неразобранное,143,Закрыто и не реализовано,2026-06-23T11:37:25.000Z,13216486,Admin (тех. аккаунт)
43923845,84180098,INSTAGRAM неразобранное,143,Закрыто и не реализовано,2026-06-23T11:37:24.000Z,13216486,Admin (тех. аккаунт)
43922863,84180098,INSTAGRAM неразобранное,143,Закрыто и не реализовано,2026-06-23T11:37:24.000Z,13216486,Admin (тех. аккаунт)
43922785,84174870,Неразобранное,143,Закрыто и не реализовано,2026-06-23T11:37:24.000Z,13216486,Admin (тех. аккаунт)
43921877,84174870,Неразобранное,143,Закрыто и не реализовано,2026-06-23T11:37:24.000Z,13216486,Admin (тех. аккаунт)
43921875,84174870,Неразобранное,143,Закрыто и не реализовано,2026-06-23T11:37:24.000Z,13216486,Admin (тех. аккаунт)
43920819,84180098,INSTAGRAM неразобранное,143,Закрыто и не реализовано,2026-06-23T11:37:24.000Z,13216486,Admin (тех. аккаунт)
43920669,84180098,INSTAGRAM неразобранное,143,Закрыто и не реализовано,2026-06-23T11:37:24.000Z,13216486,Admin (тех. аккаунт)
44017387,84174870,Неразобранное,143,Закрыто и не реализовано,2026-06-23T11:37:22.000Z,13216486,Admin (тех. аккаунт)
44018113,84174870,Неразобранное,143,Закрыто и не реализовано,2026-06-23T11:37:22.000Z,13216486,Admin (тех. аккаунт)
44017983,84180098,INSTAGRAM неразобранное,143,Закрыто и не реализовано,2026-06-23T11:37:22.000Z,13216486,Admin (тех. аккаунт)
44017817,84180098,INSTAGRAM неразобранное,143,Закрыто и не реализовано,2026-06-23T11:37:22.000Z,13216486,Admin (тех. аккаунт)
44015685,84174870,Неразобранное,143,Закрыто и не реализовано,2026-06-23T11:37:21.000Z,13216486,Admin (тех. аккаунт)
44015389,84174870,Неразобранное,143,Закрыто и не реализовано,2026-06-23T11:37:21.000Z,13216486,Admin (тех. аккаунт)
44015353,84180098,INSTAGRAM неразобранное,143,Закрыто и не реализовано,2026-06-23T11:37:21.000Z,13216486,Admin (тех. аккаунт)
44015077,84180098,INSTAGRAM неразобранное,143,Закрыто и не реализовано,2026-06-23T11:37:21.000Z,13216486,Admin (тех. аккаунт)
44014837,84180098,INSTAGRAM неразобранное,143,Закрыто и не реализовано,2026-06-23T11:37:21.000Z,13216486,Admin (тех. аккаунт)
44014587,84180098,INSTAGRAM неразобранное,143,Закрыто и не реализовано,2026-06-23T11:37:21.000Z,13216486,Admin (тех. аккаунт)
44014175,84180098,INSTAGRAM неразобранное,143,Закрыто и не реализовано,2026-06-23T11:37:21.000Z,13216486,Admin (тех. аккаунт)
44013335,84180098,INSTAGRAM неразобранное,143,Закрыто и не реализовано,2026-06-23T11:37:21.000Z,13216486,Admin (тех. аккаунт)
44012585,84174870,Неразобранное,143,Закрыто и не реализовано,2026-06-23T11:37:20.000Z,13216486,Admin (тех. аккаунт)
44012575,84180098,INSTAGRAM неразобранное,143,Закрыто и не реализовано,2026-06-23T11:37:20.000Z,13216486,Admin (тех. аккаунт)
44012063,84180098,INSTAGRAM неразобранное,143,Закрыто и не реализовано,2026-06-23T11:37:20.000Z,13216486,Admin (тех. аккаунт)
44011507,84180098,INSTAGRAM неразобранное,143,Закрыто и не реализовано,2026-06-23T11:37:20.000Z,13216486,Admin (тех. аккаунт)
44010501,84174870,Неразобранное,143,Закрыто и не реализовано,2026-06-23T11:37:20.000Z,13216486,Admin (тех. аккаунт)
44010251,84174870,Неразобранное,143,Закрыто и не реализовано,2026-06-23T11:37:20.000Z,13216486,Admin (тех. аккаунт)
44009915,84180098,INSTAGRAM неразобранное,143,Закрыто и не реализовано,2026-06-23T11:37:19.000Z,13216486,Admin (тех. аккаунт)
44008763,84174870,Неразобранное,143,Закрыто и не реализовано,2026-06-23T11:37:19.000Z,13216486,Admin (тех. аккаунт)
44008177,84180098,INSTAGRAM неразобранное,143,Закрыто и не реализовано,2026-06-23T11:37:19.000Z,13216486,Admin (тех. аккаунт)
44006821,84174870,Неразобранное,143,Закрыто и не реализовано,2026-06-23T11:37:19.000Z,13216486,Admin (тех. аккаунт)
43997829,84174870,Неразобранное,143,Закрыто и не реализовано,2026-06-23T11:37:19.000Z,13216486,Admin (тех. аккаунт)
44000305,84174870,Неразобранное,143,Закрыто и не реализовано,2026-06-23T11:37:19.000Z,13216486,Admin (тех. аккаунт)
44000203,84174870,Неразобранное,143,Закрыто и не реализовано,2026-06-23T11:37:19.000Z,13216486,Admin (тех. аккаунт)
43997775,84174870,Неразобранное,143,Закрыто и не реализовано,2026-06-23T11:37:18.000Z,13216486,Admin (тех. аккаунт)
43997015,84174870,Неразобранное,143,Закрыто и не реализовано,2026-06-23T11:37:18.000Z,13216486,Admin (тех. аккаунт)
43996237,84174870,Неразобранное,143,Закрыто и не реализовано,2026-06-23T11:37:18.000Z,13216486,Admin (тех. аккаунт)
43995007,84180098,INSTAGRAM неразобранное,143,Закрыто и не реализовано,2026-06-23T11:37:18.000Z,13216486,Admin (тех. аккаунт)
43994503,84174870,Неразобранное,143,Закрыто и не реализовано,2026-06-23T11:37:18.000Z,13216486,Admin (тех. аккаунт)
43994313,84180098,INSTAGRAM неразобранное,143,Закрыто и не реализовано,2026-06-23T11:37:17.000Z,13216486,Admin (тех. аккаунт)
43993575,84174870,Неразобранное,143,Закрыто и не реализовано,2026-06-23T11:37:17.000Z,13216486,Admin (тех. аккаунт)
43993513,84174870,Неразобранное,143,Закрыто и не реализовано,2026-06-23T11:37:17.000Z,13216486,Admin (тех. аккаунт)
43993117,84174870,Неразобранное,143,Закрыто и не реализовано,2026-06-23T11:37:17.000Z,13216486,Admin (тех. аккаунт)
43992753,84174870,Неразобранное,143,Закрыто и не реализовано,2026-06-23T11:37:17.000Z,13216486,Admin (тех. аккаунт)
43990213,84174870,Неразобранное,143,Закрыто и не реализовано,2026-06-23T11:37:17.000Z,13216486,Admin (тех. аккаунт)
43984235,84180098,INSTAGRAM неразобранное,143,Закрыто и не реализовано,2026-06-23T11:37:16.000Z,13216486,Admin (тех. аккаунт)
43988663,84174870,Неразобранное,143,Закрыто и не реализовано,2026-06-23T11:37:16.000Z,13216486,Admin (тех. аккаунт)
43988645,84180098,INSTAGRAM неразобранное,143,Закрыто и не реализовано,2026-06-23T11:37:16.000Z,13216486,Admin (тех. аккаунт)
43987659,84180098,INSTAGRAM неразобранное,143,Закрыто и не реализовано,2026-06-23T11:37:16.000Z,13216486,Admin (тех. аккаунт)
43986805,84174870,Неразобранное,143,Закрыто и не реализовано,2026-06-23T11:37:16.000Z,13216486,Admin (тех. аккаунт)
43985249,84180098,INSTAGRAM неразобранное,143,Закрыто и не реализовано,2026-06-23T11:37:16.000Z,13216486,Admin (тех. аккаунт)
43984605,84180098,INSTAGRAM неразобранное,143,Закрыто и не реализовано,2026-06-23T11:37:16.000Z,13216486,Admin (тех. аккаунт)
43984139,84180098,INSTAGRAM неразобранное,143,Закрыто и не реализовано,2026-06-23T11:37:15.000Z,13216486,Admin (тех. аккаунт)
43982461,84180098,INSTAGRAM неразобранное,143,Закрыто и не реализовано,2026-06-23T11:37:15.000Z,13216486,Admin (тех. аккаунт)
43982373,84174870,Неразобранное,143,Закрыто и не реализовано,2026-06-23T11:37:15.000Z,13216486,Admin (тех. аккаунт)
43982201,84180098,INSTAGRAM неразобранное,143,Закрыто и не реализовано,2026-06-23T11:37:15.000Z,13216486,Admin (тех. аккаунт)
43982121,84174870,Неразобранное,143,Закрыто и не реализовано,2026-06-23T11:37:15.000Z,13216486,Admin (тех. аккаунт)
43981975,84174870,Неразобранное,143,Закрыто и не реализовано,2026-06-23T11:37:15.000Z,13216486,Admin (тех. аккаунт)
43975405,84180098,INSTAGRAM неразобранное,143,Закрыто и не реализовано,2026-06-23T11:37:15.000Z,13216486,Admin (тех. аккаунт)
44036309,84174870,Неразобранное,143,Закрыто и не реализовано,2026-06-23T11:37:14.000Z,13216486,Admin (тех. аккаунт)
44035151,84174870,Неразобранное,143,Закрыто и не реализовано,2026-06-23T11:37:14.000Z,13216486,Admin (тех. аккаунт)
44034917,84174870,Неразобранное,143,Закрыто и не реализовано,2026-06-23T11:37:14.000Z,13216486,Admin (тех. аккаунт)
44033431,84174870,Неразобранное,143,Закрыто и не реализовано,2026-06-23T11:37:13.000Z,13216486,Admin (тех. аккаунт)
44033761,84174870,Неразобранное,143,Закрыто и не реализовано,2026-06-23T11:37:13.000Z,13216486,Admin (тех. аккаунт)
44033293,84174870,Неразобранное,143,Закрыто и не реализовано,2026-06-23T11:37:12.000Z,13216486,Admin (тех. аккаунт)
44030489,84180098,INSTAGRAM неразобранное,143,Закрыто и не реализовано,2026-06-23T11:37:12.000Z,13216486,Admin (тех. аккаунт)
44032815,84180098,INSTAGRAM неразобранное,143,Закрыто и не реализовано,2026-06-23T11:37:12.000Z,13216486,Admin (тех. аккаунт)
44032783,84180098,INSTAGRAM неразобранное,143,Закрыто и не реализовано,2026-06-23T11:37:12.000Z,13216486,Admin (тех. аккаунт)
44032705,84180098,INSTAGRAM неразобранное,143,Закрыто и не реализовано,2026-06-23T11:37:12.000Z,13216486,Admin (тех. аккаунт)
44032419,84180098,INSTAGRAM неразобранное,143,Закрыто и не реализовано,2026-06-23T11:37:12.000Z,13216486,Admin (тех. аккаунт)
44031347,84174870,Неразобранное,143,Закрыто и не реализовано,2026-06-23T11:37:12.000Z,13216486,Admin (тех. аккаунт)
44030975,84174870,Неразобранное,143,Закрыто и не реализовано,2026-06-23T11:37:12.000Z,13216486,Admin (тех. аккаунт)
44030523,84180098,INSTAGRAM неразобранное,143,Закрыто и не реализовано,2026-06-23T11:37:12.000Z,13216486,Admin (тех. аккаунт)
44029907,84180098,INSTAGRAM неразобранное,143,Закрыто и не реализовано,2026-06-23T11:37:11.000Z,13216486,Admin (тех. аккаунт)
44029897,84174870,Неразобранное,143,Закрыто и не реализовано,2026-06-23T11:37:11.000Z,13216486,Admin (тех. аккаунт)
44027907,84174870,Неразобранное,143,Закрыто и не реализовано,2026-06-23T11:37:11.000Z,13216486,Admin (тех. аккаунт)
44027663,84174870,Неразобранное,143,Закрыто и не реализовано,2026-06-23T11:37:11.000Z,13216486,Admin (тех. аккаунт)
44027567,84180098,INSTAGRAM неразобранное,143,Закрыто и не реализовано,2026-06-23T11:37:11.000Z,13216486,Admin (тех. аккаунт)
44027427,84174870,Неразобранное,143,Закрыто и не реализовано,2026-06-23T11:37:10.000Z,13216486,Admin (тех. аккаунт)
44027077,84174870,Неразобранное,143,Закрыто и не реализовано,2026-06-23T11:37:10.000Z,13216486,Admin (тех. аккаунт)
44026971,84180098,INSTAGRAM неразобранное,143,Закрыто и не реализовано,2026-06-23T11:37:10.000Z,13216486,Admin (тех. аккаунт)
44026437,84174870,Неразобранное,143,Закрыто и не реализовано,2026-06-23T11:37:10.000Z,13216486,Admin (тех. аккаунт)
44026327,84180098,INSTAGRAM неразобранное,143,Закрыто и не реализовано,2026-06-23T11:37:10.000Z,13216486,Admin (тех. аккаунт)
44025893,84180098,INSTAGRAM неразобранное,143,Закрыто и не реализовано,2026-06-23T11:37:10.000Z,13216486,Admin (тех. аккаунт)
44025601,84180098,INSTAGRAM неразобранное,143,Закрыто и не реализовано,2026-06-23T11:37:10.000Z,13216486,Admin (тех. аккаунт)
44025847,84174870,Неразобранное,143,Закрыто и не реализовано,2026-06-23T11:37:10.000Z,13216486,Admin (тех. аккаунт)
44024845,84174870,Неразобранное,143,Закрыто и не реализовано,2026-06-23T11:37:09.000Z,13216486,Admin (тех. аккаунт)
44024787,84180098,INSTAGRAM неразобранное,143,Закрыто и не реализовано,2026-06-23T11:37:09.000Z,13216486,Admin (тех. аккаунт)
44024397,84180098,INSTAGRAM неразобранное,143,Закрыто и не реализовано,2026-06-23T11:37:09.000Z,13216486,Admin (тех. аккаунт)
44024139,84174870,Неразобранное,143,Закрыто и не реализовано,2026-06-23T11:37:09.000Z,13216486,Admin (тех. аккаунт)
44020047,84180098,INSTAGRAM неразобранное,143,Закрыто и не реализовано,2026-06-23T11:37:09.000Z,13216486,Admin (тех. аккаунт)
44024059,84174870,Неразобранное,143,Закрыто и не реализовано,2026-06-23T11:37:09.000Z,13216486,Admin (тех. аккаунт)
44023699,84180098,INSTAGRAM неразобранное,143,Закрыто и не реализовано,2026-06-23T11:37:09.000Z,13216486,Admin (тех. аккаунт)
44022333,84180098,INSTAGRAM неразобранное,143,Закрыто и не реализовано,2026-06-23T11:37:09.000Z,13216486,Admin (тех. аккаунт)
44021977,84180098,INSTAGRAM неразобранное,143,Закрыто и не реализовано,2026-06-23T11:37:09.000Z,13216486,Admin (тех. аккаунт)
44019479,84180098,INSTAGRAM неразобранное,143,Закрыто и не реализовано,2026-06-23T11:37:08.000Z,13216486,Admin (тех. аккаунт)
44019363,84180098,INSTAGRAM неразобранное,143,Закрыто и не реализовано,2026-06-23T11:37:08.000Z,13216486,Admin (тех. аккаунт)
44018853,84180098,INSTAGRAM неразобранное,143,Закрыто и не реализовано,2026-06-23T11:37:08.000Z,13216486,Admin (тех. аккаунт)
44019279,84180098,INSTAGRAM неразобранное,143,Закрыто и не реализовано,2026-06-23T11:37:08.000Z,13216486,Admin (тех. аккаунт)
44019257,84180098,INSTAGRAM неразобранное,143,Закрыто и не реализовано,2026-06-23T11:37:08.000Z,13216486,Admin (тех. аккаунт)
44018827,84180098,INSTAGRAM неразобранное,143,Закрыто и не реализовано,2026-06-23T11:37:08.000Z,13216486,Admin (тех. аккаунт)
44019235,84180098,INSTAGRAM неразобранное,143,Закрыто и не реализовано,2026-06-23T11:37:08.000Z,13216486,Admin (тех. аккаунт)
44019197,84180098,INSTAGRAM неразобранное,143,Закрыто и не реализовано,2026-06-23T11:37:08.000Z,13216486,Admin (тех. аккаунт)
44018997,84174870,Неразобранное,143,Закрыто и не реализовано,2026-06-23T11:37:08.000Z,13216486,Admin (тех. аккаунт)
44018901,84180098,INSTAGRAM неразобранное,143,Закрыто и не реализовано,2026-06-23T11:37:08.000Z,13216486,Admin (тех. аккаунт)
44018377,84174870,Неразобранное,143,Закрыто и не реализовано,2026-06-23T11:37:07.000Z,13216486,Admin (тех. аккаунт)
44018353,84174870,Неразобранное,143,Закрыто и не реализовано,2026-06-23T11:37:07.000Z,13216486,Admin (тех. аккаунт)
44018333,84174870,Неразобранное,143,Закрыто и не реализовано,2026-06-23T11:37:07.000Z,13216486,Admin (тех. аккаунт)
44018267,84180098,INSTAGRAM неразобранное,143,Закрыто и не реализовано,2026-06-23T11:37:07.000Z,13216486,Admin (тех. аккаунт)
44077295,84174870,Неразобранное,143,Закрыто и не реализовано,2026-06-23T11:37:07.000Z,13216486,Admin (тех. аккаунт)
44077117,84174870,Неразобранное,143,Закрыто и не реализовано,2026-06-23T11:37:06.000Z,13216486,Admin (тех. аккаунт)
44077013,84174870,Неразобранное,143,Закрыто и не реализовано,2026-06-23T11:37:06.000Z,13216486,Admin (тех. аккаунт)
44076303,84174870,Неразобранное,143,Закрыто и не реализовано,2026-06-23T11:37:06.000Z,13216486,Admin (тех. аккаунт)
44074949,84174870,Неразобранное,143,Закрыто и не реализовано,2026-06-23T11:37:06.000Z,13216486,Admin (тех. аккаунт)
44073545,84174870,Неразобранное,143,Закрыто и не реализовано,2026-06-23T11:37:05.000Z,13216486,Admin (тех. аккаунт)
44072127,84174870,Неразобранное,143,Закрыто и не реализовано,2026-06-23T11:37:05.000Z,13216486,Admin (тех. аккаунт)
44071819,84174870,Неразобранное,143,Закрыто и не реализовано,2026-06-23T11:37:05.000Z,13216486,Admin (тех. аккаунт)
44071801,84174870,Неразобранное,143,Закрыто и не реализовано,2026-06-23T11:37:04.000Z,13216486,Admin (тех. аккаунт)
44071049,84174870,Неразобранное,143,Закрыто и не реализовано,2026-06-23T11:37:04.000Z,13216486,Admin (тех. аккаунт)
44070883,84174870,Неразобранное,143,Закрыто и не реализовано,2026-06-23T11:37:04.000Z,13216486,Admin (тех. аккаунт)
44066271,84174870,Неразобранное,143,Закрыто и не реализовано,2026-06-23T11:37:04.000Z,13216486,Admin (тех. аккаунт)
44066069,84174870,Неразобранное,143,Закрыто и не реализовано,2026-06-23T11:37:04.000Z,13216486,Admin (тех. аккаунт)
44062991,84174870,Неразобранное,143,Закрыто и не реализовано,2026-06-23T11:37:03.000Z,13216486,Admin (тех. аккаунт)
44064473,84174870,Неразобранное,143,Закрыто и не реализовано,2026-06-23T11:37:03.000Z,13216486,Admin (тех. аккаунт)
44064443,84174870,Неразобранное,143,Закрыто и не реализовано,2026-06-23T11:37:03.000Z,13216486,Admin (тех. аккаунт)
44064387,84174870,Неразобранное,143,Закрыто и не реализовано,2026-06-23T11:37:03.000Z,13216486,Admin (тех. аккаунт)
44062913,84174870,Неразобранное,143,Закрыто и не реализовано,2026-06-23T11:37:02.000Z,13216486,Admin (тех. аккаунт)
44062803,84174870,Неразобранное,143,Закрыто и не реализовано,2026-06-23T11:37:02.000Z,13216486,Admin (тех. аккаунт)
44062383,84174870,Неразобранное,143,Закрыто и не реализовано,2026-06-23T11:37:02.000Z,13216486,Admin (тех. аккаунт)
44060633,84174870,Неразобранное,143,Закрыто и не реализовано,2026-06-23T11:37:01.000Z,13216486,Admin (тех. аккаунт)
44060277,84174870,Неразобранное,143,Закрыто и не реализовано,2026-06-23T11:37:01.000Z,13216486,Admin (тех. аккаунт)
44059983,84174870,Неразобранное,143,Закрыто и не реализовано,2026-06-23T11:37:01.000Z,13216486,Admin (тех. аккаунт)
44059221,84174870,Неразобранное,143,Закрыто и не реализовано,2026-06-23T11:37:00.000Z,13216486,Admin (тех. аккаунт)
44059161,84174870,Неразобранное,143,Закрыто и не реализовано,2026-06-23T11:37:00.000Z,13216486,Admin (тех. аккаунт)
44058891,84174870,Неразобранное,143,Закрыто и не реализовано,2026-06-23T11:37:00.000Z,13216486,Admin (тех. аккаунт)
44059083,84174870,Неразобранное,143,Закрыто и не реализовано,2026-06-23T11:37:00.000Z,13216486,Admin (тех. аккаунт)
44058879,84174870,Неразобранное,143,Закрыто и не реализовано,2026-06-23T11:36:59.000Z,13216486,Admin (тех. аккаунт)
44058035,84174870,Неразобранное,143,Закрыто и не реализовано,2026-06-23T11:36:59.000Z,13216486,Admin (тех. аккаунт)
44056503,84174870,Неразобранное,143,Закрыто и не реализовано,2026-06-23T11:36:59.000Z,13216486,Admin (тех. аккаунт)
44054871,84174870,Неразобранное,143,Закрыто и не реализовано,2026-06-23T11:36:59.000Z,13216486,Admin (тех. аккаунт)
44054819,84174870,Неразобранное,143,Закрыто и не реализовано,2026-06-23T11:36:59.000Z,13216486,Admin (тех. аккаунт)
44054605,84174870,Неразобранное,143,Закрыто и не реализовано,2026-06-23T11:36:58.000Z,13216486,Admin (тех. аккаунт)
44043157,84174870,Неразобранное,143,Закрыто и не реализовано,2026-06-23T11:36:58.000Z,13216486,Admin (тех. аккаунт)
44052025,84174870,Неразобранное,143,Закрыто и не реализовано,2026-06-23T11:36:58.000Z,13216486,Admin (тех. аккаунт)
44044173,84174870,Неразобранное,143,Закрыто и не реализовано,2026-06-23T11:36:58.000Z,13216486,Admin (тех. аккаунт)
44043611,84174870,Неразобранное,143,Закрыто и не реализовано,2026-06-23T11:36:58.000Z,13216486,Admin (тех. аккаунт)
44042315,84174870,Неразобранное,143,Закрыто и не реализовано,2026-06-23T11:36:57.000Z,13216486,Admin (тех. аккаунт)
44042061,84174870,Неразобранное,143,Закрыто и не реализовано,2026-06-23T11:36:57.000Z,13216486,Admin (тех. аккаунт)
44041155,84174870,Неразобранное,143,Закрыто и не реализовано,2026-06-23T11:36:57.000Z,13216486,Admin (тех. аккаунт)
44041053,84174870,Неразобранное,143,Закрыто и не реализовано,2026-06-23T11:36:56.000Z,13216486,Admin (тех. аккаунт)
44039871,84174870,Неразобранное,143,Закрыто и не реализовано,2026-06-23T11:36:56.000Z,13216486,Admin (тех. аккаунт)
44038573,84174870,Неразобранное,143,Закрыто и не реализовано,2026-06-23T11:36:56.000Z,13216486,Admin (тех. аккаунт)
44038177,84174870,Неразобранное,143,Закрыто и не реализовано,2026-06-23T11:36:56.000Z,13216486,Admin (тех. аккаунт)
44038571,84174870,Неразобранное,143,Закрыто и не реализовано,2026-06-23T11:36:56.000Z,13216486,Admin (тех. аккаунт)
44038407,84174870,Неразобранное,143,Закрыто и не реализовано,2026-06-23T11:36:56.000Z,13216486,Admin (тех. аккаунт)
44037563,84174870,Неразобранное,143,Закрыто и не реализовано,2026-06-23T11:36:55.000Z,13216486,Admin (тех. аккаунт)
44037313,84174870,Неразобранное,143,Закрыто и не реализовано,2026-06-23T11:36:55.000Z,13216486,Admin (тех. аккаунт)
44037237,84174870,Неразобранное,143,Закрыто и не реализовано,2026-06-23T11:36:55.000Z,13216486,Admin (тех. аккаунт)
44036849,84174870,Неразобранное,143,Закрыто и не реализовано,2026-06-23T11:36:55.000Z,13216486,Admin (тех. аккаунт)
44124927,84174870,Неразобранное,143,Закрыто и не реализовано,2026-06-23T11:36:54.000Z,13216486,Admin (тех. аккаунт)
44118949,84174870,Неразобранное,143,Закрыто и не реализовано,2026-06-23T11:36:54.000Z,13216486,Admin (тех. аккаунт)
44124233,84174870,Неразобранное,143,Закрыто и не реализовано,2026-06-23T11:36:54.000Z,13216486,Admin (тех. аккаунт)
44123105,84174870,Неразобранное,143,Закрыто и не реализовано,2026-06-23T11:36:54.000Z,13216486,Admin (тех. аккаунт)
44122507,84174870,Неразобранное,143,Закрыто и не реализовано,2026-06-23T11:36:54.000Z,13216486,Admin (тех. аккаунт)
44118287,84174870,Неразобранное,143,Закрыто и не реализовано,2026-06-23T11:36:53.000Z,13216486,Admin (тех. аккаунт)
44118251,84174870,Неразобранное,143,Закрыто и не реализовано,2026-06-23T11:36:53.000Z,13216486,Admin (тех. аккаунт)
44117647,84174870,Неразобранное,143,Закрыто и не реализовано,2026-06-23T11:36:53.000Z,13216486,Admin (тех. аккаунт)
44118055,84174870,Неразобранное,143,Закрыто и не реализовано,2026-06-23T11:36:53.000Z,13216486,Admin (тех. аккаунт)
44117353,84174870,Неразобранное,143,Закрыто и не реализовано,2026-06-23T11:36:52.000Z,13216486,Admin (тех. аккаунт)
44117325,84174870,Неразобранное,143,Закрыто и не реализовано,2026-06-23T11:36:52.000Z,13216486,Admin (тех. аккаунт)
44117271,84174870,Неразобранное,143,Закрыто и не реализовано,2026-06-23T11:36:52.000Z,13216486,Admin (тех. аккаунт)
44116807,84174870,Неразобранное,143,Закрыто и не реализовано,2026-06-23T11:36:52.000Z,13216486,Admin (тех. аккаунт)
44116621,84174870,Неразобранное,143,Закрыто и не реализовано,2026-06-23T11:36:52.000Z,13216486,Admin (тех. аккаунт)
44114955,84174870,Неразобранное,143,Закрыто и не реализовано,2026-06-23T11:36:51.000Z,13216486,Admin (тех. аккаунт)
44108821,84174870,Неразобранное,143,Закрыто и не реализовано,2026-06-23T11:36:51.000Z,13216486,Admin (тех. аккаунт)
44108363,84174870,Неразобранное,143,Закрыто и не реализовано,2026-06-23T11:36:51.000Z,13216486,Admin (тех. аккаунт)
44107559,84174870,Неразобранное,143,Закрыто и не реализовано,2026-06-23T11:36:51.000Z,13216486,Admin (тех. аккаунт)
44107223,84174870,Неразобранное,143,Закрыто и не реализовано,2026-06-23T11:36:51.000Z,13216486,Admin (тех. аккаунт)
44106269,84174870,Неразобранное,143,Закрыто и не реализовано,2026-06-23T11:36:50.000Z,13216486,Admin (тех. аккаунт)
44106117,84174870,Неразобранное,143,Закрыто и не реализовано,2026-06-23T11:36:50.000Z,13216486,Admin (тех. аккаунт)
44104013,84174870,Неразобранное,143,Закрыто и не реализовано,2026-06-23T11:36:50.000Z,13216486,Admin (тех. аккаунт)
44103975,84174870,Неразобранное,143,Закрыто и не реализовано,2026-06-23T11:36:50.000Z,13216486,Admin (тех. аккаунт)
44103165,84174870,Неразобранное,143,Закрыто и не реализовано,2026-06-23T11:36:49.000Z,13216486,Admin (тех. аккаунт)
44099149,84174870,Неразобранное,143,Закрыто и не реализовано,2026-06-23T11:36:49.000Z,13216486,Admin (тех. аккаунт)
44097655,84174870,Неразобранное,143,Закрыто и не реализовано,2026-06-23T11:36:49.000Z,13216486,Admin (тех. аккаунт)
44096757,84174870,Неразобранное,143,Закрыто и не реализовано,2026-06-23T11:36:49.000Z,13216486,Admin (тех. аккаунт)
44096591,84174870,Неразобранное,143,Закрыто и не реализовано,2026-06-23T11:36:49.000Z,13216486,Admin (тех. аккаунт)
44096075,84174870,Неразобранное,143,Закрыто и не реализовано,2026-06-23T11:36:49.000Z,13216486,Admin (тех. аккаунт)
44095623,84174870,Неразобранное,143,Закрыто и не реализовано,2026-06-23T11:36:48.000Z,13216486,Admin (тех. аккаунт)
44095099,84174870,Неразобранное,143,Закрыто и не реализовано,2026-06-23T11:36:48.000Z,13216486,Admin (тех. аккаунт)
44094895,84174870,Неразобранное,143,Закрыто и не реализовано,2026-06-23T11:36:48.000Z,13216486,Admin (тех. аккаунт)
44094123,84174870,Неразобранное,143,Закрыто и не реализовано,2026-06-23T11:36:48.000Z,13216486,Admin (тех. аккаунт)
44094067,84174870,Неразобранное,143,Закрыто и не реализовано,2026-06-23T11:36:48.000Z,13216486,Admin (тех. аккаунт)
44086699,84174870,Неразобранное,143,Закрыто и не реализовано,2026-06-23T11:36:47.000Z,13216486,Admin (тех. аккаунт)
44093803,84174870,Неразобранное,143,Закрыто и не реализовано,2026-06-23T11:36:47.000Z,13216486,Admin (тех. аккаунт)
44093503,84174870,Неразобранное,143,Закрыто и не реализовано,2026-06-23T11:36:47.000Z,13216486,Admin (тех. аккаунт)
44093059,84174870,Неразобранное,143,Закрыто и не реализовано,2026-06-23T11:36:47.000Z,13216486,Admin (тех. аккаунт)
44090481,84174870,Неразобранное,143,Закрыто и не реализовано,2026-06-23T11:36:47.000Z,13216486,Admin (тех. аккаунт)
44088655,84174870,Неразобранное,143,Закрыто и не реализовано,2026-06-23T11:36:47.000Z,13216486,Admin (тех. аккаунт)
44086697,84174870,Неразобранное,143,Закрыто и не реализовано,2026-06-23T11:36:46.000Z,13216486,Admin (тех. аккаунт)
44085831,84174870,Неразобранное,143,Закрыто и не реализовано,2026-06-23T11:36:46.000Z,13216486,Admin (тех. аккаунт)
44085461,84174870,Неразобранное,143,Закрыто и не реализовано,2026-06-23T11:36:46.000Z,13216486,Admin (тех. аккаунт)
44084679,84174870,Неразобранное,143,Закрыто и не реализовано,2026-06-23T11:36:46.000Z,13216486,Admin (тех. аккаунт)
44082697,84174870,Неразобранное,143,Закрыто и не реализовано,2026-06-23T11:36:46.000Z,13216486,Admin (тех. аккаунт)
44082389,84174870,Неразобранное,143,Закрыто и не реализовано,2026-06-23T11:36:45.000Z,13216486,Admin (тех. аккаунт)
44079829,84174870,Неразобранное,143,Закрыто и не реализовано,2026-06-23T11:36:45.000Z,13216486,Admin (тех. аккаунт)
44079529,84174870,Неразобранное,143,Закрыто и не реализовано,2026-06-23T11:36:45.000Z,13216486,Admin (тех. аккаунт)
44079055,84174870,Неразобранное,143,Закрыто и не реализовано,2026-06-23T11:36:45.000Z,13216486,Admin (тех. аккаунт)
44079019,84174870,Неразобранное,143,Закрыто и не реализовано,2026-06-23T11:36:45.000Z,13216486,Admin (тех. аккаунт)
44209635,84174870,Неразобранное,143,Закрыто и не реализовано,2026-06-23T11:36:44.000Z,13216486,Admin (тех. аккаунт)
44207477,84174870,Неразобранное,143,Закрыто и не реализовано,2026-06-23T11:36:44.000Z,13216486,Admin (тех. аккаунт)
44205879,84174870,Неразобранное,143,Закрыто и не реализовано,2026-06-23T11:36:44.000Z,13216486,Admin (тех. аккаунт)
44204423,84174870,Неразобранное,143,Закрыто и не реализовано,2026-06-23T11:36:44.000Z,13216486,Admin (тех. аккаунт)
44204219,84174870,Неразобранное,143,Закрыто и не реализовано,2026-06-23T11:36:43.000Z,13216486,Admin (тех. аккаунт)
44203787,84174870,Неразобранное,143,Закрыто и не реализовано,2026-06-23T11:36:43.000Z,13216486,Admin (тех. аккаунт)
44200819,84174870,Неразобранное,143,Закрыто и не реализовано,2026-06-23T11:36:43.000Z,13216486,Admin (тех. аккаунт)
44202679,84174870,Неразобранное,143,Закрыто и не реализовано,2026-06-23T11:36:43.000Z,13216486,Admin (тех. аккаунт)
44202387,84174870,Неразобранное,143,Закрыто и не реализовано,2026-06-23T11:36:43.000Z,13216486,Admin (тех. аккаунт)
44194863,84174870,Неразобранное,143,Закрыто и не реализовано,2026-06-23T11:36:42.000Z,13216486,Admin (тех. аккаунт)
44194721,84174870,Неразобранное,143,Закрыто и не реализовано,2026-06-23T11:36:42.000Z,13216486,Admin (тех. аккаунт)
44192875,84174870,Неразобранное,143,Закрыто и не реализовано,2026-06-23T11:36:42.000Z,13216486,Admin (тех. аккаунт)
44187639,84174870,Неразобранное,143,Закрыто и не реализовано,2026-06-23T11:36:42.000Z,13216486,Admin (тех. аккаунт)
44187173,84174870,Неразобранное,143,Закрыто и не реализовано,2026-06-23T11:36:41.000Z,13216486,Admin (тех. аккаунт)
44187101,84174870,Неразобранное,143,Закрыто и не реализовано,2026-06-23T11:36:41.000Z,13216486,Admin (тех. аккаунт)
44174679,84174870,Неразобранное,143,Закрыто и не реализовано,2026-06-23T11:36:41.000Z,13216486,Admin (тех. аккаунт)
44184905,84174870,Неразобранное,143,Закрыто и не реализовано,2026-06-23T11:36:41.000Z,13216486,Admin (тех. аккаунт)
44180731,84174870,Неразобранное,143,Закрыто и не реализовано,2026-06-23T11:36:41.000Z,13216486,Admin (тех. аккаунт)
44179091,84174870,Неразобранное,143,Закрыто и не реализовано,2026-06-23T11:36:41.000Z,13216486,Admin (тех. аккаунт)
44172831,84174870,Неразобранное,143,Закрыто и не реализовано,2026-06-23T11:36:40.000Z,13216486,Admin (тех. аккаунт)
44168159,84174870,Неразобранное,143,Закрыто и не реализовано,2026-06-23T11:36:40.000Z,13216486,Admin (тех. аккаунт)
44167085,84174870,Неразобранное,143,Закрыто и не реализовано,2026-06-23T11:36:40.000Z,13216486,Admin (тех. аккаунт)
44164023,84174870,Неразобранное,143,Закрыто и не реализовано,2026-06-23T11:36:40.000Z,13216486,Admin (тех. аккаунт)
44163717,84174870,Неразобранное,143,Закрыто и не реализовано,2026-06-23T11:36:39.000Z,13216486,Admin (тех. аккаунт)
44163395,84174870,Неразобранное,143,Закрыто и не реализовано,2026-06-23T11:36:39.000Z,13216486,Admin (тех. аккаунт)
44163195,84174870,Неразобранное,143,Закрыто и не реализовано,2026-06-23T11:36:39.000Z,13216486,Admin (тех. аккаунт)
44162259,84174870,Неразобранное,143,Закрыто и не реализовано,2026-06-23T11:36:39.000Z,13216486,Admin (тех. аккаунт)
44161635,84174870,Неразобранное,143,Закрыто и не реализовано,2026-06-23T11:36:39.000Z,13216486,Admin (тех. аккаунт)
44161067,84174870,Неразобранное,143,Закрыто и не реализовано,2026-06-23T11:36:38.000Z,13216486,Admin (тех. аккаунт)
44159297,84174870,Неразобранное,143,Закрыто и не реализовано,2026-06-23T11:36:38.000Z,13216486,Admin (тех. аккаунт)
44155481,84174870,Неразобранное,143,Закрыто и не реализовано,2026-06-23T11:36:38.000Z,13216486,Admin (тех. аккаунт)
44157757,84174870,Неразобранное,143,Закрыто и не реализовано,2026-06-23T11:36:38.000Z,13216486,Admin (тех. аккаунт)
44154283,84174870,Неразобранное,143,Закрыто и не реализовано,2026-06-23T11:36:37.000Z,13216486,Admin (тех. аккаунт)
44151699,84174870,Неразобранное,143,Закрыто и не реализовано,2026-06-23T11:36:37.000Z,13216486,Admin (тех. аккаунт)
44148899,84174870,Неразобранное,143,Закрыто и не реализовано,2026-06-23T11:36:37.000Z,13216486,Admin (тех. аккаунт)
44145445,84174870,Неразобранное,143,Закрыто и не реализовано,2026-06-23T11:36:37.000Z,13216486,Admin (тех. аккаунт)
44145681,84174870,Неразобранное,143,Закрыто и не реализовано,2026-06-23T11:36:37.000Z,13216486,Admin (тех. аккаунт)
44145455,84174870,Неразобранное,143,Закрыто и не реализовано,2026-06-23T11:36:37.000Z,13216486,Admin (тех. аккаунт)
44143825,84174870,Неразобранное,143,Закрыто и не реализовано,2026-06-23T11:36:36.000Z,13216486,Admin (тех. аккаунт)
44143813,84174870,Неразобранное,143,Закрыто и не реализовано,2026-06-23T11:36:36.000Z,13216486,Admin (тех. аккаунт)
44142723,84174870,Неразобранное,143,Закрыто и не реализовано,2026-06-23T11:36:36.000Z,13216486,Admin (тех. аккаунт)
44142179,84174870,Неразобранное,143,Закрыто и не реализовано,2026-06-23T11:36:36.000Z,13216486,Admin (тех. аккаунт)
44142667,84174870,Неразобранное,143,Закрыто и не реализовано,2026-06-23T11:36:36.000Z,13216486,Admin (тех. аккаунт)
44142157,84174870,Неразобранное,143,Закрыто и не реализовано,2026-06-23T11:36:35.000Z,13216486,Admin (тех. аккаунт)
44131611,84174870,Неразобранное,143,Закрыто и не реализовано,2026-06-23T11:36:35.000Z,13216486,Admin (тех. аккаунт)
44140581,84174870,Неразобранное,143,Закрыто и не реализовано,2026-06-23T11:36:35.000Z,13216486,Admin (тех. аккаунт)
44140427,84174870,Неразобранное,143,Закрыто и не реализовано,2026-06-23T11:36:35.000Z,13216486,Admin (тех. аккаунт)
44139617,84174870,Неразобранное,143,Закрыто и не реализовано,2026-06-23T11:36:35.000Z,13216486,Admin (тех. аккаунт)
44330769,84174870,Неразобранное,143,Закрыто и не реализовано,2026-06-23T11:36:34.000Z,13216486,Admin (тех. аккаунт)
44126329,84174870,Неразобранное,143,Закрыто и не реализовано,2026-06-23T11:36:34.000Z,13216486,Admin (тех. аккаунт)
44126081,84174870,Неразобранное,143,Закрыто и не реализовано,2026-06-23T11:36:34.000Z,13216486,Admin (тех. аккаунт)
44331569,84174870,Неразобранное,143,Закрыто и не реализовано,2026-06-23T11:36:34.000Z,13216486,Admin (тех. аккаунт)
44330579,84174870,Неразобранное,143,Закрыто и не реализовано,2026-06-23T11:36:33.000Z,13216486,Admin (тех. аккаунт)
44329453,84174870,Неразобранное,143,Закрыто и не реализовано,2026-06-23T11:36:33.000Z,13216486,Admin (тех. аккаунт)
44325643,84174870,Неразобранное,143,Закрыто и не реализовано,2026-06-23T11:36:33.000Z,13216486,Admin (тех. аккаунт)
44329375,84174870,Неразобранное,143,Закрыто и не реализовано,2026-06-23T11:36:33.000Z,13216486,Admin (тех. аккаунт)
44329279,84174870,Неразобранное,143,Закрыто и не реализовано,2026-06-23T11:36:33.000Z,13216486,Admin (тех. аккаунт)
44323953,84174870,Неразобранное,143,Закрыто и не реализовано,2026-06-23T11:36:32.000Z,13216486,Admin (тех. аккаунт)
44323339,84174870,Неразобранное,143,Закрыто и не реализовано,2026-06-23T11:36:32.000Z,13216486,Admin (тех. аккаунт)
44322799,84174870,Неразобранное,143,Закрыто и не реализовано,2026-06-23T11:36:32.000Z,13216486,Admin (тех. аккаунт)
44314987,84174870,Неразобранное,143,Закрыто и не реализовано,2026-06-23T11:36:32.000Z,13216486,Admin (тех. аккаунт)
44311183,84174870,Неразобранное,143,Закрыто и не реализовано,2026-06-23T11:36:32.000Z,13216486,Admin (тех. аккаунт)
44304771,84174870,Неразобранное,143,Закрыто и не реализовано,2026-06-23T11:36:31.000Z,13216486,Admin (тех. аккаунт)
44303551,84174870,Неразобранное,143,Закрыто и не реализовано,2026-06-23T11:36:31.000Z,13216486,Admin (тех. аккаунт)
44300423,84174870,Неразобранное,143,Закрыто и не реализовано,2026-06-23T11:36:31.000Z,13216486,Admin (тех. аккаунт)
44297849,84174870,Неразобранное,143,Закрыто и не реализовано,2026-06-23T11:36:31.000Z,13216486,Admin (тех. аккаунт)
44295663,84174870,Неразобранное,143,Закрыто и не реализовано,2026-06-23T11:36:31.000Z,13216486,Admin (тех. аккаунт)
44295499,84174870,Неразобранное,143,Закрыто и не реализовано,2026-06-23T11:36:30.000Z,13216486,Admin (тех. аккаунт)
44284917,84174870,Неразобранное,143,Закрыто и не реализовано,2026-06-23T11:36:30.000Z,13216486,Admin (тех. аккаунт)
44282537,84174870,Неразобранное,143,Закрыто и не реализовано,2026-06-23T11:36:30.000Z,13216486,Admin (тех. аккаунт)
44282515,84174870,Неразобранное,143,Закрыто и не реализовано,2026-06-23T11:36:30.000Z,13216486,Admin (тех. аккаунт)
44279345,84174870,Неразобранное,143,Закрыто и не реализовано,2026-06-23T11:36:29.000Z,13216486,Admin (тех. аккаунт)
44276497,84174870,Неразобранное,143,Закрыто и не реализовано,2026-06-23T11:36:29.000Z,13216486,Admin (тех. аккаунт)
44275717,84174870,Неразобранное,143,Закрыто и не реализовано,2026-06-23T11:36:29.000Z,13216486,Admin (тех. аккаунт)
44276257,84174870,Неразобранное,143,Закрыто и не реализовано,2026-06-23T11:36:29.000Z,13216486,Admin (тех. аккаунт)
44276229,84174870,Неразобранное,143,Закрыто и не реализовано,2026-06-23T11:36:29.000Z,13216486,Admin (тех. аккаунт)
44273063,84174870,Неразобранное,143,Закрыто и не реализовано,2026-06-23T11:36:28.000Z,13216486,Admin (тех. аккаунт)
44272515,84174870,Неразобранное,143,Закрыто и не реализовано,2026-06-23T11:36:28.000Z,13216486,Admin (тех. аккаунт)
44269811,84174870,Неразобранное,143,Закрыто и не реализовано,2026-06-23T11:36:28.000Z,13216486,Admin (тех. аккаунт)
44268309,84174870,Неразобранное,143,Закрыто и не реализовано,2026-06-23T11:36:28.000Z,13216486,Admin (тех. аккаунт)
44261041,84174870,Неразобранное,143,Закрыто и не реализовано,2026-06-23T11:36:27.000Z,13216486,Admin (тех. аккаунт)
44251309,84174870,Неразобранное,143,Закрыто и не реализовано,2026-06-23T11:36:27.000Z,13216486,Admin (тех. аккаунт)
44249563,84174870,Неразобранное,143,Закрыто и не реализовано,2026-06-23T11:36:27.000Z,13216486,Admin (тех. аккаунт)
44245787,84174870,Неразобранное,143,Закрыто и не реализовано,2026-06-23T11:36:27.000Z,13216486,Admin (тех. аккаунт)
44243145,84174870,Неразобранное,143,Закрыто и не реализовано,2026-06-23T11:36:27.000Z,13216486,Admin (тех. аккаунт)
44240117,84174870,Неразобранное,143,Закрыто и не реализовано,2026-06-23T11:36:26.000Z,13216486,Admin (тех. аккаунт)
44241307,84174870,Неразобранное,143,Закрыто и не реализовано,2026-06-23T11:36:26.000Z,13216486,Admin (тех. аккаунт)
44240513,84174870,Неразобранное,143,Закрыто и не реализовано,2026-06-23T11:36:26.000Z,13216486,Admin (тех. аккаунт)
44240285,84174870,Неразобранное,143,Закрыто и не реализовано,2026-06-23T11:36:26.000Z,13216486,Admin (тех. аккаунт)
44237813,84174870,Неразобранное,143,Закрыто и не реализовано,2026-06-23T11:36:25.000Z,13216486,Admin (тех. аккаунт)
44237619,84174870,Неразобранное,143,Закрыто и не реализовано,2026-06-23T11:36:25.000Z,13216486,Admin (тех. аккаунт)
44237437,84174870,Неразобранное,143,Закрыто и не реализовано,2026-06-23T11:36:25.000Z,13216486,Admin (тех. аккаунт)
44236631,84174870,Неразобранное,143,Закрыто и не реализовано,2026-06-23T11:36:25.000Z,13216486,Admin (тех. аккаунт)
44236069,84174870,Неразобранное,143,Закрыто и не реализовано,2026-06-23T11:36:25.000Z,13216486,Admin (тех. аккаунт)
44235645,84174870,Неразобранное,143,Закрыто и не реализовано,2026-06-23T11:36:25.000Z,13216486,Admin (тех. аккаунт)
44234031,84174870,Неразобранное,143,Закрыто и не реализовано,2026-06-23T11:36:24.000Z,13216486,Admin (тех. аккаунт)
44224719,84174870,Неразобранное,143,Закрыто и не реализовано,2026-06-23T11:36:24.000Z,13216486,Admin (тех. аккаунт)
44222633,84174870,Неразобранное,143,Закрыто и не реализовано,2026-06-23T11:36:23.000Z,13216486,Admin (тех. аккаунт)
44222325,84174870,Неразобранное,143,Закрыто и не реализовано,2026-06-23T11:36:23.000Z,13216486,Admin (тех. аккаунт)
44210831,84174870,Неразобранное,143,Закрыто и не реализовано,2026-06-23T11:36:23.000Z,13216486,Admin (тех. аккаунт)
44409233,84174870,Неразобранное,143,Закрыто и не реализовано,2026-06-23T11:36:22.000Z,13216486,Admin (тех. аккаунт)
44407861,84174870,Неразобранное,143,Закрыто и не реализовано,2026-06-23T11:36:22.000Z,13216486,Admin (тех. аккаунт)
44405417,84174870,Неразобранное,143,Закрыто и не реализовано,2026-06-23T11:36:22.000Z,13216486,Admin (тех. аккаунт)
44405337,84174870,Неразобранное,143,Закрыто и не реализовано,2026-06-23T11:36:22.000Z,13216486,Admin (тех. аккаунт)
44401117,84174870,Неразобранное,143,Закрыто и не реализовано,2026-06-23T11:36:21.000Z,13216486,Admin (тех. аккаунт)
44404901,84174870,Неразобранное,143,Закрыто и не реализовано,2026-06-23T11:36:21.000Z,13216486,Admin (тех. аккаунт)
44402739,84174870,Неразобранное,143,Закрыто и не реализовано,2026-06-23T11:36:21.000Z,13216486,Admin (тех. аккаунт)
44401131,84174870,Неразобранное,143,Закрыто и не реализовано,2026-06-23T11:36:21.000Z,13216486,Admin (тех. аккаунт)
44400587,84174870,Неразобранное,143,Закрыто и не реализовано,2026-06-23T11:36:20.000Z,13216486,Admin (тех. аккаунт)
44398943,84174870,Неразобранное,143,Закрыто и не реализовано,2026-06-23T11:36:20.000Z,13216486,Admin (тех. аккаунт)
44398911,84174870,Неразобранное,143,Закрыто и не реализовано,2026-06-23T11:36:20.000Z,13216486,Admin (тех. аккаунт)
44397799,84174870,Неразобранное,143,Закрыто и не реализовано,2026-06-23T11:36:20.000Z,13216486,Admin (тех. аккаунт)
44397485,84174870,Неразобранное,143,Закрыто и не реализовано,2026-06-23T11:36:20.000Z,13216486,Admin (тех. аккаунт)
44396963,84174870,Неразобранное,143,Закрыто и не реализовано,2026-06-23T11:36:19.000Z,13216486,Admin (тех. аккаунт)
44396429,84174870,Неразобранное,143,Закрыто и не реализовано,2026-06-23T11:36:19.000Z,13216486,Admin (тех. аккаунт)
44396295,84174870,Неразобранное,143,Закрыто и не реализовано,2026-06-23T11:36:19.000Z,13216486,Admin (тех. аккаунт)
44395939,84174870,Неразобранное,143,Закрыто и не реализовано,2026-06-23T11:36:19.000Z,13216486,Admin (тех. аккаунт)
44395719,84174870,Неразобранное,143,Закрыто и не реализовано,2026-06-23T11:36:18.000Z,13216486,Admin (тех. аккаунт)
44389877,84174870,Неразобранное,143,Закрыто и не реализовано,2026-06-23T11:36:18.000Z,13216486,Admin (тех. аккаунт)
44389849,84174870,Неразобранное,143,Закрыто и не реализовано,2026-06-23T11:36:18.000Z,13216486,Admin (тех. аккаунт)
44388499,84174870,Неразобранное,143,Закрыто и не реализовано,2026-06-23T11:36:18.000Z,13216486,Admin (тех. аккаунт)
44387979,84174870,Неразобранное,143,Закрыто и не реализовано,2026-06-23T11:36:17.000Z,13216486,Admin (тех. аккаунт)
44387165,84174870,Неразобранное,143,Закрыто и не реализовано,2026-06-23T11:36:17.000Z,13216486,Admin (тех. аккаунт)
44386153,84174870,Неразобранное,143,Закрыто и не реализовано,2026-06-23T11:36:17.000Z,13216486,Admin (тех. аккаунт)
44386631,84174870,Неразобранное,143,Закрыто и не реализовано,2026-06-23T11:36:17.000Z,13216486,Admin (тех. аккаунт)
44363655,84174870,Неразобранное,143,Закрыто и не реализовано,2026-06-23T11:36:16.000Z,13216486,Admin (тех. аккаунт)
44386063,84174870,Неразобранное,143,Закрыто и не реализовано,2026-06-23T11:36:16.000Z,13216486,Admin (тех. аккаунт)
44366439,84174870,Неразобранное,143,Закрыто и не реализовано,2026-06-23T11:36:16.000Z,13216486,Admin (тех. аккаунт)
44363815,84174870,Неразобранное,143,Закрыто и не реализовано,2026-06-23T11:36:16.000Z,13216486,Admin (тех. аккаунт)
44358769,84174870,Неразобранное,143,Закрыто и не реализовано,2026-06-23T11:36:15.000Z,13216486,Admin (тех. аккаунт)
44358337,84174870,Неразобранное,143,Закрыто и не реализовано,2026-06-23T11:36:15.000Z,13216486,Admin (тех. аккаунт)
44358277,84174870,Неразобранное,143,Закрыто и не реализовано,2026-06-23T11:36:15.000Z,13216486,Admin (тех. аккаунт)
44358121,84174870,Неразобранное,143,Закрыто и не реализовано,2026-06-23T11:36:15.000Z,13216486,Admin (тех. аккаунт)
44357659,84174870,Неразобранное,143,Закрыто и не реализовано,2026-06-23T11:36:14.000Z,13216486,Admin (тех. аккаунт)
44346683,84174870,Неразобранное,143,Закрыто и не реализовано,2026-06-23T11:36:14.000Z,13216486,Admin (тех. аккаунт)
44346585,84174870,Неразобранное,143,Закрыто и не реализовано,2026-06-23T11:36:14.000Z,13216486,Admin (тех. аккаунт)
44345901,84174870,Неразобранное,143,Закрыто и не реализовано,2026-06-23T11:36:13.000Z,13216486,Admin (тех. аккаунт)
44345837,84174870,Неразобранное,143,Закрыто и не реализовано,2026-06-23T11:36:13.000Z,13216486,Admin (тех. аккаунт)
44342939,84174870,Неразобранное,143,Закрыто и не реализовано,2026-06-23T11:36:13.000Z,13216486,Admin (тех. аккаунт)
44342875,84174870,Неразобранное,143,Закрыто и не реализовано,2026-06-23T11:36:12.000Z,13216486,Admin (тех. аккаунт)
44342787,84174870,Неразобранное,143,Закрыто и не реализовано,2026-06-23T11:36:12.000Z,13216486,Admin (тех. аккаунт)
44342019,84174870,Неразобранное,143,Закрыто и не реализовано,2026-06-23T11:36:12.000Z,13216486,Admin (тех. аккаунт)
44340013,84174870,Неразобранное,143,Закрыто и не реализовано,2026-06-23T11:36:12.000Z,13216486,Admin (тех. аккаунт)
44340993,84174870,Неразобранное,143,Закрыто и не реализовано,2026-06-23T11:36:12.000Z,13216486,Admin (тех. аккаунт)
44334421,84174870,Неразобранное,143,Закрыто и не реализовано,2026-06-23T11:36:11.000Z,13216486,Admin (тех. аккаунт)
44334163,84174870,Неразобранное,143,Закрыто и не реализовано,2026-06-23T11:36:11.000Z,13216486,Admin (тех. аккаунт)
44333805,84174870,Неразобранное,143,Закрыто и не реализовано,2026-06-23T11:36:11.000Z,13216486,Admin (тех. аккаунт)
44333865,84174870,Неразобранное,143,Закрыто и не реализовано,2026-06-23T11:36:11.000Z,13216486,Admin (тех. аккаунт)
44331935,84174870,Неразобранное,143,Закрыто и не реализовано,2026-06-23T11:36:10.000Z,13216486,Admin (тех. аккаунт)
44467333,84174870,Неразобранное,143,Закрыто и не реализовано,2026-06-23T11:36:10.000Z,13216486,Admin (тех. аккаунт)
44331737,84174870,Неразобранное,143,Закрыто и не реализовано,2026-06-23T11:36:10.000Z,13216486,Admin (тех. аккаунт)
44467267,84174870,Неразобранное,143,Закрыто и не реализовано,2026-06-23T11:36:09.000Z,13216486,Admin (тех. аккаунт)
44467143,84174870,Неразобранное,143,Закрыто и не реализовано,2026-06-23T11:36:09.000Z,13216486,Admin (тех. аккаунт)
44466629,84174870,Неразобранное,143,Закрыто и не реализовано,2026-06-23T11:36:09.000Z,13216486,Admin (тех. аккаунт)
44466497,84174870,Неразобранное,143,Закрыто и не реализовано,2026-06-23T11:36:09.000Z,13216486,Admin (тех. аккаунт)
44463023,84174870,Неразобранное,143,Закрыто и не реализовано,2026-06-23T11:36:08.000Z,13216486,Admin (тех. аккаунт)
44464831,84174870,Неразобранное,143,Закрыто и не реализовано,2026-06-23T11:36:08.000Z,13216486,Admin (тех. аккаунт)
44464055,84174870,Неразобранное,143,Закрыто и не реализовано,2026-06-23T11:36:08.000Z,13216486,Admin (тех. аккаунт)
44463199,84174870,Неразобранное,143,Закрыто и не реализовано,2026-06-23T11:36:08.000Z,13216486,Admin (тех. аккаунт)
44463191,84174870,Неразобранное,143,Закрыто и не реализовано,2026-06-23T11:36:08.000Z,13216486,Admin (тех. аккаунт)
44462831,84174870,Неразобранное,143,Закрыто и не реализовано,2026-06-23T11:36:07.000Z,13216486,Admin (тех. аккаунт)
44462163,84174870,Неразобранное,143,Закрыто и не реализовано,2026-06-23T11:36:07.000Z,13216486,Admin (тех. аккаунт)
44461513,84174870,Неразобранное,143,Закрыто и не реализовано,2026-06-23T11:36:07.000Z,13216486,Admin (тех. аккаунт)
44458699,84174870,Неразобранное,143,Закрыто и не реализовано,2026-06-23T11:36:07.000Z,13216486,Admin (тех. аккаунт)
44459827,84174870,Неразобранное,143,Закрыто и не реализовано,2026-06-23T11:36:07.000Z,13216486,Admin (тех. аккаунт)
44458637,84174870,Неразобранное,143,Закрыто и не реализовано,2026-06-23T11:36:06.000Z,13216486,Admin (тех. аккаунт)
44458571,84174870,Неразобранное,143,Закрыто и не реализовано,2026-06-23T11:36:06.000Z,13216486,Admin (тех. аккаунт)
44458327,84174870,Неразобранное,143,Закрыто и не реализовано,2026-06-23T11:36:06.000Z,13216486,Admin (тех. аккаунт)
44458147,84174870,Неразобранное,143,Закрыто и не реализовано,2026-06-23T11:36:05.000Z,13216486,Admin (тех. аккаунт)
44452077,84174870,Неразобранное,143,Закрыто и не реализовано,2026-06-23T11:36:05.000Z,13216486,Admin (тех. аккаунт)
44451479,84174870,Неразобранное,143,Закрыто и не реализовано,2026-06-23T11:36:05.000Z,13216486,Admin (тех. аккаунт)
44450873,84174870,Неразобранное,143,Закрыто и не реализовано,2026-06-23T11:36:05.000Z,13216486,Admin (тех. аккаунт)
44449329,84174870,Неразобранное,143,Закрыто и не реализовано,2026-06-23T11:36:05.000Z,13216486,Admin (тех. аккаунт)
44448395,84174870,Неразобранное,143,Закрыто и не реализовано,2026-06-23T11:36:04.000Z,13216486,Admin (тех. аккаунт)
44448377,84174870,Неразобранное,143,Закрыто и не реализовано,2026-06-23T11:36:04.000Z,13216486,Admin (тех. аккаунт)
44447265,84174870,Неразобранное,143,Закрыто и не реализовано,2026-06-23T11:36:04.000Z,13216486,Admin (тех. аккаунт)
44447243,84174870,Неразобранное,143,Закрыто и не реализовано,2026-06-23T11:36:04.000Z,13216486,Admin (тех. аккаунт)
44447235,84174870,Неразобранное,143,Закрыто и не реализовано,2026-06-23T11:36:04.000Z,13216486,Admin (тех. аккаунт)
44446959,84174870,Неразобранное,143,Закрыто и не реализовано,2026-06-23T11:36:03.000Z,13216486,Admin (тех. аккаунт)
44445911,84174870,Неразобранное,143,Закрыто и не реализовано,2026-06-23T11:36:03.000Z,13216486,Admin (тех. аккаунт)
44445439,84174870,Неразобранное,143,Закрыто и не реализовано,2026-06-23T11:36:03.000Z,13216486,Admin (тех. аккаунт)
44442319,84174870,Неразобранное,143,Закрыто и не реализовано,2026-06-23T11:36:03.000Z,13216486,Admin (тех. аккаунт)
44440401,84174870,Неразобранное,143,Закрыто и не реализовано,2026-06-23T11:36:03.000Z,13216486,Admin (тех. аккаунт)
44437739,84174870,Неразобранное,143,Закрыто и не реализовано,2026-06-23T11:36:02.000Z,13216486,Admin (тех. аккаунт)
44436979,84174870,Неразобранное,143,Закрыто и не реализовано,2026-06-23T11:36:02.000Z,13216486,Admin (тех. аккаунт)
44436963,84174870,Неразобранное,143,Закрыто и не реализовано,2026-06-23T11:36:02.000Z,13216486,Admin (тех. аккаунт)
44436535,84174870,Неразобранное,143,Закрыто и не реализовано,2026-06-23T11:36:01.000Z,13216486,Admin (тех. аккаунт)
44436935,84174870,Неразобранное,143,Закрыто и не реализовано,2026-06-23T11:36:01.000Z,13216486,Admin (тех. аккаунт)
44432023,84174870,Неразобранное,143,Закрыто и не реализовано,2026-06-23T11:36:00.000Z,13216486,Admin (тех. аккаунт)
44428925,84174870,Неразобранное,143,Закрыто и не реализовано,2026-06-23T11:36:00.000Z,13216486,Admin (тех. аккаунт)
44427553,84174870,Неразобранное,143,Закрыто и не реализовано,2026-06-23T11:36:00.000Z,13216486,Admin (тех. аккаунт)
44425125,84174870,Неразобранное,143,Закрыто и не реализовано,2026-06-23T11:36:00.000Z,13216486,Admin (тех. аккаунт)
44424375,84174870,Неразобранное,143,Закрыто и не реализовано,2026-06-23T11:36:00.000Z,13216486,Admin (тех. аккаунт)
44418685,84174870,Неразобранное,143,Закрыто и не реализовано,2026-06-23T11:35:59.000Z,13216486,Admin (тех. аккаунт)
44418655,84174870,Неразобранное,143,Закрыто и не реализовано,2026-06-23T11:35:59.000Z,13216486,Admin (тех. аккаунт)
44410923,84174870,Неразобранное,143,Закрыто и не реализовано,2026-06-23T11:35:59.000Z,13216486,Admin (тех. аккаунт)
44414429,84174870,Неразобранное,143,Закрыто и не реализовано,2026-06-23T11:35:59.000Z,13216486,Admin (тех. аккаунт)
44412447,84174870,Неразобранное,143,Закрыто и не реализовано,2026-06-23T11:35:59.000Z,13216486,Admin (тех. аккаунт)
44410387,84174870,Неразобранное,143,Закрыто и не реализовано,2026-06-23T11:35:58.000Z,13216486,Admin (тех. аккаунт)
44491869,84174870,Неразобранное,143,Закрыто и не реализовано,2026-06-23T11:35:58.000Z,13216486,Admin (тех. аккаунт)
44409567,84174870,Неразобранное,143,Закрыто и не реализовано,2026-06-23T11:35:58.000Z,13216486,Admin (тех. аккаунт)
44492025,84174870,Неразобранное,143,Закрыто и не реализовано,2026-06-23T11:35:58.000Z,13216486,Admin (тех. аккаунт)
44491759,84174870,Неразобранное,143,Закрыто и не реализовано,2026-06-23T11:35:57.000Z,13216486,Admin (тех. аккаунт)
44491729,84174870,Неразобранное,143,Закрыто и не реализовано,2026-06-23T11:35:57.000Z,13216486,Admin (тех. аккаунт)
44490907,84174870,Неразобранное,143,Закрыто и не реализовано,2026-06-23T11:35:57.000Z,13216486,Admin (тех. аккаунт)
44490341,84174870,Неразобранное,143,Закрыто и не реализовано,2026-06-23T11:35:57.000Z,13216486,Admin (тех. аккаунт)
44489823,84174870,Неразобранное,143,Закрыто и не реализовано,2026-06-23T11:35:57.000Z,13216486,Admin (тех. аккаунт)
44489621,84174870,Неразобранное,143,Закрыто и не реализовано,2026-06-23T11:35:56.000Z,13216486,Admin (тех. аккаунт)
44489257,84174870,Неразобранное,143,Закрыто и не реализовано,2026-06-23T11:35:56.000Z,13216486,Admin (тех. аккаунт)
44489243,84174870,Неразобранное,143,Закрыто и не реализовано,2026-06-23T11:35:56.000Z,13216486,Admin (тех. аккаунт)
44489215,84174870,Неразобранное,143,Закрыто и не реализовано,2026-06-23T11:35:56.000Z,13216486,Admin (тех. аккаунт)
44485463,84174870,Неразобранное,143,Закрыто и не реализовано,2026-06-23T11:35:55.000Z,13216486,Admin (тех. аккаунт)
44488973,84174870,Неразобранное,143,Закрыто и не реализовано,2026-06-23T11:35:55.000Z,13216486,Admin (тех. аккаунт)
44487645,84174870,Неразобранное,143,Закрыто и не реализовано,2026-06-23T11:35:55.000Z,13216486,Admin (тех. аккаунт)
44487455,84174870,Неразобранное,143,Закрыто и не реализовано,2026-06-23T11:35:55.000Z,13216486,Admin (тех. аккаунт)
44487421,84174870,Неразобранное,143,Закрыто и не реализовано,2026-06-23T11:35:55.000Z,13216486,Admin (тех. аккаунт)
44484009,84174870,Неразобранное,143,Закрыто и не реализовано,2026-06-23T11:35:54.000Z,13216486,Admin (тех. аккаунт)
44482717,84174870,Неразобранное,143,Закрыто и не реализовано,2026-06-23T11:35:54.000Z,13216486,Admin (тех. аккаунт)
44482033,84174870,Неразобранное,143,Закрыто и не реализовано,2026-06-23T11:35:54.000Z,13216486,Admin (тех. аккаунт)
44480819,84174870,Неразобранное,143,Закрыто и не реализовано,2026-06-23T11:35:54.000Z,13216486,Admin (тех. аккаунт)
44481893,84174870,Неразобранное,143,Закрыто и не реализовано,2026-06-23T11:35:54.000Z,13216486,Admin (тех. аккаунт)
44479945,84174870,Неразобранное,143,Закрыто и не реализовано,2026-06-23T11:35:53.000Z,13216486,Admin (тех. аккаунт)
44479163,84174870,Неразобранное,143,Закрыто и не реализовано,2026-06-23T11:35:53.000Z,13216486,Admin (тех. аккаунт)
44479057,84174870,Неразобранное,143,Закрыто и не реализовано,2026-06-23T11:35:53.000Z,13216486,Admin (тех. аккаунт)
44478739,84174870,Неразобранное,143,Закрыто и не реализовано,2026-06-23T11:35:53.000Z,13216486,Admin (тех. аккаунт)
44478433,84174870,Неразобранное,143,Закрыто и не реализовано,2026-06-23T11:35:53.000Z,13216486,Admin (тех. аккаунт)
44477357,84174870,Неразобранное,143,Закрыто и не реализовано,2026-06-23T11:35:52.000Z,13216486,Admin (тех. аккаунт)
44477189,84174870,Неразобранное,143,Закрыто и не реализовано,2026-06-23T11:35:52.000Z,13216486,Admin (тех. аккаунт)
44475787,84174870,Неразобранное,143,Закрыто и не реализовано,2026-06-23T11:35:52.000Z,13216486,Admin (тех. аккаунт)
44475727,84174870,Неразобранное,143,Закрыто и не реализовано,2026-06-23T11:35:52.000Z,13216486,Admin (тех. аккаунт)
44475651,84174870,Неразобранное,143,Закрыто и не реализовано,2026-06-23T11:35:51.000Z,13216486,Admin (тех. аккаунт)
44475523,84174870,Неразобранное,143,Закрыто и не реализовано,2026-06-23T11:35:51.000Z,13216486,Admin (тех. аккаунт)
44475307,84174870,Неразобранное,143,Закрыто и не реализовано,2026-06-23T11:35:51.000Z,13216486,Admin (тех. аккаунт)
44475235,84174870,Неразобранное,143,Закрыто и не реализовано,2026-06-23T11:35:51.000Z,13216486,Admin (тех. аккаунт)
44474313,84174870,Неразобранное,143,Закрыто и не реализовано,2026-06-23T11:35:50.000Z,13216486,Admin (тех. аккаунт)
44474127,84174870,Неразобранное,143,Закрыто и не реализовано,2026-06-23T11:35:50.000Z,13216486,Admin (тех. аккаунт)
44473183,84174870,Неразобранное,143,Закрыто и не реализовано,2026-06-23T11:35:50.000Z,13216486,Admin (тех. аккаунт)
44472829,84174870,Неразобранное,143,Закрыто и не реализовано,2026-06-23T11:35:50.000Z,13216486,Admin (тех. аккаунт)
44472801,84174870,Неразобранное,143,Закрыто и не реализовано,2026-06-23T11:35:50.000Z,13216486,Admin (тех. аккаунт)
44472779,84174870,Неразобранное,143,Закрыто и не реализовано,2026-06-23T11:35:49.000Z,13216486,Admin (тех. аккаунт)
44472705,84174870,Неразобранное,143,Закрыто и не реализовано,2026-06-23T11:35:49.000Z,13216486,Admin (тех. аккаунт)
44472665,84174870,Неразобранное,143,Закрыто и не реализовано,2026-06-23T11:35:49.000Z,13216486,Admin (тех. аккаунт)
44472457,84174870,Неразобранное,143,Закрыто и не реализовано,2026-06-23T11:35:49.000Z,13216486,Admin (тех. аккаунт)
44472403,84174870,Неразобранное,143,Закрыто и не реализовано,2026-06-23T11:35:49.000Z,13216486,Admin (тех. аккаунт)
44472399,84174870,Неразобранное,143,Закрыто и не реализовано,2026-06-23T11:35:48.000Z,13216486,Admin (тех. аккаунт)
44471955,84174870,Неразобранное,143,Закрыто и не реализовано,2026-06-23T11:35:48.000Z,13216486,Admin (тех. аккаунт)
44470189,84174870,Неразобранное,143,Закрыто и не реализовано,2026-06-23T11:35:48.000Z,13216486,Admin (тех. аккаунт)
44470669,84174870,Неразобранное,143,Закрыто и не реализовано,2026-06-23T11:35:48.000Z,13216486,Admin (тех. аккаунт)
44469765,84174870,Неразобранное,143,Закрыто и не реализовано,2026-06-23T11:35:47.000Z,13216486,Admin (тех. аккаунт)
44469429,84174870,Неразобранное,143,Закрыто и не реализовано,2026-06-23T11:35:47.000Z,13216486,Admin (тех. аккаунт)
44525495,84174870,Неразобранное,143,Закрыто и не реализовано,2026-06-23T11:35:47.000Z,13216486,Admin (тех. аккаунт)
44522235,84174870,Неразобранное,143,Закрыто и не реализовано,2026-06-23T11:35:47.000Z,13216486,Admin (тех. аккаунт)
44525105,84174870,Неразобранное,143,Закрыто и не реализовано,2026-06-23T11:35:47.000Z,13216486,Admin (тех. аккаунт)
44521953,84174870,Неразобранное,143,Закрыто и не реализовано,2026-06-23T11:35:46.000Z,13216486,Admin (тех. аккаунт)
44521637,84174870,Неразобранное,143,Закрыто и не реализовано,2026-06-23T11:35:46.000Z,13216486,Admin (тех. аккаунт)
44521509,84174870,Неразобранное,143,Закрыто и не реализовано,2026-06-23T11:35:46.000Z,13216486,Admin (тех. аккаунт)
44521347,84174870,Неразобранное,143,Закрыто и не реализовано,2026-06-23T11:35:46.000Z,13216486,Admin (тех. аккаунт)
44520911,84174870,Неразобранное,143,Закрыто и не реализовано,2026-06-23T11:35:45.000Z,13216486,Admin (тех. аккаунт)
44519207,84174870,Неразобранное,143,Закрыто и не реализовано,2026-06-23T11:35:43.000Z,13216486,Admin (тех. аккаунт)
44517351,84174870,Неразобранное,143,Закрыто и не реализовано,2026-06-23T11:35:43.000Z,13216486,Admin (тех. аккаунт)
44517215,84174870,Неразобранное,143,Закрыто и не реализовано,2026-06-23T11:35:43.000Z,13216486,Admin (тех. аккаунт)
44513931,84174870,Неразобранное,143,Закрыто и не реализовано,2026-06-23T11:35:43.000Z,13216486,Admin (тех. аккаунт)
44509345,84174870,Неразобранное,143,Закрыто и не реализовано,2026-06-23T11:35:42.000Z,13216486,Admin (тех. аккаунт)
44513281,84174870,Неразобранное,143,Закрыто и не реализовано,2026-06-23T11:35:42.000Z,13216486,Admin (тех. аккаунт)
44512281,84174870,Неразобранное,143,Закрыто и не реализовано,2026-06-23T11:35:42.000Z,13216486,Admin (тех. аккаунт)
44511149,84174870,Неразобранное,143,Закрыто и не реализовано,2026-06-23T11:35:42.000Z,13216486,Admin (тех. аккаунт)
44509189,84174870,Неразобранное,143,Закрыто и не реализовано,2026-06-23T11:35:41.000Z,13216486,Admin (тех. аккаунт)
44509089,84174870,Неразобранное,143,Закрыто и не реализовано,2026-06-23T11:35:41.000Z,13216486,Admin (тех. аккаунт)
44507055,84174870,Неразобранное,143,Закрыто и не реализовано,2026-06-23T11:35:41.000Z,13216486,Admin (тех. аккаунт)
44506577,84174870,Неразобранное,143,Закрыто и не реализовано,2026-06-23T11:35:40.000Z,13216486,Admin (тех. аккаунт)
44505157,84174870,Неразобранное,143,Закрыто и не реализовано,2026-06-23T11:35:40.000Z,13216486,Admin (тех. аккаунт)
44504041,84174870,Неразобранное,143,Закрыто и не реализовано,2026-06-23T11:35:40.000Z,13216486,Admin (тех. аккаунт)
44503757,84174870,Неразобранное,143,Закрыто и не реализовано,2026-06-23T11:35:40.000Z,13216486,Admin (тех. аккаунт)
44503925,84174870,Неразобранное,143,Закрыто и не реализовано,2026-06-23T11:35:40.000Z,13216486,Admin (тех. аккаунт)
44503539,84174870,Неразобранное,143,Закрыто и не реализовано,2026-06-23T11:35:39.000Z,13216486,Admin (тех. аккаунт)
44503313,84174870,Неразобранное,143,Закрыто и не реализовано,2026-06-23T11:35:39.000Z,13216486,Admin (тех. аккаунт)
44502795,84174870,Неразобранное,143,Закрыто и не реализовано,2026-06-23T11:35:39.000Z,13216486,Admin (тех. аккаунт)
44501749,84174870,Неразобранное,143,Закрыто и не реализовано,2026-06-23T11:35:39.000Z,13216486,Admin (тех. аккаунт)
44501445,84174870,Неразобранное,143,Закрыто и не реализовано,2026-06-23T11:35:38.000Z,13216486,Admin (тех. аккаунт)
44501427,84174870,Неразобранное,143,Закрыто и не реализовано,2026-06-23T11:35:38.000Z,13216486,Admin (тех. аккаунт)
44499877,84174870,Неразобранное,143,Закрыто и не реализовано,2026-06-23T11:35:38.000Z,13216486,Admin (тех. аккаунт)
44501215,84174870,Неразобранное,143,Закрыто и не реализовано,2026-06-23T11:35:38.000Z,13216486,Admin (тех. аккаунт)
44500255,84174870,Неразобранное,143,Закрыто и не реализовано,2026-06-23T11:35:38.000Z,13216486,Admin (тех. аккаунт)
44499975,84174870,Неразобранное,143,Закрыто и не реализовано,2026-06-23T11:35:38.000Z,13216486,Admin (тех. аккаунт)
44499775,84174870,Неразобранное,143,Закрыто и не реализовано,2026-06-23T11:35:37.000Z,13216486,Admin (тех. аккаунт)
44497467,84174870,Неразобранное,143,Закрыто и не реализовано,2026-06-23T11:35:37.000Z,13216486,Admin (тех. аккаунт)
44498467,84174870,Неразобранное,143,Закрыто и не реализовано,2026-06-23T11:35:37.000Z,13216486,Admin (тех. аккаунт)
44498163,84174870,Неразобранное,143,Закрыто и не реализовано,2026-06-23T11:35:37.000Z,13216486,Admin (тех. аккаунт)
44497115,84174870,Неразобранное,143,Закрыто и не реализовано,2026-06-23T11:35:36.000Z,13216486,Admin (тех. аккаунт)
44495505,84174870,Неразобранное,143,Закрыто и не реализовано,2026-06-23T11:35:36.000Z,13216486,Admin (тех. аккаунт)
44496755,84174870,Неразобранное,143,Закрыто и не реализовано,2026-06-23T11:35:36.000Z,13216486,Admin (тех. аккаунт)
44496439,84174870,Неразобранное,143,Закрыто и не реализовано,2026-06-23T11:35:36.000Z,13216486,Admin (тех. аккаунт)
44496095,84174870,Неразобранное,143,Закрыто и не реализовано,2026-06-23T11:35:36.000Z,13216486,Admin (тех. аккаунт)
44495359,84174870,Неразобранное,143,Закрыто и не реализовано,2026-06-23T11:35:35.000Z,13216486,Admin (тех. аккаунт)
44493537,84174870,Неразобранное,143,Закрыто и не реализовано,2026-06-23T11:35:35.000Z,13216486,Admin (тех. аккаунт)
44494301,84174870,Неразобранное,143,Закрыто и не реализовано,2026-06-23T11:35:35.000Z,13216486,Admin (тех. аккаунт)
44493927,84174870,Неразобранное,143,Закрыто и не реализовано,2026-06-23T11:35:35.000Z,13216486,Admin (тех. аккаунт)
44493231,84174870,Неразобранное,143,Закрыто и не реализовано,2026-06-23T11:35:34.000Z,13216486,Admin (тех. аккаунт)
44492129,84174870,Неразобранное,143,Закрыто и не реализовано,2026-06-23T11:35:34.000Z,13216486,Admin (тех. аккаунт)
44492089,84174870,Неразобранное,143,Закрыто и не реализовано,2026-06-23T11:35:34.000Z,13216486,Admin (тех. аккаунт)
44588713,84174870,Неразобранное,143,Закрыто и не реализовано,2026-06-23T11:35:32.000Z,13216486,Admin (тех. аккаунт)
44588699,84174870,Неразобранное,143,Закрыто и не реализовано,2026-06-23T11:35:32.000Z,13216486,Admin (тех. аккаунт)
44587981,84174870,Неразобранное,143,Закрыто и не реализовано,2026-06-23T11:35:32.000Z,13216486,Admin (тех. аккаунт)
44587563,84174870,Неразобранное,143,Закрыто и не реализовано,2026-06-23T11:35:31.000Z,13216486,Admin (тех. аккаунт)
44586003,84174870,Неразобранное,143,Закрыто и не реализовано,2026-06-23T11:35:31.000Z,13216486,Admin (тех. аккаунт)
44585967,84174870,Неразобранное,143,Закрыто и не реализовано,2026-06-23T11:35:31.000Z,13216486,Admin (тех. аккаунт)
44585383,84174870,Неразобранное,143,Закрыто и не реализовано,2026-06-23T11:35:31.000Z,13216486,Admin (тех. аккаунт)
44585283,84174870,Неразобранное,143,Закрыто и не реализовано,2026-06-23T11:35:30.000Z,13216486,Admin (тех. аккаунт)
44585243,84174870,Неразобранное,143,Закрыто и не реализовано,2026-06-23T11:35:30.000Z,13216486,Admin (тех. аккаунт)
44585201,84174870,Неразобранное,143,Закрыто и не реализовано,2026-06-23T11:35:30.000Z,13216486,Admin (тех. аккаунт)
44583017,84174870,Неразобранное,143,Закрыто и не реализовано,2026-06-23T11:35:30.000Z,13216486,Admin (тех. аккаунт)
44584127,84174870,Неразобранное,143,Закрыто и не реализовано,2026-06-23T11:35:30.000Z,13216486,Admin (тех. аккаунт)
44583327,84174870,Неразобранное,143,Закрыто и не реализовано,2026-06-23T11:35:30.000Z,13216486,Admin (тех. аккаунт)
44582669,84174870,Неразобранное,143,Закрыто и не реализовано,2026-06-23T11:35:29.000Z,13216486,Admin (тех. аккаунт)
44582233,84174870,Неразобранное,143,Закрыто и не реализовано,2026-06-23T11:35:29.000Z,13216486,Admin (тех. аккаунт)
44573987,84174870,Неразобранное,143,Закрыто и не реализовано,2026-06-23T11:35:29.000Z,13216486,Admin (тех. аккаунт)
44573957,84174870,Неразобранное,143,Закрыто и не реализовано,2026-06-23T11:35:29.000Z,13216486,Admin (тех. аккаунт)
44573869,84174870,Неразобранное,143,Закрыто и не реализовано,2026-06-23T11:35:28.000Z,13216486,Admin (тех. аккаунт)
44565075,84174870,Неразобранное,143,Закрыто и не реализовано,2026-06-23T11:35:28.000Z,13216486,Admin (тех. аккаунт)
44570273,84174870,Неразобранное,143,Закрыто и не реализовано,2026-06-23T11:35:28.000Z,13216486,Admin (тех. аккаунт)
44570041,84174870,Неразобранное,143,Закрыто и не реализовано,2026-06-23T11:35:28.000Z,13216486,Admin (тех. аккаунт)
44569163,84174870,Неразобранное,143,Закрыто и не реализовано,2026-06-23T11:35:28.000Z,13216486,Admin (тех. аккаунт)
44563539,84174870,Неразобранное,143,Закрыто и не реализовано,2026-06-23T11:35:27.000Z,13216486,Admin (тех. аккаунт)
44560803,84174870,Неразобранное,143,Закрыто и не реализовано,2026-06-23T11:35:27.000Z,13216486,Admin (тех. аккаунт)
44560039,84174870,Неразобранное,143,Закрыто и не реализовано,2026-06-23T11:35:27.000Z,13216486,Admin (тех. аккаунт)
44559231,84174870,Неразобранное,143,Закрыто и не реализовано,2026-06-23T11:35:27.000Z,13216486,Admin (тех. аккаунт)
44559119,84174870,Неразобранное,143,Закрыто и не реализовано,2026-06-23T11:35:26.000Z,13216486,Admin (тех. аккаунт)
44557391,84174870,Неразобранное,143,Закрыто и не реализовано,2026-06-23T11:35:26.000Z,13216486,Admin (тех. аккаунт)
44552935,84174870,Неразобранное,143,Закрыто и не реализовано,2026-06-23T11:35:26.000Z,13216486,Admin (тех. аккаунт)
44554879,84174870,Неразобранное,143,Закрыто и не реализовано,2026-06-23T11:35:26.000Z,13216486,Admin (тех. аккаунт)
44553269,84174870,Неразобранное,143,Закрыто и не реализовано,2026-06-23T11:35:26.000Z,13216486,Admin (тех. аккаунт)
44549589,84174870,Неразобранное,143,Закрыто и не реализовано,2026-06-23T11:35:25.000Z,13216486,Admin (тех. аккаунт)
44549163,84174870,Неразобранное,143,Закрыто и не реализовано,2026-06-23T11:35:25.000Z,13216486,Admin (тех. аккаунт)
44549107,84174870,Неразобранное,143,Закрыто и не реализовано,2026-06-23T11:35:25.000Z,13216486,Admin (тех. аккаунт)
44543807,84174870,Неразобранное,143,Закрыто и не реализовано,2026-06-23T11:35:25.000Z,13216486,Admin (тех. аккаунт)
44540831,84174870,Неразобранное,143,Закрыто и не реализовано,2026-06-23T11:35:24.000Z,13216486,Admin (тех. аккаунт)
44540529,84174870,Неразобранное,143,Закрыто и не реализовано,2026-06-23T11:35:24.000Z,13216486,Admin (тех. аккаунт)
44539881,84174870,Неразобранное,143,Закрыто и не реализовано,2026-06-23T11:35:24.000Z,13216486,Admin (тех. аккаунт)
44539399,84174870,Неразобранное,143,Закрыто и не реализовано,2026-06-23T11:35:24.000Z,13216486,Admin (тех. аккаунт)
44539011,84174870,Неразобранное,143,Закрыто и не реализовано,2026-06-23T11:35:24.000Z,13216486,Admin (тех. аккаунт)
44538737,84174870,Неразобранное,143,Закрыто и не реализовано,2026-06-23T11:35:23.000Z,13216486,Admin (тех. аккаунт)
44538677,84174870,Неразобранное,143,Закрыто и не реализовано,2026-06-23T11:35:23.000Z,13216486,Admin (тех. аккаунт)
44534403,84174870,Неразобранное,143,Закрыто и не реализовано,2026-06-23T11:35:23.000Z,13216486,Admin (тех. аккаунт)
44533871,84174870,Неразобранное,143,Закрыто и не реализовано,2026-06-23T11:35:23.000Z,13216486,Admin (тех. аккаунт)
44531247,84174870,Неразобранное,143,Закрыто и не реализовано,2026-06-23T11:35:22.000Z,13216486,Admin (тех. аккаунт)
44529967,84174870,Неразобранное,143,Закрыто и не реализовано,2026-06-23T11:35:22.000Z,13216486,Admin (тех. аккаунт)
44528061,84174870,Неразобранное,143,Закрыто и не реализовано,2026-06-23T11:35:22.000Z,13216486,Admin (тех. аккаунт)
44528975,84174870,Неразобранное,143,Закрыто и не реализовано,2026-06-23T11:35:22.000Z,13216486,Admin (тех. аккаунт)
44528755,84174870,Неразобранное,143,Закрыто и не реализовано,2026-06-23T11:35:22.000Z,13216486,Admin (тех. аккаунт)
44526563,84174870,Неразобранное,143,Закрыто и не реализовано,2026-06-23T11:35:21.000Z,13216486,Admin (тех. аккаунт)
44658667,84174870,Неразобранное,143,Закрыто и не реализовано,2026-06-23T11:35:21.000Z,13216486,Admin (тех. аккаунт)
44658455,84174870,Неразобранное,143,Закрыто и не реализовано,2026-06-23T11:35:21.000Z,13216486,Admin (тех. аккаунт)
44656941,84174870,Неразобранное,143,Закрыто и не реализовано,2026-06-23T11:35:21.000Z,13216486,Admin (тех. аккаунт)
44656919,84174870,Неразобранное,143,Закрыто и не реализовано,2026-06-23T11:35:20.000Z,13216486,Admin (тех. аккаунт)
44656317,84174870,Неразобранное,143,Закрыто и не реализовано,2026-06-23T11:35:20.000Z,13216486,Admin (тех. аккаунт)
44654835,84174870,Неразобранное,143,Закрыто и не реализовано,2026-06-23T11:35:20.000Z,13216486,Admin (тех. аккаунт)
44654613,84174870,Неразобранное,143,Закрыто и не реализовано,2026-06-23T11:35:20.000Z,13216486,Admin (тех. аккаунт)
44653879,84174870,Неразобранное,143,Закрыто и не реализовано,2026-06-23T11:35:19.000Z,13216486,Admin (тех. аккаунт)
44653581,84174870,Неразобранное,143,Закрыто и не реализовано,2026-06-23T11:35:19.000Z,13216486,Admin (тех. аккаунт)
44653185,84174870,Неразобранное,143,Закрыто и не реализовано,2026-06-23T11:35:19.000Z,13216486,Admin (тех. аккаунт)
44653089,84174870,Неразобранное,143,Закрыто и не реализовано,2026-06-23T11:35:18.000Z,13216486,Admin (тех. аккаунт)
44651917,84174870,Неразобранное,143,Закрыто и не реализовано,2026-06-23T11:35:18.000Z,13216486,Admin (тех. аккаунт)
44647823,84174870,Неразобранное,143,Закрыто и не реализовано,2026-06-23T11:35:18.000Z,13216486,Admin (тех. аккаунт)
44648249,84174870,Неразобранное,143,Закрыто и не реализовано,2026-06-23T11:35:18.000Z,13216486,Admin (тех. аккаунт)
44647831,84174870,Неразобранное,143,Закрыто и не реализовано,2026-06-23T11:35:18.000Z,13216486,Admin (тех. аккаунт)
44647373,84174870,Неразобранное,143,Закрыто и не реализовано,2026-06-23T11:35:17.000Z,13216486,Admin (тех. аккаунт)
44640015,84174870,Неразобранное,143,Закрыто и не реализовано,2026-06-23T11:35:17.000Z,13216486,Admin (тех. аккаунт)
44646821,84174870,Неразобранное,143,Закрыто и не реализовано,2026-06-23T11:35:17.000Z,13216486,Admin (тех. аккаунт)
44641401,84174870,Неразобранное,143,Закрыто и не реализовано,2026-06-23T11:35:17.000Z,13216486,Admin (тех. аккаунт)
44640747,84174870,Неразобранное,143,Закрыто и не реализовано,2026-06-23T11:35:17.000Z,13216486,Admin (тех. аккаунт)
44639381,84174870,Неразобранное,143,Закрыто и не реализовано,2026-06-23T11:35:16.000Z,13216486,Admin (тех. аккаунт)
44637815,84174870,Неразобранное,143,Закрыто и не реализовано,2026-06-23T11:35:16.000Z,13216486,Admin (тех. аккаунт)
44637271,84174870,Неразобранное,143,Закрыто и не реализовано,2026-06-23T11:35:16.000Z,13216486,Admin (тех. аккаунт)
44635229,84174870,Неразобранное,143,Закрыто и не реализовано,2026-06-23T11:35:15.000Z,13216486,Admin (тех. аккаунт)
44634281,84174870,Неразобранное,143,Закрыто и не реализовано,2026-06-23T11:35:15.000Z,13216486,Admin (тех. аккаунт)
44633219,84174870,Неразобранное,143,Закрыто и не реализовано,2026-06-23T11:35:15.000Z,13216486,Admin (тех. аккаунт)
44631611,84174870,Неразобранное,143,Закрыто и не реализовано,2026-06-23T11:35:15.000Z,13216486,Admin (тех. аккаунт)
44631451,84174870,Неразобранное,143,Закрыто и не реализовано,2026-06-23T11:35:14.000Z,13216486,Admin (тех. аккаунт)
44631173,84174870,Неразобранное,143,Закрыто и не реализовано,2026-06-23T11:35:14.000Z,13216486,Admin (тех. аккаунт)
44631395,84174870,Неразобранное,143,Закрыто и не реализовано,2026-06-23T11:35:14.000Z,13216486,Admin (тех. аккаунт)
44626867,84174870,Неразобранное,143,Закрыто и не реализовано,2026-06-23T11:35:13.000Z,13216486,Admin (тех. аккаунт)
44629863,84174870,Неразобранное,143,Закрыто и не реализовано,2026-06-23T11:35:13.000Z,13216486,Admin (тех. аккаунт)
44628773,84174870,Неразобранное,143,Закрыто и не реализовано,2026-06-23T11:35:13.000Z,13216486,Admin (тех. аккаунт)
44628337,84174870,Неразобранное,143,Закрыто и не реализовано,2026-06-23T11:35:13.000Z,13216486,Admin (тех. аккаунт)
44627069,84174870,Неразобранное,143,Закрыто и не реализовано,2026-06-23T11:35:13.000Z,13216486,Admin (тех. аккаунт)
44626657,84174870,Неразобранное,143,Закрыто и не реализовано,2026-06-23T11:35:12.000Z,13216486,Admin (тех. аккаунт)
44623021,84174870,Неразобранное,143,Закрыто и не реализовано,2026-06-23T11:35:12.000Z,13216486,Admin (тех. аккаунт)
44622435,84174870,Неразобранное,143,Закрыто и не реализовано,2026-06-23T11:35:12.000Z,13216486,Admin (тех. аккаунт)
44622387,84174870,Неразобранное,143,Закрыто и не реализовано,2026-06-23T11:35:12.000Z,13216486,Admin (тех. аккаунт)
44621301,84174870,Неразобранное,143,Закрыто и не реализовано,2026-06-23T11:35:11.000Z,13216486,Admin (тех. аккаунт)
44603977,84174870,Неразобранное,143,Закрыто и не реализовано,2026-06-23T11:35:11.000Z,13216486,Admin (тех. аккаунт)
44601225,84174870,Неразобранное,143,Закрыто и не реализовано,2026-06-23T11:35:11.000Z,13216486,Admin (тех. аккаунт)
44599017,84174870,Неразобранное,143,Закрыто и не реализовано,2026-06-23T11:35:11.000Z,13216486,Admin (тех. аккаунт)
44594329,84174870,Неразобранное,143,Закрыто и не реализовано,2026-06-23T11:35:10.000Z,13216486,Admin (тех. аккаунт)
44593147,84174870,Неразобранное,143,Закрыто и не реализовано,2026-06-23T11:35:10.000Z,13216486,Admin (тех. аккаунт)
44591593,84174870,Неразобранное,143,Закрыто и не реализовано,2026-06-23T11:35:10.000Z,13216486,Admin (тех. аккаунт)
44590417,84174870,Неразобранное,143,Закрыто и не реализовано,2026-06-23T11:35:10.000Z,13216486,Admin (тех. аккаунт)
44589913,84174870,Неразобранное,143,Закрыто и не реализовано,2026-06-23T11:35:09.000Z,13216486,Admin (тех. аккаунт)
44736391,84180098,INSTAGRAM неразобранное,143,Закрыто и не реализовано,2026-06-23T11:35:09.000Z,13216486,Admin (тех. аккаунт)
44589901,84174870,Неразобранное,143,Закрыто и не реализовано,2026-06-23T11:35:09.000Z,13216486,Admin (тех. аккаунт)
44588949,84174870,Неразобранное,143,Закрыто и не реализовано,2026-06-23T11:35:09.000Z,13216486,Admin (тех. аккаунт)
44736321,84174870,Неразобранное,143,Закрыто и не реализовано,2026-06-23T11:35:09.000Z,13216486,Admin (тех. аккаунт)
44737123,84180098,INSTAGRAM неразобранное,143,Закрыто и не реализовано,2026-06-23T11:35:09.000Z,13216486,Admin (тех. аккаунт)
44734129,84174870,Неразобранное,143,Закрыто и не реализовано,2026-06-23T11:35:08.000Z,13216486,Admin (тех. аккаунт)
44726807,84174870,Неразобранное,143,Закрыто и не реализовано,2026-06-23T11:35:08.000Z,13216486,Admin (тех. аккаунт)
44725161,84174870,Неразобранное,143,Закрыто и не реализовано,2026-06-23T11:35:08.000Z,13216486,Admin (тех. аккаунт)
44724605,84174870,Неразобранное,143,Закрыто и не реализовано,2026-06-23T11:35:07.000Z,13216486,Admin (тех. аккаунт)
44722891,84174870,Неразобранное,143,Закрыто и не реализовано,2026-06-23T11:35:07.000Z,13216486,Admin (тех. аккаунт)
44718195,84174870,Неразобранное,143,Закрыто и не реализовано,2026-06-23T11:35:07.000Z,13216486,Admin (тех. аккаунт)
44717071,84174870,Неразобранное,143,Закрыто и не реализовано,2026-06-23T11:35:07.000Z,13216486,Admin (тех. аккаунт)
44715493,84174870,Неразобранное,143,Закрыто и не реализовано,2026-06-23T11:35:07.000Z,13216486,Admin (тех. аккаунт)
44715095,84174870,Неразобранное,143,Закрыто и не реализовано,2026-06-23T11:35:07.000Z,13216486,Admin (тех. аккаунт)
44714875,84174870,Неразобранное,143,Закрыто и не реализовано,2026-06-23T11:35:06.000Z,13216486,Admin (тех. аккаунт)
44714713,84174870,Неразобранное,143,Закрыто и не реализовано,2026-06-23T11:35:06.000Z,13216486,Admin (тех. аккаунт)
44711117,84174870,Неразобранное,143,Закрыто и не реализовано,2026-06-23T11:35:06.000Z,13216486,Admin (тех. аккаунт)
44710983,84174870,Неразобранное,143,Закрыто и не реализовано,2026-06-23T11:35:06.000Z,13216486,Admin (тех. аккаунт)
44710111,84174870,Неразобранное,143,Закрыто и не реализовано,2026-06-23T11:35:05.000Z,13216486,Admin (тех. аккаунт)
44706785,84174870,Неразобранное,143,Закрыто и не реализовано,2026-06-23T11:35:05.000Z,13216486,Admin (тех. аккаунт)
44704391,84174870,Неразобранное,143,Закрыто и не реализовано,2026-06-23T11:35:05.000Z,13216486,Admin (тех. аккаунт)
44704249,84174870,Неразобранное,143,Закрыто и не реализовано,2026-06-23T11:35:05.000Z,13216486,Admin (тех. аккаунт)
44703441,84174870,Неразобранное,143,Закрыто и не реализовано,2026-06-23T11:35:04.000Z,13216486,Admin (тех. аккаунт)
44703243,84174870,Неразобранное,143,Закрыто и не реализовано,2026-06-23T11:35:04.000Z,13216486,Admin (тех. аккаунт)
44703237,84174870,Неразобранное,143,Закрыто и не реализовано,2026-06-23T11:35:04.000Z,13216486,Admin (тех. аккаунт)
44697483,84174870,Неразобранное,143,Закрыто и не реализовано,2026-06-23T11:35:04.000Z,13216486,Admin (тех. аккаунт)
44696837,84174870,Неразобранное,143,Закрыто и не реализовано,2026-06-23T11:35:03.000Z,13216486,Admin (тех. аккаунт)
44696629,84174870,Неразобранное,143,Закрыто и не реализовано,2026-06-23T11:35:03.000Z,13216486,Admin (тех. аккаунт)
44695695,84174870,Неразобранное,143,Закрыто и не реализовано,2026-06-23T11:35:03.000Z,13216486,Admin (тех. аккаунт)
44693689,84174870,Неразобранное,143,Закрыто и не реализовано,2026-06-23T11:35:02.000Z,13216486,Admin (тех. аккаунт)
44688319,84174870,Неразобранное,143,Закрыто и не реализовано,2026-06-23T11:35:02.000Z,13216486,Admin (тех. аккаунт)
44687893,84174870,Неразобранное,143,Закрыто и не реализовано,2026-06-23T11:35:02.000Z,13216486,Admin (тех. аккаунт)
44687447,84174870,Неразобранное,143,Закрыто и не реализовано,2026-06-23T11:35:01.000Z,13216486,Admin (тех. аккаунт)
44686781,84174870,Неразобранное,143,Закрыто и не реализовано,2026-06-23T11:35:01.000Z,13216486,Admin (тех. аккаунт)
44685391,84174870,Неразобранное,143,Закрыто и не реализовано,2026-06-23T11:35:01.000Z,13216486,Admin (тех. аккаунт)
44684481,84174870,Неразобранное,143,Закрыто и не реализовано,2026-06-23T11:35:01.000Z,13216486,Admin (тех. аккаунт)
44683971,84174870,Неразобранное,143,Закрыто и не реализовано,2026-06-23T11:35:00.000Z,13216486,Admin (тех. аккаунт)
44682409,84174870,Неразобранное,143,Закрыто и не реализовано,2026-06-23T11:35:00.000Z,13216486,Admin (тех. аккаунт)
44676669,84174870,Неразобранное,143,Закрыто и не реализовано,2026-06-23T11:35:00.000Z,13216486,Admin (тех. аккаунт)
44680833,84174870,Неразобранное,143,Закрыто и не реализовано,2026-06-23T11:35:00.000Z,13216486,Admin (тех. аккаунт)
44678345,84174870,Неразобранное,143,Закрыто и не реализовано,2026-06-23T11:35:00.000Z,13216486,Admin (тех. аккаунт)
44675651,84174870,Неразобранное,143,Закрыто и не реализовано,2026-06-23T11:34:59.000Z,13216486,Admin (тех. аккаунт)
44672453,84174870,Неразобранное,143,Закрыто и не реализовано,2026-06-23T11:34:59.000Z,13216486,Admin (тех. аккаунт)
44672351,84174870,Неразобранное,143,Закрыто и не реализовано,2026-06-23T11:34:59.000Z,13216486,Admin (тех. аккаунт)
44672315,84174870,Неразобранное,143,Закрыто и не реализовано,2026-06-23T11:34:59.000Z,13216486,Admin (тех. аккаунт)
44671829,84174870,Неразобранное,143,Закрыто и не реализовано,2026-06-23T11:34:59.000Z,13216486,Admin (тех. аккаунт)
44670395,84174870,Неразобранное,143,Закрыто и не реализовано,2026-06-23T11:34:58.000Z,13216486,Admin (тех. аккаунт)
44669411,84174870,Неразобранное,143,Закрыто и не реализовано,2026-06-23T11:34:58.000Z,13216486,Admin (тех. аккаунт)
44665589,84174870,Неразобранное,143,Закрыто и не реализовано,2026-06-23T11:34:58.000Z,13216486,Admin (тех. аккаунт)
44665207,84174870,Неразобранное,143,Закрыто и не реализовано,2026-06-23T11:34:58.000Z,13216486,Admin (тех. аккаунт)
44662033,84174870,Неразобранное,143,Закрыто и не реализовано,2026-06-23T11:34:57.000Z,13216486,Admin (тех. аккаунт)
44928325,84180098,INSTAGRAM неразобранное,143,Закрыто и не реализовано,2026-06-23T11:34:57.000Z,13216486,Admin (тех. аккаунт)
44659341,84174870,Неразобранное,143,Закрыто и не реализовано,2026-06-23T11:34:57.000Z,13216486,Admin (тех. аккаунт)
44937197,84180098,INSTAGRAM неразобранное,143,Закрыто и не реализовано,2026-06-23T11:34:57.000Z,13216486,Admin (тех. аккаунт)
44935235,84174870,Неразобранное,143,Закрыто и не реализовано,2026-06-23T11:34:57.000Z,13216486,Admin (тех. аккаунт)
44925025,84174870,Неразобранное,143,Закрыто и не реализовано,2026-06-23T11:34:57.000Z,13216486,Admin (тех. аккаунт)
44929237,84180098,INSTAGRAM неразобранное,143,Закрыто и не реализовано,2026-06-23T11:34:57.000Z,13216486,Admin (тех. аккаунт)
44923797,84174870,Неразобранное,143,Закрыто и не реализовано,2026-06-23T11:34:56.000Z,13216486,Admin (тех. аккаунт)
44923719,84180098,INSTAGRAM неразобранное,143,Закрыто и не реализовано,2026-06-23T11:34:56.000Z,13216486,Admin (тех. аккаунт)
44923553,84174870,Неразобранное,143,Закрыто и не реализовано,2026-06-23T11:34:56.000Z,13216486,Admin (тех. аккаунт)
44922611,84174870,Неразобранное,143,Закрыто и не реализовано,2026-06-23T11:34:56.000Z,13216486,Admin (тех. аккаунт)
44917341,84180098,INSTAGRAM неразобранное,143,Закрыто и не реализовано,2026-06-23T11:34:55.000Z,13216486,Admin (тех. аккаунт)
44916475,84174870,Неразобранное,143,Закрыто и не реализовано,2026-06-23T11:34:55.000Z,13216486,Admin (тех. аккаунт)
44902537,84174870,Неразобранное,143,Закрыто и не реализовано,2026-06-23T11:34:55.000Z,13216486,Admin (тех. аккаунт)
44908679,84174870,Неразобранное,143,Закрыто и не реализовано,2026-06-23T11:34:55.000Z,13216486,Admin (тех. аккаунт)
44908491,84180098,INSTAGRAM неразобранное,143,Закрыто и не реализовано,2026-06-23T11:34:55.000Z,13216486,Admin (тех. аккаунт)
44905995,84174870,Неразобранное,143,Закрыто и не реализовано,2026-06-23T11:34:55.000Z,13216486,Admin (тех. аккаунт)
44898901,84174870,Неразобранное,143,Закрыто и не реализовано,2026-06-23T11:34:54.000Z,13216486,Admin (тех. аккаунт)
44898047,84174870,Неразобранное,143,Закрыто и не реализовано,2026-06-23T11:34:54.000Z,13216486,Admin (тех. аккаунт)
44897893,84174870,Неразобранное,143,Закрыто и не реализовано,2026-06-23T11:34:54.000Z,13216486,Admin (тех. аккаунт)
44897613,84180098,INSTAGRAM неразобранное,143,Закрыто и не реализовано,2026-06-23T11:34:54.000Z,13216486,Admin (тех. аккаунт)
44895545,84174870,Неразобранное,143,Закрыто и не реализовано,2026-06-23T11:34:54.000Z,13216486,Admin (тех. аккаунт)
44895537,84174870,Неразобранное,143,Закрыто и не реализовано,2026-06-23T11:34:54.000Z,13216486,Admin (тех. аккаунт)
44895025,84174870,Неразобранное,143,Закрыто и не реализовано,2026-06-23T11:34:53.000Z,13216486,Admin (тех. аккаунт)
44894801,84174870,Неразобранное,143,Закрыто и не реализовано,2026-06-23T11:34:53.000Z,13216486,Admin (тех. аккаунт)
44893855,84174870,Неразобранное,143,Закрыто и не реализовано,2026-06-23T11:34:53.000Z,13216486,Admin (тех. аккаунт)
44893409,84174870,Неразобранное,143,Закрыто и не реализовано,2026-06-23T11:34:53.000Z,13216486,Admin (тех. аккаунт)
44893117,84174870,Неразобранное,143,Закрыто и не реализовано,2026-06-23T11:34:53.000Z,13216486,Admin (тех. аккаунт)
44891791,84180098,INSTAGRAM неразобранное,143,Закрыто и не реализовано,2026-06-23T11:34:52.000Z,13216486,Admin (тех. аккаунт)
44890889,84174870,Неразобранное,143,Закрыто и не реализовано,2026-06-23T11:34:52.000Z,13216486,Admin (тех. аккаунт)
44886483,84180098,INSTAGRAM неразобранное,143,Закрыто и не реализовано,2026-06-23T11:34:52.000Z,13216486,Admin (тех. аккаунт)
44886413,84180098,INSTAGRAM неразобранное,143,Закрыто и не реализовано,2026-06-23T11:34:52.000Z,13216486,Admin (тех. аккаунт)
44881347,84180098,INSTAGRAM неразобранное,143,Закрыто и не реализовано,2026-06-23T11:34:52.000Z,13216486,Admin (тех. аккаунт)
44876257,84174870,Неразобранное,143,Закрыто и не реализовано,2026-06-23T11:34:52.000Z,13216486,Admin (тех. аккаунт)
44876255,84174870,Неразобранное,143,Закрыто и не реализовано,2026-06-23T11:34:51.000Z,13216486,Admin (тех. аккаунт)
44876253,84174870,Неразобранное,143,Закрыто и не реализовано,2026-06-23T11:34:51.000Z,13216486,Admin (тех. аккаунт)
44876223,84174870,Неразобранное,143,Закрыто и не реализовано,2026-06-23T11:34:51.000Z,13216486,Admin (тех. аккаунт)
44802955,84180098,INSTAGRAM неразобранное,143,Закрыто и не реализовано,2026-06-23T11:34:51.000Z,13216486,Admin (тех. аккаунт)
44875751,84174870,Неразобранное,143,Закрыто и не реализовано,2026-06-23T11:34:51.000Z,13216486,Admin (тех. аккаунт)
44774995,84180098,INSTAGRAM неразобранное,143,Закрыто и не реализовано,2026-06-23T11:34:51.000Z,13216486,Admin (тех. аккаунт)
44875739,84180098,INSTAGRAM неразобранное,143,Закрыто и не реализовано,2026-06-23T11:34:51.000Z,13216486,Admin (тех. аккаунт)
44805277,84180098,INSTAGRAM неразобранное,143,Закрыто и не реализовано,2026-06-23T11:34:51.000Z,13216486,Admin (тех. аккаунт)
44805153,84180098,INSTAGRAM неразобранное,143,Закрыто и не реализовано,2026-06-23T11:34:51.000Z,13216486,Admin (тех. аккаунт)
44752483,84180098,INSTAGRAM неразобранное,143,Закрыто и не реализовано,2026-06-23T11:34:50.000Z,13216486,Admin (тех. аккаунт)
44750463,84174870,Неразобранное,143,Закрыто и не реализовано,2026-06-23T11:34:50.000Z,13216486,Admin (тех. аккаунт)
44747259,84180098,INSTAGRAM неразобранное,143,Закрыто и не реализовано,2026-06-23T11:34:50.000Z,13216486,Admin (тех. аккаунт)
44745167,84174870,Неразобранное,143,Закрыто и не реализовано,2026-06-23T11:34:50.000Z,13216486,Admin (тех. аккаунт)
44739731,84174870,Неразобранное,143,Закрыто и не реализовано,2026-06-23T11:34:50.000Z,13216486,Admin (тех. аккаунт)
44739479,84180098,INSTAGRAM неразобранное,143,Закрыто и не реализовано,2026-06-23T11:34:50.000Z,13216486,Admin (тех. аккаунт)
44738865,84174870,Неразобранное,143,Закрыто и не реализовано,2026-06-23T11:34:50.000Z,13216486,Admin (тех. аккаунт)
44738591,84174870,Неразобранное,143,Закрыто и не реализовано,2026-06-23T11:34:50.000Z,13216486,Admin (тех. аккаунт)
44738349,84180098,INSTAGRAM неразобранное,143,Закрыто и не реализовано,2026-06-23T11:34:49.000Z,13216486,Admin (тех. аккаунт)
44991001,84174870,Неразобранное,143,Закрыто и не реализовано,2026-06-23T11:34:49.000Z,13216486,Admin (тех. аккаунт)
44989665,84180098,INSTAGRAM неразобранное,143,Закрыто и не реализовано,2026-06-23T11:34:49.000Z,13216486,Admin (тех. аккаунт)
44989277,84180098,INSTAGRAM неразобранное,143,Закрыто и не реализовано,2026-06-23T11:34:49.000Z,13216486,Admin (тех. аккаунт)
44987447,84174870,Неразобранное,143,Закрыто и не реализовано,2026-06-23T11:34:49.000Z,13216486,Admin (тех. аккаунт)
44987357,84174870,Неразобранное,143,Закрыто и не реализовано,2026-06-23T11:34:48.000Z,13216486,Admin (тех. аккаунт)
44986991,84180098,INSTAGRAM неразобранное,143,Закрыто и не реализовано,2026-06-23T11:34:48.000Z,13216486,Admin (тех. аккаунт)
44986941,84174870,Неразобранное,143,Закрыто и не реализовано,2026-06-23T11:34:48.000Z,13216486,Admin (тех. аккаунт)
44986453,84180098,INSTAGRAM неразобранное,143,Закрыто и не реализовано,2026-06-23T11:34:48.000Z,13216486,Admin (тех. аккаунт)
44985893,84180098,INSTAGRAM неразобранное,143,Закрыто и не реализовано,2026-06-23T11:34:48.000Z,13216486,Admin (тех. аккаунт)
44985225,84174870,Неразобранное,143,Закрыто и не реализовано,2026-06-23T11:34:48.000Z,13216486,Admin (тех. аккаунт)
44984437,84174870,Неразобранное,143,Закрыто и не реализовано,2026-06-23T11:34:47.000Z,13216486,Admin (тех. аккаунт)
44982095,84174870,Неразобранное,143,Закрыто и не реализовано,2026-06-23T11:34:47.000Z,13216486,Admin (тех. аккаунт)
44981151,84174870,Неразобранное,143,Закрыто и не реализовано,2026-06-23T11:34:47.000Z,13216486,Admin (тех. аккаунт)
44977283,84180098,INSTAGRAM неразобранное,143,Закрыто и не реализовано,2026-06-23T11:34:47.000Z,13216486,Admin (тех. аккаунт)
44974333,84174870,Неразобранное,143,Закрыто и не реализовано,2026-06-23T11:34:47.000Z,13216486,Admin (тех. аккаунт)
44974329,84180098,INSTAGRAM неразобранное,143,Закрыто и не реализовано,2026-06-23T11:34:46.000Z,13216486,Admin (тех. аккаунт)
44974317,84174870,Неразобранное,143,Закрыто и не реализовано,2026-06-23T11:34:46.000Z,13216486,Admin (тех. аккаунт)
44974241,84180098,INSTAGRAM неразобранное,143,Закрыто и не реализовано,2026-06-23T11:34:46.000Z,13216486,Admin (тех. аккаунт)
44972881,84180098,INSTAGRAM неразобранное,143,Закрыто и не реализовано,2026-06-23T11:34:46.000Z,13216486,Admin (тех. аккаунт)
44967065,84174870,Неразобранное,143,Закрыто и не реализовано,2026-06-23T11:34:46.000Z,13216486,Admin (тех. аккаунт)
44969985,84174870,Неразобранное,143,Закрыто и не реализовано,2026-06-23T11:34:46.000Z,13216486,Admin (тех. аккаунт)
44969895,84180098,INSTAGRAM неразобранное,143,Закрыто и не реализовано,2026-06-23T11:34:46.000Z,13216486,Admin (тех. аккаунт)
44969017,84180098,INSTAGRAM неразобранное,143,Закрыто и не реализовано,2026-06-23T11:34:46.000Z,13216486,Admin (тех. аккаунт)
44967427,84180098,INSTAGRAM неразобранное,143,Закрыто и не реализовано,2026-06-23T11:34:46.000Z,13216486,Admin (тех. аккаунт)
44966891,84174870,Неразобранное,143,Закрыто и не реализовано,2026-06-23T11:34:45.000Z,13216486,Admin (тех. аккаунт)
44965501,84174870,Неразобранное,143,Закрыто и не реализовано,2026-06-23T11:34:45.000Z,13216486,Admin (тех. аккаунт)
44953387,84174870,Неразобранное,143,Закрыто и не реализовано,2026-06-23T11:34:45.000Z,13216486,Admin (тех. аккаунт)
44963061,84180098,INSTAGRAM неразобранное,143,Закрыто и не реализовано,2026-06-23T11:34:45.000Z,13216486,Admin (тех. аккаунт)
44962973,84174870,Неразобранное,143,Закрыто и не реализовано,2026-06-23T11:34:45.000Z,13216486,Admin (тех. аккаунт)
44960071,84180098,INSTAGRAM неразобранное,143,Закрыто и не реализовано,2026-06-23T11:34:45.000Z,13216486,Admin (тех. аккаунт)
44958323,84180098,INSTAGRAM неразобранное,143,Закрыто и не реализовано,2026-06-23T11:34:45.000Z,13216486,Admin (тех. аккаунт)
44957405,84174870,Неразобранное,143,Закрыто и не реализовано,2026-06-23T11:34:45.000Z,13216486,Admin (тех. аккаунт)
44954671,84180098,INSTAGRAM неразобранное,143,Закрыто и не реализовано,2026-06-23T11:34:45.000Z,13216486,Admin (тех. аккаунт)
44945305,84174870,Неразобранное,143,Закрыто и не реализовано,2026-06-23T11:34:44.000Z,13216486,Admin (тех. аккаунт)
44952749,84180098,INSTAGRAM неразобранное,143,Закрыто и не реализовано,2026-06-23T11:34:44.000Z,13216486,Admin (тех. аккаунт)
44952475,84180098,INSTAGRAM неразобранное,143,Закрыто и не реализовано,2026-06-23T11:34:44.000Z,13216486,Admin (тех. аккаунт)
44951963,84174870,Неразобранное,143,Закрыто и не реализовано,2026-06-23T11:34:44.000Z,13216486,Admin (тех. аккаунт)
44951527,84174870,Неразобранное,143,Закрыто и не реализовано,2026-06-23T11:34:44.000Z,13216486,Admin (тех. аккаунт)
44950133,84180098,INSTAGRAM неразобранное,143,Закрыто и не реализовано,2026-06-23T11:34:44.000Z,13216486,Admin (тех. аккаунт)
44945807,84180098,INSTAGRAM неразобранное,143,Закрыто и не реализовано,2026-06-23T11:34:44.000Z,13216486,Admin (тех. аккаунт)
44945733,84180098,INSTAGRAM неразобранное,143,Закрыто и не реализовано,2026-06-23T11:34:44.000Z,13216486,Admin (тех. аккаунт)
44939053,84180098,INSTAGRAM неразобранное,143,Закрыто и не реализовано,2026-06-23T11:34:43.000Z,13216486,Admin (тех. аккаунт)
44938891,84180098,INSTAGRAM неразобранное,143,Закрыто и не реализовано,2026-06-23T11:34:43.000Z,13216486,Admin (тех. аккаунт)
44938617,84174870,Неразобранное,143,Закрыто и не реализовано,2026-06-23T11:34:43.000Z,13216486,Admin (тех. аккаунт)
44938025,84180098,INSTAGRAM неразобранное,143,Закрыто и не реализовано,2026-06-23T11:34:43.000Z,13216486,Admin (тех. аккаунт)
44937757,84174870,Неразобранное,143,Закрыто и не реализовано,2026-06-23T11:34:43.000Z,13216486,Admin (тех. аккаунт)
44937731,84180098,INSTAGRAM неразобранное,143,Закрыто и не реализовано,2026-06-23T11:34:43.000Z,13216486,Admin (тех. аккаунт)
44937627,84180098,INSTAGRAM неразобранное,143,Закрыто и не реализовано,2026-06-23T11:34:43.000Z,13216486,Admin (тех. аккаунт)
44937373,84180098,INSTAGRAM неразобранное,143,Закрыто и не реализовано,2026-06-23T11:34:43.000Z,13216486,Admin (тех. аккаунт)
44937329,84180098,INSTAGRAM неразобранное,143,Закрыто и не реализовано,2026-06-23T11:34:43.000Z,13216486,Admin (тех. аккаунт)
45011015,84174870,Неразобранное,143,Закрыто и не реализовано,2026-06-23T11:34:43.000Z,13216486,Admin (тех. аккаунт)
45010921,84174870,Неразобранное,143,Закрыто и не реализовано,2026-06-23T11:34:42.000Z,13216486,Admin (тех. аккаунт)
45009873,84174870,Неразобранное,143,Закрыто и не реализовано,2026-06-23T11:34:42.000Z,13216486,Admin (тех. аккаунт)
45009765,84180098,INSTAGRAM неразобранное,143,Закрыто и не реализовано,2026-06-23T11:34:42.000Z,13216486,Admin (тех. аккаунт)
45008507,84174870,Неразобранное,143,Закрыто и не реализовано,2026-06-23T11:34:42.000Z,13216486,Admin (тех. аккаунт)
45008009,84180098,INSTAGRAM неразобранное,143,Закрыто и не реализовано,2026-06-23T11:34:42.000Z,13216486,Admin (тех. аккаунт)
45007613,84174870,Неразобранное,143,Закрыто и не реализовано,2026-06-23T11:34:41.000Z,13216486,Admin (тех. аккаунт)
45007257,84174870,Неразобранное,143,Закрыто и не реализовано,2026-06-23T11:34:41.000Z,13216486,Admin (тех. аккаунт)
45007183,84174870,Неразобранное,143,Закрыто и не реализовано,2026-06-23T11:34:41.000Z,13216486,Admin (тех. аккаунт)
45007031,84174870,Неразобранное,143,Закрыто и не реализовано,2026-06-23T11:34:41.000Z,13216486,Admin (тех. аккаунт)
45007101,84174870,Неразобранное,143,Закрыто и не реализовано,2026-06-23T11:34:41.000Z,13216486,Admin (тех. аккаунт)
45003897,84174870,Неразобранное,143,Закрыто и не реализовано,2026-06-23T11:34:40.000Z,13216486,Admin (тех. аккаунт)
45006125,84174870,Неразобранное,143,Закрыто и не реализовано,2026-06-23T11:34:40.000Z,13216486,Admin (тех. аккаунт)
45006021,84180098,INSTAGRAM неразобранное,143,Закрыто и не реализовано,2026-06-23T11:34:40.000Z,13216486,Admin (тех. аккаунт)
45005859,84180098,INSTAGRAM неразобранное,143,Закрыто и не реализовано,2026-06-23T11:34:40.000Z,13216486,Admin (тех. аккаунт)
45005619,84174870,Неразобранное,143,Закрыто и не реализовано,2026-06-23T11:34:40.000Z,13216486,Admin (тех. аккаунт)
45005615,84174870,Неразобранное,143,Закрыто и не реализовано,2026-06-23T11:34:40.000Z,13216486,Admin (тех. аккаунт)
45004739,84180098,INSTAGRAM неразобранное,143,Закрыто и не реализовано,2026-06-23T11:34:40.000Z,13216486,Admin (тех. аккаунт)
45003629,84180098,INSTAGRAM неразобранное,143,Закрыто и не реализовано,2026-06-23T11:34:39.000Z,13216486,Admin (тех. аккаунт)
45003221,84174870,Неразобранное,143,Закрыто и не реализовано,2026-06-23T11:34:39.000Z,13216486,Admin (тех. аккаунт)
45001727,84174870,Неразобранное,143,Закрыто и не реализовано,2026-06-23T11:34:39.000Z,13216486,Admin (тех. аккаунт)
45002091,84174870,Неразобранное,143,Закрыто и не реализовано,2026-06-23T11:34:39.000Z,13216486,Admin (тех. аккаунт)
45001991,84174870,Неразобранное,143,Закрыто и не реализовано,2026-06-23T11:34:39.000Z,13216486,Admin (тех. аккаунт)
45001825,84174870,Неразобранное,143,Закрыто и не реализовано,2026-06-23T11:34:39.000Z,13216486,Admin (тех. аккаунт)
45001651,84180098,INSTAGRAM неразобранное,143,Закрыто и не реализовано,2026-06-23T11:34:38.000Z,13216486,Admin (тех. аккаунт)
45001367,84174870,Неразобранное,143,Закрыто и не реализовано,2026-06-23T11:34:38.000Z,13216486,Admin (тех. аккаунт)
45000977,84180098,INSTAGRAM неразобранное,143,Закрыто и не реализовано,2026-06-23T11:34:38.000Z,13216486,Admin (тех. аккаунт)
45000811,84174870,Неразобранное,143,Закрыто и не реализовано,2026-06-23T11:34:38.000Z,13216486,Admin (тех. аккаунт)
45000803,84174870,Неразобранное,143,Закрыто и не реализовано,2026-06-23T11:34:38.000Z,13216486,Admin (тех. аккаунт)
45000783,84180098,INSTAGRAM неразобранное,143,Закрыто и не реализовано,2026-06-23T11:34:37.000Z,13216486,Admin (тех. аккаунт)
45000199,84174870,Неразобранное,143,Закрыто и не реализовано,2026-06-23T11:34:37.000Z,13216486,Admin (тех. аккаунт)
44999773,84180098,INSTAGRAM неразобранное,143,Закрыто и не реализовано,2026-06-23T11:34:37.000Z,13216486,Admin (тех. аккаунт)
44998989,84174870,Неразобранное,143,Закрыто и не реализовано,2026-06-23T11:34:37.000Z,13216486,Admin (тех. аккаунт)
44998933,84174870,Неразобранное,143,Закрыто и не реализовано,2026-06-23T11:34:37.000Z,13216486,Admin (тех. аккаунт)
44998899,84180098,INSTAGRAM неразобранное,143,Закрыто и не реализовано,2026-06-23T11:34:37.000Z,13216486,Admin (тех. аккаунт)
44998835,84180098,INSTAGRAM неразобранное,143,Закрыто и не реализовано,2026-06-23T11:34:36.000Z,13216486,Admin (тех. аккаунт)
44998045,84180098,INSTAGRAM неразобранное,143,Закрыто и не реализовано,2026-06-23T11:34:36.000Z,13216486,Admin (тех. аккаунт)
44997639,84174870,Неразобранное,143,Закрыто и не реализовано,2026-06-23T11:34:36.000Z,13216486,Admin (тех. аккаунт)
44997635,84174870,Неразобранное,143,Закрыто и не реализовано,2026-06-23T11:34:36.000Z,13216486,Admin (тех. аккаунт)
44996377,84180098,INSTAGRAM неразобранное,143,Закрыто и не реализовано,2026-06-23T11:34:36.000Z,13216486,Admin (тех. аккаунт)
44997427,84180098,INSTAGRAM неразобранное,143,Закрыто и не реализовано,2026-06-23T11:34:36.000Z,13216486,Admin (тех. аккаунт)
44997391,84180098,INSTAGRAM неразобранное,143,Закрыто и не реализовано,2026-06-23T11:34:36.000Z,13216486,Admin (тех. аккаунт)
44997345,84174870,Неразобранное,143,Закрыто и не реализовано,2026-06-23T11:34:36.000Z,13216486,Admin (тех. аккаунт)
44996107,84180098,INSTAGRAM неразобранное,143,Закрыто и не реализовано,2026-06-23T11:34:36.000Z,13216486,Admin (тех. аккаунт)
44996049,84180098,INSTAGRAM неразобранное,143,Закрыто и не реализовано,2026-06-23T11:34:35.000Z,13216486,Admin (тех. аккаунт)
44995967,84174870,Неразобранное,143,Закрыто и не реализовано,2026-06-23T11:34:35.000Z,13216486,Admin (тех. аккаунт)
44995239,84180098,INSTAGRAM неразобранное,143,Закрыто и не реализовано,2026-06-23T11:34:35.000Z,13216486,Admin (тех. аккаунт)
45018109,84174870,Неразобранное,143,Закрыто и не реализовано,2026-06-23T11:34:35.000Z,13216486,Admin (тех. аккаунт)
44993993,84180098,INSTAGRAM неразобранное,143,Закрыто и не реализовано,2026-06-23T11:34:35.000Z,13216486,Admin (тех. аккаунт)
44993231,84180098,INSTAGRAM неразобранное,143,Закрыто и не реализовано,2026-06-23T11:34:35.000Z,13216486,Admin (тех. аккаунт)
44992071,84180098,INSTAGRAM неразобранное,143,Закрыто и не реализовано,2026-06-23T11:34:35.000Z,13216486,Admin (тех. аккаунт)
45018289,84174870,Неразобранное,143,Закрыто и не реализовано,2026-06-23T11:34:35.000Z,13216486,Admin (тех. аккаунт)
45017941,84180098,INSTAGRAM неразобранное,143,Закрыто и не реализовано,2026-06-23T11:34:34.000Z,13216486,Admin (тех. аккаунт)
45017897,84174870,Неразобранное,143,Закрыто и не реализовано,2026-06-23T11:34:34.000Z,13216486,Admin (тех. аккаунт)
45016505,84174870,Неразобранное,143,Закрыто и не реализовано,2026-06-23T11:34:34.000Z,13216486,Admin (тех. аккаунт)
45016595,84174870,Неразобранное,143,Закрыто и не реализовано,2026-06-23T11:34:34.000Z,13216486,Admin (тех. аккаунт)
45016527,84174870,Неразобранное,143,Закрыто и не реализовано,2026-06-23T11:34:34.000Z,13216486,Admin (тех. аккаунт)
45016425,84180098,INSTAGRAM неразобранное,143,Закрыто и не реализовано,2026-06-23T11:34:33.000Z,13216486,Admin (тех. аккаунт)
45016315,84180098,INSTAGRAM неразобранное,143,Закрыто и не реализовано,2026-06-23T11:34:33.000Z,13216486,Admin (тех. аккаунт)
45016159,84174870,Неразобранное,143,Закрыто и не реализовано,2026-06-23T11:34:33.000Z,13216486,Admin (тех. аккаунт)
45016051,84180098,INSTAGRAM неразобранное,143,Закрыто и не реализовано,2026-06-23T11:34:33.000Z,13216486,Admin (тех. аккаунт)
45015941,84180098,INSTAGRAM неразобранное,143,Закрыто и не реализовано,2026-06-23T11:34:33.000Z,13216486,Admin (тех. аккаунт)
45015917,84180098,INSTAGRAM неразобранное,143,Закрыто и не реализовано,2026-06-23T11:34:33.000Z,13216486,Admin (тех. аккаунт)
45015911,84174870,Неразобранное,143,Закрыто и не реализовано,2026-06-23T11:34:33.000Z,13216486,Admin (тех. аккаунт)
45015793,84174870,Неразобранное,143,Закрыто и не реализовано,2026-06-23T11:34:32.000Z,13216486,Admin (тех. аккаунт)
45015753,84180098,INSTAGRAM неразобранное,143,Закрыто и не реализовано,2026-06-23T11:34:32.000Z,13216486,Admin (тех. аккаунт)
45015739,84180098,INSTAGRAM неразобранное,143,Закрыто и не реализовано,2026-06-23T11:34:32.000Z,13216486,Admin (тех. аккаунт)
45015553,84174870,Неразобранное,143,Закрыто и не реализовано,2026-06-23T11:34:32.000Z,13216486,Admin (тех. аккаунт)
45015135,84174870,Неразобранное,143,Закрыто и не реализовано,2026-06-23T11:34:32.000Z,13216486,Admin (тех. аккаунт)
45015265,84180098,INSTAGRAM неразобранное,143,Закрыто и не реализовано,2026-06-23T11:34:32.000Z,13216486,Admin (тех. аккаунт)
45015139,84180098,INSTAGRAM неразобранное,143,Закрыто и не реализовано,2026-06-23T11:34:32.000Z,13216486,Admin (тех. аккаунт)
45014339,84180098,INSTAGRAM неразобранное,143,Закрыто и не реализовано,2026-06-23T11:34:31.000Z,13216486,Admin (тех. аккаунт)
45014713,84174870,Неразобранное,143,Закрыто и не реализовано,2026-06-23T11:34:31.000Z,13216486,Admin (тех. аккаунт)
45014677,84174870,Неразобранное,143,Закрыто и не реализовано,2026-06-23T11:34:31.000Z,13216486,Admin (тех. аккаунт)
45014611,84180098,INSTAGRAM неразобранное,143,Закрыто и не реализовано,2026-06-23T11:34:31.000Z,13216486,Admin (тех. аккаунт)
45014443,84180098,INSTAGRAM неразобранное,143,Закрыто и не реализовано,2026-06-23T11:34:31.000Z,13216486,Admin (тех. аккаунт)
45014099,84174870,Неразобранное,143,Закрыто и не реализовано,2026-06-23T11:34:31.000Z,13216486,Admin (тех. аккаунт)
45014419,84180098,INSTAGRAM неразобранное,143,Закрыто и не реализовано,2026-06-23T11:34:31.000Z,13216486,Admin (тех. аккаунт)
45013935,84180098,INSTAGRAM неразобранное,143,Закрыто и не реализовано,2026-06-23T11:34:30.000Z,13216486,Admin (тех. аккаунт)
45013747,84180098,INSTAGRAM неразобранное,143,Закрыто и не реализовано,2026-06-23T11:34:30.000Z,13216486,Admin (тех. аккаунт)
45013539,84180098,INSTAGRAM неразобранное,143,Закрыто и не реализовано,2026-06-23T11:34:30.000Z,13216486,Admin (тех. аккаунт)
45013507,84174870,Неразобранное,143,Закрыто и не реализовано,2026-06-23T11:34:30.000Z,13216486,Admin (тех. аккаунт)
45013247,84174870,Неразобранное,143,Закрыто и не реализовано,2026-06-23T11:34:30.000Z,13216486,Admin (тех. аккаунт)
45013429,84180098,INSTAGRAM неразобранное,143,Закрыто и не реализовано,2026-06-23T11:34:30.000Z,13216486,Admin (тех. аккаунт)
45013315,84180098,INSTAGRAM неразобранное,143,Закрыто и не реализовано,2026-06-23T11:34:30.000Z,13216486,Admin (тех. аккаунт)
45013261,84174870,Неразобранное,143,Закрыто и не реализовано,2026-06-23T11:34:30.000Z,13216486,Admin (тех. аккаунт)
45013243,84180098,INSTAGRAM неразобранное,143,Закрыто и не реализовано,2026-06-23T11:34:29.000Z,13216486,Admin (тех. аккаунт)
45012917,84174870,Неразобранное,143,Закрыто и не реализовано,2026-06-23T11:34:29.000Z,13216486,Admin (тех. аккаунт)
45012545,84174870,Неразобранное,143,Закрыто и не реализовано,2026-06-23T11:34:29.000Z,13216486,Admin (тех. аккаунт)
45012513,84174870,Неразобранное,143,Закрыто и не реализовано,2026-06-23T11:34:29.000Z,13216486,Admin (тех. аккаунт)
45012483,84180098,INSTAGRAM неразобранное,143,Закрыто и не реализовано,2026-06-23T11:34:29.000Z,13216486,Admin (тех. аккаунт)
45012299,84180098,INSTAGRAM неразобранное,143,Закрыто и не реализовано,2026-06-23T11:34:29.000Z,13216486,Admin (тех. аккаунт)
45011897,84180098,INSTAGRAM неразобранное,143,Закрыто и не реализовано,2026-06-23T11:34:29.000Z,13216486,Admin (тех. аккаунт)
45011677,84174870,Неразобранное,143,Закрыто и не реализовано,2026-06-23T11:34:28.000Z,13216486,Admin (тех. аккаунт)
45011427,84180098,INSTAGRAM неразобранное,143,Закрыто и не реализовано,2026-06-23T11:34:28.000Z,13216486,Admin (тех. аккаунт)
45011381,84180098,INSTAGRAM неразобранное,143,Закрыто и не реализовано,2026-06-23T11:34:28.000Z,13216486,Admin (тех. аккаунт)
45011263,84180098,INSTAGRAM неразобранное,143,Закрыто и не реализовано,2026-06-23T11:34:28.000Z,13216486,Admin (тех. аккаунт)
45011181,84174870,Неразобранное,143,Закрыто и не реализовано,2026-06-23T11:34:28.000Z,13216486,Admin (тех. аккаунт)
45011077,84180098,INSTAGRAM неразобранное,143,Закрыто и не реализовано,2026-06-23T11:34:28.000Z,13216486,Admin (тех. аккаунт)
45011029,84180098,INSTAGRAM неразобранное,143,Закрыто и не реализовано,2026-06-23T11:34:28.000Z,13216486,Admin (тех. аккаунт)
45027147,84174870,Неразобранное,143,Закрыто и не реализовано,2026-06-23T11:34:27.000Z,13216486,Admin (тех. аккаунт)
45027129,84174870,Неразобранное,143,Закрыто и не реализовано,2026-06-23T11:34:27.000Z,13216486,Admin (тех. аккаунт)
45025063,84174870,Неразобранное,143,Закрыто и не реализовано,2026-06-23T11:34:27.000Z,13216486,Admin (тех. аккаунт)
45024305,84174870,Неразобранное,143,Закрыто и не реализовано,2026-06-23T11:34:27.000Z,13216486,Admin (тех. аккаунт)
45024703,84174870,Неразобранное,143,Закрыто и не реализовано,2026-06-23T11:34:27.000Z,13216486,Admin (тех. аккаунт)
45024017,84174870,Неразобранное,143,Закрыто и не реализовано,2026-06-23T11:34:26.000Z,13216486,Admin (тех. аккаунт)
45023751,84174870,Неразобранное,143,Закрыто и не реализовано,2026-06-23T11:34:26.000Z,13216486,Admin (тех. аккаунт)
45023741,84174870,Неразобранное,143,Закрыто и не реализовано,2026-06-23T11:34:26.000Z,13216486,Admin (тех. аккаунт)
45023615,84174870,Неразобранное,143,Закрыто и не реализовано,2026-06-23T11:34:26.000Z,13216486,Admin (тех. аккаунт)
45023543,84174870,Неразобранное,143,Закрыто и не реализовано,2026-06-23T11:34:25.000Z,13216486,Admin (тех. аккаунт)
45023307,84174870,Неразобранное,143,Закрыто и не реализовано,2026-06-23T11:34:25.000Z,13216486,Admin (тех. аккаунт)
45023221,84174870,Неразобранное,143,Закрыто и не реализовано,2026-06-23T11:34:25.000Z,13216486,Admin (тех. аккаунт)
45023283,84174870,Неразобранное,143,Закрыто и не реализовано,2026-06-23T11:34:25.000Z,13216486,Admin (тех. аккаунт)
45023243,84174870,Неразобранное,143,Закрыто и не реализовано,2026-06-23T11:34:25.000Z,13216486,Admin (тех. аккаунт)
45023203,84174870,Неразобранное,143,Закрыто и не реализовано,2026-06-23T11:34:24.000Z,13216486,Admin (тех. аккаунт)
45023137,84174870,Неразобранное,143,Закрыто и не реализовано,2026-06-23T11:34:24.000Z,13216486,Admin (тех. аккаунт)
45022985,84174870,Неразобранное,143,Закрыто и не реализовано,2026-06-23T11:34:24.000Z,13216486,Admin (тех. аккаунт)
45022973,84174870,Неразобранное,143,Закрыто и не реализовано,2026-06-23T11:34:24.000Z,13216486,Admin (тех. аккаунт)
45022821,84174870,Неразобранное,143,Закрыто и не реализовано,2026-06-23T11:34:23.000Z,13216486,Admin (тех. аккаунт)
45022805,84174870,Неразобранное,143,Закрыто и не реализовано,2026-06-23T11:34:23.000Z,13216486,Admin (тех. аккаунт)
45022797,84174870,Неразобранное,143,Закрыто и не реализовано,2026-06-23T11:34:23.000Z,13216486,Admin (тех. аккаунт)
45022611,84174870,Неразобранное,143,Закрыто и не реализовано,2026-06-23T11:34:23.000Z,13216486,Admin (тех. аккаунт)
45022525,84174870,Неразобранное,143,Закрыто и не реализовано,2026-06-23T11:34:22.000Z,13216486,Admin (тех. аккаунт)
45022453,84174870,Неразобранное,143,Закрыто и не реализовано,2026-06-23T11:34:22.000Z,13216486,Admin (тех. аккаунт)
45022411,84174870,Неразобранное,143,Закрыто и не реализовано,2026-06-23T11:34:22.000Z,13216486,Admin (тех. аккаунт)
45022291,84174870,Неразобранное,143,Закрыто и не реализовано,2026-06-23T11:34:22.000Z,13216486,Admin (тех. аккаунт)
45022157,84174870,Неразобранное,143,Закрыто и не реализовано,2026-06-23T11:34:21.000Z,13216486,Admin (тех. аккаунт)
45022017,84174870,Неразобранное,143,Закрыто и не реализовано,2026-06-23T11:34:21.000Z,13216486,Admin (тех. аккаунт)
45021873,84174870,Неразобранное,143,Закрыто и не реализовано,2026-06-23T11:34:21.000Z,13216486,Admin (тех. аккаунт)
45021783,84174870,Неразобранное,143,Закрыто и не реализовано,2026-06-23T11:34:21.000Z,13216486,Admin (тех. аккаунт)
45021711,84174870,Неразобранное,143,Закрыто и не реализовано,2026-06-23T11:34:21.000Z,13216486,Admin (тех. аккаунт)
45021675,84174870,Неразобранное,143,Закрыто и не реализовано,2026-06-23T11:34:20.000Z,13216486,Admin (тех. аккаунт)
45021413,84174870,Неразобранное,143,Закрыто и не реализовано,2026-06-23T11:34:20.000Z,13216486,Admin (тех. аккаунт)
45021399,84174870,Неразобранное,143,Закрыто и не реализовано,2026-06-23T11:34:20.000Z,13216486,Admin (тех. аккаунт)
45021337,84174870,Неразобранное,143,Закрыто и не реализовано,2026-06-23T11:34:20.000Z,13216486,Admin (тех. аккаунт)
45021299,84174870,Неразобранное,143,Закрыто и не реализовано,2026-06-23T11:34:19.000Z,13216486,Admin (тех. аккаунт)
45021277,84174870,Неразобранное,143,Закрыто и не реализовано,2026-06-23T11:34:19.000Z,13216486,Admin (тех. аккаунт)
45021187,84174870,Неразобранное,143,Закрыто и не реализовано,2026-06-23T11:34:19.000Z,13216486,Admin (тех. аккаунт)
45021117,84174870,Неразобранное,143,Закрыто и не реализовано,2026-06-23T11:34:19.000Z,13216486,Admin (тех. аккаунт)
45020999,84174870,Неразобранное,143,Закрыто и не реализовано,2026-06-23T11:34:18.000Z,13216486,Admin (тех. аккаунт)
45020937,84174870,Неразобранное,143,Закрыто и не реализовано,2026-06-23T11:34:18.000Z,13216486,Admin (тех. аккаунт)
45020889,84174870,Неразобранное,143,Закрыто и не реализовано,2026-06-23T11:34:18.000Z,13216486,Admin (тех. аккаунт)
45020705,84174870,Неразобранное,143,Закрыто и не реализовано,2026-06-23T11:34:18.000Z,13216486,Admin (тех. аккаунт)
45020447,84174870,Неразобранное,143,Закрыто и не реализовано,2026-06-23T11:34:17.000Z,13216486,Admin (тех. аккаунт)
45020325,84174870,Неразобранное,143,Закрыто и не реализовано,2026-06-23T11:34:17.000Z,13216486,Admin (тех. аккаунт)
45019689,84174870,Неразобранное,143,Закрыто и не реализовано,2026-06-23T11:34:17.000Z,13216486,Admin (тех. аккаунт)
45019685,84174870,Неразобранное,143,Закрыто и не реализовано,2026-06-23T11:34:17.000Z,13216486,Admin (тех. аккаунт)
45019627,84174870,Неразобранное,143,Закрыто и не реализовано,2026-06-23T11:34:16.000Z,13216486,Admin (тех. аккаунт)
45019487,84174870,Неразобранное,143,Закрыто и не реализовано,2026-06-23T11:34:16.000Z,13216486,Admin (тех. аккаунт)
45018365,84174870,Неразобранное,143,Закрыто и не реализовано,2026-06-23T11:34:16.000Z,13216486,Admin (тех. аккаунт)
45066017,84174870,Неразобранное,143,Закрыто и не реализовано,2026-06-23T11:34:15.000Z,13216486,Admin (тех. аккаунт)
45065903,84174870,Неразобранное,143,Закрыто и не реализовано,2026-06-23T11:34:15.000Z,13216486,Admin (тех. аккаунт)
45064819,84174870,Неразобранное,143,Закрыто и не реализовано,2026-06-23T11:34:15.000Z,13216486,Admin (тех. аккаунт)
45063439,84174870,Неразобранное,143,Закрыто и не реализовано,2026-06-23T11:34:15.000Z,13216486,Admin (тех. аккаунт)
45063157,84174870,Неразобранное,143,Закрыто и не реализовано,2026-06-23T11:34:14.000Z,13216486,Admin (тех. аккаунт)
45062703,84174870,Неразобранное,143,Закрыто и не реализовано,2026-06-23T11:34:14.000Z,13216486,Admin (тех. аккаунт)
45062425,84174870,Неразобранное,143,Закрыто и не реализовано,2026-06-23T11:34:14.000Z,13216486,Admin (тех. аккаунт)
45062001,84174870,Неразобранное,143,Закрыто и не реализовано,2026-06-23T11:34:14.000Z,13216486,Admin (тех. аккаунт)
45061899,84174870,Неразобранное,143,Закрыто и не реализовано,2026-06-23T11:34:13.000Z,13216486,Admin (тех. аккаунт)
45061481,84174870,Неразобранное,143,Закрыто и не реализовано,2026-06-23T11:34:13.000Z,13216486,Admin (тех. аккаунт)
45056061,84174870,Неразобранное,143,Закрыто и не реализовано,2026-06-23T11:34:13.000Z,13216486,Admin (тех. аккаунт)
45051965,84174870,Неразобранное,143,Закрыто и не реализовано,2026-06-23T11:34:13.000Z,13216486,Admin (тех. аккаунт)
45051765,84174870,Неразобранное,143,Закрыто и не реализовано,2026-06-23T11:34:12.000Z,13216486,Admin (тех. аккаунт)
45050915,84174870,Неразобранное,143,Закрыто и не реализовано,2026-06-23T11:34:12.000Z,13216486,Admin (тех. аккаунт)
45045833,84174870,Неразобранное,143,Закрыто и не реализовано,2026-06-23T11:34:12.000Z,13216486,Admin (тех. аккаунт)
45050523,84174870,Неразобранное,143,Закрыто и не реализовано,2026-06-23T11:34:12.000Z,13216486,Admin (тех. аккаунт)
45049901,84174870,Неразобранное,143,Закрыто и не реализовано,2026-06-23T11:34:12.000Z,13216486,Admin (тех. аккаунт)
45045663,84174870,Неразобранное,143,Закрыто и не реализовано,2026-06-23T11:34:11.000Z,13216486,Admin (тех. аккаунт)
45045039,84174870,Неразобранное,143,Закрыто и не реализовано,2026-06-23T11:34:11.000Z,13216486,Admin (тех. аккаунт)
45043613,84174870,Неразобранное,143,Закрыто и не реализовано,2026-06-23T11:34:11.000Z,13216486,Admin (тех. аккаунт)
45043175,84174870,Неразобранное,143,Закрыто и не реализовано,2026-06-23T11:34:11.000Z,13216486,Admin (тех. аккаунт)
45042629,84174870,Неразобранное,143,Закрыто и не реализовано,2026-06-23T11:34:10.000Z,13216486,Admin (тех. аккаунт)
45043127,84174870,Неразобранное,143,Закрыто и не реализовано,2026-06-23T11:34:10.000Z,13216486,Admin (тех. аккаунт)
45043113,84174870,Неразобранное,143,Закрыто и не реализовано,2026-06-23T11:34:10.000Z,13216486,Admin (тех. аккаунт)
45042777,84174870,Неразобранное,143,Закрыто и не реализовано,2026-06-23T11:34:10.000Z,13216486,Admin (тех. аккаунт)
45042335,84174870,Неразобранное,143,Закрыто и не реализовано,2026-06-23T11:34:09.000Z,13216486,Admin (тех. аккаунт)
45041471,84174870,Неразобранное,143,Закрыто и не реализовано,2026-06-23T11:34:09.000Z,13216486,Admin (тех. аккаунт)
45040979,84174870,Неразобранное,143,Закрыто и не реализовано,2026-06-23T11:34:09.000Z,13216486,Admin (тех. аккаунт)
45040363,84174870,Неразобранное,143,Закрыто и не реализовано,2026-06-23T11:34:08.000Z,13216486,Admin (тех. аккаунт)
45038169,84174870,Неразобранное,143,Закрыто и не реализовано,2026-06-23T11:34:08.000Z,13216486,Admin (тех. аккаунт)
45037263,84174870,Неразобранное,143,Закрыто и не реализовано,2026-06-23T11:34:08.000Z,13216486,Admin (тех. аккаунт)
45036549,84174870,Неразобранное,143,Закрыто и не реализовано,2026-06-23T11:34:08.000Z,13216486,Admin (тех. аккаунт)
45036359,84174870,Неразобранное,143,Закрыто и не реализовано,2026-06-23T11:34:07.000Z,13216486,Admin (тех. аккаунт)
45036085,84174870,Неразобранное,143,Закрыто и не реализовано,2026-06-23T11:34:07.000Z,13216486,Admin (тех. аккаунт)
45035651,84174870,Неразобранное,143,Закрыто и не реализовано,2026-06-23T11:34:07.000Z,13216486,Admin (тех. аккаунт)
45035291,84174870,Неразобранное,143,Закрыто и не реализовано,2026-06-23T11:34:07.000Z,13216486,Admin (тех. аккаунт)
45035215,84174870,Неразобранное,143,Закрыто и не реализовано,2026-06-23T11:34:06.000Z,13216486,Admin (тех. аккаунт)
45034659,84174870,Неразобранное,143,Закрыто и не реализовано,2026-06-23T11:34:06.000Z,13216486,Admin (тех. аккаунт)
45034535,84174870,Неразобранное,143,Закрыто и не реализовано,2026-06-23T11:34:06.000Z,13216486,Admin (тех. аккаунт)
45032917,84174870,Неразобранное,143,Закрыто и не реализовано,2026-06-23T11:34:06.000Z,13216486,Admin (тех. аккаунт)
45032791,84174870,Неразобранное,143,Закрыто и не реализовано,2026-06-23T11:34:06.000Z,13216486,Admin (тех. аккаунт)
45031599,84174870,Неразобранное,143,Закрыто и не реализовано,2026-06-23T11:34:05.000Z,13216486,Admin (тех. аккаунт)
45030233,84174870,Неразобранное,143,Закрыто и не реализовано,2026-06-23T11:34:05.000Z,13216486,Admin (тех. аккаунт)
45029861,84174870,Неразобранное,143,Закрыто и не реализовано,2026-06-23T11:34:05.000Z,13216486,Admin (тех. аккаунт)
45029847,84174870,Неразобранное,143,Закрыто и не реализовано,2026-06-23T11:34:04.000Z,13216486,Admin (тех. аккаунт)
45029237,84174870,Неразобранное,143,Закрыто и не реализовано,2026-06-23T11:34:04.000Z,13216486,Admin (тех. аккаунт)
45028767,84174870,Неразобранное,143,Закрыто и не реализовано,2026-06-23T11:34:04.000Z,13216486,Admin (тех. аккаунт)
45028143,84174870,Неразобранное,143,Закрыто и не реализовано,2026-06-23T11:34:04.000Z,13216486,Admin (тех. аккаунт)
45027603,84174870,Неразобранное,143,Закрыто и не реализовано,2026-06-23T11:34:04.000Z,13216486,Admin (тех. аккаунт)
45027245,84174870,Неразобранное,143,Закрыто и не реализовано,2026-06-23T11:34:03.000Z,13216486,Admin (тех. аккаунт)
45160231,84174870,Неразобранное,143,Закрыто и не реализовано,2026-06-23T11:34:03.000Z,13216486,Admin (тех. аккаунт)
45159723,84174870,Неразобранное,143,Закрыто и не реализовано,2026-06-23T11:34:02.000Z,13216486,Admin (тех. аккаунт)
45159199,84174870,Неразобранное,143,Закрыто и не реализовано,2026-06-23T11:34:02.000Z,13216486,Admin (тех. аккаунт)
45158459,84174870,Неразобранное,143,Закрыто и не реализовано,2026-06-23T11:34:02.000Z,13216486,Admin (тех. аккаунт)
45158563,84174870,Неразобранное,143,Закрыто и не реализовано,2026-06-23T11:34:02.000Z,13216486,Admin (тех. аккаунт)
45158381,84174870,Неразобранное,143,Закрыто и не реализовано,2026-06-23T11:34:01.000Z,13216486,Admin (тех. аккаунт)
45157511,84174870,Неразобранное,143,Закрыто и не реализовано,2026-06-23T11:34:01.000Z,13216486,Admin (тех. аккаунт)
45153925,84174870,Неразобранное,143,Закрыто и не реализовано,2026-06-23T11:34:00.000Z,13216486,Admin (тех. аккаунт)
45151981,84174870,Неразобранное,143,Закрыто и не реализовано,2026-06-23T11:34:00.000Z,13216486,Admin (тех. аккаунт)
45151945,84174870,Неразобранное,143,Закрыто и не реализовано,2026-06-23T11:34:00.000Z,13216486,Admin (тех. аккаунт)
45148967,84174870,Неразобранное,143,Закрыто и не реализовано,2026-06-23T11:34:00.000Z,13216486,Admin (тех. аккаунт)
45147825,84174870,Неразобранное,143,Закрыто и не реализовано,2026-06-23T11:33:59.000Z,13216486,Admin (тех. аккаунт)
45144627,84174870,Неразобранное,143,Закрыто и не реализовано,2026-06-23T11:33:59.000Z,13216486,Admin (тех. аккаунт)
45144459,84174870,Неразобранное,143,Закрыто и не реализовано,2026-06-23T11:33:59.000Z,13216486,Admin (тех. аккаунт)
45144329,84174870,Неразобранное,143,Закрыто и не реализовано,2026-06-23T11:33:59.000Z,13216486,Admin (тех. аккаунт)
45142133,84174870,Неразобранное,143,Закрыто и не реализовано,2026-06-23T11:33:59.000Z,13216486,Admin (тех. аккаунт)
45144021,84174870,Неразобранное,143,Закрыто и не реализовано,2026-06-23T11:33:59.000Z,13216486,Admin (тех. аккаунт)
45141925,84174870,Неразобранное,143,Закрыто и не реализовано,2026-06-23T11:33:58.000Z,13216486,Admin (тех. аккаунт)
45139839,84174870,Неразобранное,143,Закрыто и не реализовано,2026-06-23T11:33:58.000Z,13216486,Admin (тех. аккаунт)
45139745,84174870,Неразобранное,143,Закрыто и не реализовано,2026-06-23T11:33:58.000Z,13216486,Admin (тех. аккаунт)
45138457,84174870,Неразобранное,143,Закрыто и не реализовано,2026-06-23T11:33:58.000Z,13216486,Admin (тех. аккаунт)
45134511,84174870,Неразобранное,143,Закрыто и не реализовано,2026-06-23T11:33:57.000Z,13216486,Admin (тех. аккаунт)
45134223,84174870,Неразобранное,143,Закрыто и не реализовано,2026-06-23T11:33:57.000Z,13216486,Admin (тех. аккаунт)
45133945,84174870,Неразобранное,143,Закрыто и не реализовано,2026-06-23T11:33:57.000Z,13216486,Admin (тех. аккаунт)
45129263,84174870,Неразобранное,143,Закрыто и не реализовано,2026-06-23T11:33:57.000Z,13216486,Admin (тех. аккаунт)
45129079,84174870,Неразобранное,143,Закрыто и не реализовано,2026-06-23T11:33:56.000Z,13216486,Admin (тех. аккаунт)
45128289,84174870,Неразобранное,143,Закрыто и не реализовано,2026-06-23T11:33:56.000Z,13216486,Admin (тех. аккаунт)
45124895,84174870,Неразобранное,143,Закрыто и не реализовано,2026-06-23T11:33:56.000Z,13216486,Admin (тех. аккаунт)
45123249,84174870,Неразобранное,143,Закрыто и не реализовано,2026-06-23T11:33:55.000Z,13216486,Admin (тех. аккаунт)
45123135,84174870,Неразобранное,143,Закрыто и не реализовано,2026-06-23T11:33:55.000Z,13216486,Admin (тех. аккаунт)
45122299,84174870,Неразобранное,143,Закрыто и не реализовано,2026-06-23T11:33:55.000Z,13216486,Admin (тех. аккаунт)
45110503,84174870,Неразобранное,143,Закрыто и не реализовано,2026-06-23T11:33:54.000Z,13216486,Admin (тех. аккаунт)
45102193,84174870,Неразобранное,143,Закрыто и не реализовано,2026-06-23T11:33:54.000Z,13216486,Admin (тех. аккаунт)
45085685,84174870,Неразобранное,143,Закрыто и не реализовано,2026-06-23T11:33:54.000Z,13216486,Admin (тех. аккаунт)
45085505,84174870,Неразобранное,143,Закрыто и не реализовано,2026-06-23T11:33:54.000Z,13216486,Admin (тех. аккаунт)
45082023,84174870,Неразобранное,143,Закрыто и не реализовано,2026-06-23T11:33:54.000Z,13216486,Admin (тех. аккаунт)
45080429,84174870,Неразобранное,143,Закрыто и не реализовано,2026-06-23T11:33:53.000Z,13216486,Admin (тех. аккаунт)
45078957,84174870,Неразобранное,143,Закрыто и не реализовано,2026-06-23T11:33:53.000Z,13216486,Admin (тех. аккаунт)
45078641,84174870,Неразобранное,143,Закрыто и не реализовано,2026-06-23T11:33:53.000Z,13216486,Admin (тех. аккаунт)
45077785,84174870,Неразобранное,143,Закрыто и не реализовано,2026-06-23T11:33:53.000Z,13216486,Admin (тех. аккаунт)
45076699,84174870,Неразобранное,143,Закрыто и не реализовано,2026-06-23T11:33:52.000Z,13216486,Admin (тех. аккаунт)
45074299,84174870,Неразобранное,143,Закрыто и не реализовано,2026-06-23T11:33:52.000Z,13216486,Admin (тех. аккаунт)
45076695,84174870,Неразобранное,143,Закрыто и не реализовано,2026-06-23T11:33:52.000Z,13216486,Admin (тех. аккаунт)
45075839,84174870,Неразобранное,143,Закрыто и не реализовано,2026-06-23T11:33:52.000Z,13216486,Admin (тех. аккаунт)
45075807,84174870,Неразобранное,143,Закрыто и не реализовано,2026-06-23T11:33:52.000Z,13216486,Admin (тех. аккаунт)
45075513,84174870,Неразобранное,143,Закрыто и не реализовано,2026-06-23T11:33:52.000Z,13216486,Admin (тех. аккаунт)
45073973,84174870,Неразобранное,143,Закрыто и не реализовано,2026-06-23T11:33:51.000Z,13216486,Admin (тех. аккаунт)
45073919,84174870,Неразобранное,143,Закрыто и не реализовано,2026-06-23T11:33:51.000Z,13216486,Admin (тех. аккаунт)
45069155,84174870,Неразобранное,143,Закрыто и не реализовано,2026-06-23T11:33:51.000Z,13216486,Admin (тех. аккаунт)
45068995,84174870,Неразобранное,143,Закрыто и не реализовано,2026-06-23T11:33:51.000Z,13216486,Admin (тех. аккаунт)
40855401,84180098,INSTAGRAM неразобранное,143,Закрыто и не реализовано,2026-06-23T11:25:51.000Z,11222214,CRMCHef админ
40855231,84180098,INSTAGRAM неразобранное,143,Закрыто и не реализовано,2026-06-23T11:25:51.000Z,11222214,CRMCHef админ
40854149,84180098,INSTAGRAM неразобранное,143,Закрыто и не реализовано,2026-06-23T11:25:51.000Z,11222214,CRMCHef админ
40852743,84180098,INSTAGRAM неразобранное,143,Закрыто и не реализовано,2026-06-23T11:25:51.000Z,11222214,CRMCHef админ
40843367,84180098,INSTAGRAM неразобранное,143,Закрыто и не реализовано,2026-06-23T11:25:51.000Z,11222214,CRMCHef админ
40838761,84180098,INSTAGRAM неразобранное,143,Закрыто и не реализовано,2026-06-23T11:25:51.000Z,11222214,CRMCHef админ
40836353,84180098,INSTAGRAM неразобранное,143,Закрыто и не реализовано,2026-06-23T11:25:51.000Z,11222214,CRMCHef админ
40833683,84180098,INSTAGRAM неразобранное,143,Закрыто и не реализовано,2026-06-23T11:25:51.000Z,11222214,CRMCHef админ
40832647,84180098,INSTAGRAM неразобранное,143,Закрыто и не реализовано,2026-06-23T11:25:51.000Z,11222214,CRMCHef админ
40832543,84180098,INSTAGRAM неразобранное,143,Закрыто и не реализовано,2026-06-23T11:25:51.000Z,11222214,CRMCHef админ
40832461,84180098,INSTAGRAM неразобранное,143,Закрыто и не реализовано,2026-06-23T11:25:50.000Z,11222214,CRMCHef админ
40820833,84180098,INSTAGRAM неразобранное,143,Закрыто и не реализовано,2026-06-23T11:25:50.000Z,11222214,CRMCHef админ
40819439,84180098,INSTAGRAM неразобранное,143,Закрыто и не реализовано,2026-06-23T11:25:50.000Z,11222214,CRMCHef админ
40807719,84180098,INSTAGRAM неразобранное,143,Закрыто и не реализовано,2026-06-23T11:25:50.000Z,11222214,CRMCHef админ
40817427,84180098,INSTAGRAM неразобранное,143,Закрыто и не реализовано,2026-06-23T11:25:50.000Z,11222214,CRMCHef админ
40816875,84180098,INSTAGRAM неразобранное,143,Закрыто и не реализовано,2026-06-23T11:25:50.000Z,11222214,CRMCHef админ
40813607,84180098,INSTAGRAM неразобранное,143,Закрыто и не реализовано,2026-06-23T11:25:50.000Z,11222214,CRMCHef админ
40812045,84180098,INSTAGRAM неразобранное,143,Закрыто и не реализовано,2026-06-23T11:25:50.000Z,11222214,CRMCHef админ
40811065,84180098,INSTAGRAM неразобранное,143,Закрыто и не реализовано,2026-06-23T11:25:50.000Z,11222214,CRMCHef админ
40808015,84180098,INSTAGRAM неразобранное,143,Закрыто и не реализовано,2026-06-23T11:25:50.000Z,11222214,CRMCHef админ
40807895,84180098,INSTAGRAM неразобранное,143,Закрыто и не реализовано,2026-06-23T11:25:50.000Z,11222214,CRMCHef админ
40807771,84180098,INSTAGRAM неразобранное,143,Закрыто и не реализовано,2026-06-23T11:25:50.000Z,11222214,CRMCHef админ
40807485,84180098,INSTAGRAM неразобранное,143,Закрыто и не реализовано,2026-06-23T11:25:50.000Z,11222214,CRMCHef админ
40807463,84180098,INSTAGRAM неразобранное,143,Закрыто и не реализовано,2026-06-23T11:25:49.000Z,11222214,CRMCHef админ
40807147,84180098,INSTAGRAM неразобранное,143,Закрыто и не реализовано,2026-06-23T11:25:49.000Z,11222214,CRMCHef админ
40806389,84180098,INSTAGRAM неразобранное,143,Закрыто и не реализовано,2026-06-23T11:25:49.000Z,11222214,CRMCHef админ
40806081,84180098,INSTAGRAM неразобранное,143,Закрыто и не реализовано,2026-06-23T11:25:49.000Z,11222214,CRMCHef админ
40805327,84180098,INSTAGRAM неразобранное,143,Закрыто и не реализовано,2026-06-23T11:25:49.000Z,11222214,CRMCHef админ
40801899,84180098,INSTAGRAM неразобранное,143,Закрыто и не реализовано,2026-06-23T11:25:49.000Z,11222214,CRMCHef админ
40801777,84180098,INSTAGRAM неразобранное,143,Закрыто и не реализовано,2026-06-23T11:25:49.000Z,11222214,CRMCHef админ
40791193,84180098,INSTAGRAM неразобранное,143,Закрыто и не реализовано,2026-06-23T11:25:49.000Z,11222214,CRMCHef админ
40801715,84180098,INSTAGRAM неразобранное,143,Закрыто и не реализовано,2026-06-23T11:25:49.000Z,11222214,CRMCHef админ
40801653,84180098,INSTAGRAM неразобранное,143,Закрыто и не реализовано,2026-06-23T11:25:49.000Z,11222214,CRMCHef админ
40801595,84180098,INSTAGRAM неразобранное,143,Закрыто и не реализовано,2026-06-23T11:25:49.000Z,11222214,CRMCHef админ
40797917,84180098,INSTAGRAM неразобранное,143,Закрыто и не реализовано,2026-06-23T11:25:49.000Z,11222214,CRMCHef админ
40796243,84180098,INSTAGRAM неразобранное,143,Закрыто и не реализовано,2026-06-23T11:25:49.000Z,11222214,CRMCHef админ
40793777,84180098,INSTAGRAM неразобранное,143,Закрыто и не реализовано,2026-06-23T11:25:49.000Z,11222214,CRMCHef админ
40793621,84180098,INSTAGRAM неразобранное,143,Закрыто и не реализовано,2026-06-23T11:25:49.000Z,11222214,CRMCHef админ
40781711,84180098,INSTAGRAM неразобранное,143,Закрыто и не реализовано,2026-06-23T11:25:48.000Z,11222214,CRMCHef админ
40776179,84180098,INSTAGRAM неразобранное,143,Закрыто и не реализовано,2026-06-23T11:25:48.000Z,11222214,CRMCHef админ
40760283,84180098,INSTAGRAM неразобранное,143,Закрыто и не реализовано,2026-06-23T11:25:48.000Z,11222214,CRMCHef админ
40759971,84180098,INSTAGRAM неразобранное,143,Закрыто и не реализовано,2026-06-23T11:25:48.000Z,11222214,CRMCHef админ
40942565,84180098,INSTAGRAM неразобранное,143,Закрыто и не реализовано,2026-06-23T11:25:48.000Z,11222214,CRMCHef админ
40759781,84180098,INSTAGRAM неразобранное,143,Закрыто и не реализовано,2026-06-23T11:25:48.000Z,11222214,CRMCHef админ
40759609,84180098,INSTAGRAM неразобранное,143,Закрыто и не реализовано,2026-06-23T11:25:48.000Z,11222214,CRMCHef админ
40757617,84180098,INSTAGRAM неразобранное,143,Закрыто и не реализовано,2026-06-23T11:25:48.000Z,11222214,CRMCHef админ
40947331,84180098,INSTAGRAM неразобранное,143,Закрыто и не реализовано,2026-06-23T11:25:48.000Z,11222214,CRMCHef админ
40938589,84180098,INSTAGRAM неразобранное,143,Закрыто и не реализовано,2026-06-23T11:25:48.000Z,11222214,CRMCHef админ
40945079,84180098,INSTAGRAM неразобранное,143,Закрыто и не реализовано,2026-06-23T11:25:48.000Z,11222214,CRMCHef админ
40938273,84180098,INSTAGRAM неразобранное,143,Закрыто и не реализовано,2026-06-23T11:25:47.000Z,11222214,CRMCHef админ
40935861,84180098,INSTAGRAM неразобранное,143,Закрыто и не реализовано,2026-06-23T11:25:47.000Z,11222214,CRMCHef админ
40935719,84180098,INSTAGRAM неразобранное,143,Закрыто и не реализовано,2026-06-23T11:25:47.000Z,11222214,CRMCHef админ
40934269,84180098,INSTAGRAM неразобранное,143,Закрыто и не реализовано,2026-06-23T11:25:47.000Z,11222214,CRMCHef админ
40934173,84180098,INSTAGRAM неразобранное,143,Закрыто и не реализовано,2026-06-23T11:25:47.000Z,11222214,CRMCHef админ
40934045,84180098,INSTAGRAM неразобранное,143,Закрыто и не реализовано,2026-06-23T11:25:47.000Z,11222214,CRMCHef админ
40933955,84180098,INSTAGRAM неразобранное,143,Закрыто и не реализовано,2026-06-23T11:25:47.000Z,11222214,CRMCHef админ
40933861,84180098,INSTAGRAM неразобранное,143,Закрыто и не реализовано,2026-06-23T11:25:47.000Z,11222214,CRMCHef админ
40933721,84180098,INSTAGRAM неразобранное,143,Закрыто и не реализовано,2026-06-23T11:25:47.000Z,11222214,CRMCHef админ
40933589,84180098,INSTAGRAM неразобранное,143,Закрыто и не реализовано,2026-06-23T11:25:47.000Z,11222214,CRMCHef админ
40933443,84180098,INSTAGRAM неразобранное,143,Закрыто и не реализовано,2026-06-23T11:25:47.000Z,11222214,CRMCHef админ
40933411,84180098,INSTAGRAM неразобранное,143,Закрыто и не реализовано,2026-06-23T11:25:47.000Z,11222214,CRMCHef админ
40933159,84180098,INSTAGRAM неразобранное,143,Закрыто и не реализовано,2026-06-23T11:25:47.000Z,11222214,CRMCHef админ
40932741,84180098,INSTAGRAM неразобранное,143,Закрыто и не реализовано,2026-06-23T11:25:47.000Z,11222214,CRMCHef админ
40931265,84180098,INSTAGRAM неразобранное,143,Закрыто и не реализовано,2026-06-23T11:25:46.000Z,11222214,CRMCHef админ
40930437,84180098,INSTAGRAM неразобранное,143,Закрыто и не реализовано,2026-06-23T11:25:46.000Z,11222214,CRMCHef админ
40929957,84180098,INSTAGRAM неразобранное,143,Закрыто и не реализовано,2026-06-23T11:25:46.000Z,11222214,CRMCHef админ
40929063,84180098,INSTAGRAM неразобранное,143,Закрыто и не реализовано,2026-06-23T11:25:46.000Z,11222214,CRMCHef админ
40928525,84180098,INSTAGRAM неразобранное,143,Закрыто и не реализовано,2026-06-23T11:25:46.000Z,11222214,CRMCHef админ
40928515,84180098,INSTAGRAM неразобранное,143,Закрыто и не реализовано,2026-06-23T11:25:46.000Z,11222214,CRMCHef админ
40928049,84180098,INSTAGRAM неразобранное,143,Закрыто и не реализовано,2026-06-23T11:25:46.000Z,11222214,CRMCHef админ
40927197,84180098,INSTAGRAM неразобранное,143,Закрыто и не реализовано,2026-06-23T11:25:46.000Z,11222214,CRMCHef админ
40926517,84180098,INSTAGRAM неразобранное,143,Закрыто и не реализовано,2026-06-23T11:25:46.000Z,11222214,CRMCHef админ
40923733,84180098,INSTAGRAM неразобранное,143,Закрыто и не реализовано,2026-06-23T11:25:46.000Z,11222214,CRMCHef админ
40923319,84180098,INSTAGRAM неразобранное,143,Закрыто и не реализовано,2026-06-23T11:25:45.000Z,11222214,CRMCHef админ
40923171,84180098,INSTAGRAM неразобранное,143,Закрыто и не реализовано,2026-06-23T11:25:45.000Z,11222214,CRMCHef админ
40919367,84180098,INSTAGRAM неразобранное,143,Закрыто и не реализовано,2026-06-23T11:25:45.000Z,11222214,CRMCHef админ
40921723,84180098,INSTAGRAM неразобранное,143,Закрыто и не реализовано,2026-06-23T11:25:45.000Z,11222214,CRMCHef админ
40918819,84180098,INSTAGRAM неразобранное,143,Закрыто и не реализовано,2026-06-23T11:25:45.000Z,11222214,CRMCHef админ
40918175,84180098,INSTAGRAM неразобранное,143,Закрыто и не реализовано,2026-06-23T11:25:45.000Z,11222214,CRMCHef админ
40907605,84180098,INSTAGRAM неразобранное,143,Закрыто и не реализовано,2026-06-23T11:25:45.000Z,11222214,CRMCHef админ
40915213,84180098,INSTAGRAM неразобранное,143,Закрыто и не реализовано,2026-06-23T11:25:45.000Z,11222214,CRMCHef админ
40912593,84180098,INSTAGRAM неразобранное,143,Закрыто и не реализовано,2026-06-23T11:25:45.000Z,11222214,CRMCHef админ
40909169,84180098,INSTAGRAM неразобранное,143,Закрыто и не реализовано,2026-06-23T11:25:45.000Z,11222214,CRMCHef админ
40908897,84180098,INSTAGRAM неразобранное,143,Закрыто и не реализовано,2026-06-23T11:25:45.000Z,11222214,CRMCHef админ
40908377,84180098,INSTAGRAM неразобранное,143,Закрыто и не реализовано,2026-06-23T11:25:45.000Z,11222214,CRMCHef админ
40907371,84180098,INSTAGRAM неразобранное,143,Закрыто и не реализовано,2026-06-23T11:25:45.000Z,11222214,CRMCHef админ
40908189,84180098,INSTAGRAM неразобранное,143,Закрыто и не реализовано,2026-06-23T11:25:45.000Z,11222214,CRMCHef админ
40899253,84180098,INSTAGRAM неразобранное,143,Закрыто и не реализовано,2026-06-23T11:25:44.000Z,11222214,CRMCHef админ
40898371,84180098,INSTAGRAM неразобранное,143,Закрыто и не реализовано,2026-06-23T11:25:44.000Z,11222214,CRMCHef админ
40897893,84180098,INSTAGRAM неразобранное,143,Закрыто и не реализовано,2026-06-23T11:25:44.000Z,11222214,CRMCHef админ
41039985,84180098,INSTAGRAM неразобранное,143,Закрыто и не реализовано,2026-06-23T11:25:44.000Z,11222214,CRMCHef админ
40896347,84180098,INSTAGRAM неразобранное,143,Закрыто и не реализовано,2026-06-23T11:25:44.000Z,11222214,CRMCHef админ
40895371,84180098,INSTAGRAM неразобранное,143,Закрыто и не реализовано,2026-06-23T11:25:44.000Z,11222214,CRMCHef админ
40895093,84180098,INSTAGRAM неразобранное,143,Закрыто и не реализовано,2026-06-23T11:25:44.000Z,11222214,CRMCHef админ
40876048,84180098,INSTAGRAM неразобранное,143,Закрыто и не реализовано,2026-06-23T11:25:44.000Z,11222214,CRMCHef админ
40859495,84180098,INSTAGRAM неразобранное,143,Закрыто и не реализовано,2026-06-23T11:25:44.000Z,11222214,CRMCHef админ
41032649,84180098,INSTAGRAM неразобранное,143,Закрыто и не реализовано,2026-06-23T11:25:44.000Z,11222214,CRMCHef админ
41044773,84180098,INSTAGRAM неразобранное,143,Закрыто и не реализовано,2026-06-23T11:25:44.000Z,11222214,CRMCHef админ
41042841,84180098,INSTAGRAM неразобранное,143,Закрыто и не реализовано,2026-06-23T11:25:44.000Z,11222214,CRMCHef админ
41031407,84180098,INSTAGRAM неразобранное,143,Закрыто и не реализовано,2026-06-23T11:25:43.000Z,11222214,CRMCHef админ
41029259,84180098,INSTAGRAM неразобранное,143,Закрыто и не реализовано,2026-06-23T11:25:43.000Z,11222214,CRMCHef админ
41025419,84180098,INSTAGRAM неразобранное,143,Закрыто и не реализовано,2026-06-23T11:25:43.000Z,11222214,CRMCHef админ
41008601,84180098,INSTAGRAM неразобранное,143,Закрыто и не реализовано,2026-06-23T11:25:43.000Z,11222214,CRMCHef админ
41024105,84180098,INSTAGRAM неразобранное,143,Закрыто и не реализовано,2026-06-23T11:25:43.000Z,11222214,CRMCHef админ
41024015,84180098,INSTAGRAM неразобранное,143,Закрыто и не реализовано,2026-06-23T11:25:43.000Z,11222214,CRMCHef админ
41023807,84180098,INSTAGRAM неразобранное,143,Закрыто и не реализовано,2026-06-23T11:25:43.000Z,11222214,CRMCHef админ
41023569,84180098,INSTAGRAM неразобранное,143,Закрыто и не реализовано,2026-06-23T11:25:43.000Z,11222214,CRMCHef админ
41008583,84180098,INSTAGRAM неразобранное,143,Закрыто и не реализовано,2026-06-23T11:25:43.000Z,11222214,CRMCHef админ
41023533,84180098,INSTAGRAM неразобранное,143,Закрыто и не реализовано,2026-06-23T11:25:43.000Z,11222214,CRMCHef админ
41022105,84180098,INSTAGRAM неразобранное,143,Закрыто и не реализовано,2026-06-23T11:25:43.000Z,11222214,CRMCHef админ
41021323,84180098,INSTAGRAM неразобранное,143,Закрыто и не реализовано,2026-06-23T11:25:43.000Z,11222214,CRMCHef админ
41021029,84180098,INSTAGRAM неразобранное,143,Закрыто и не реализовано,2026-06-23T11:25:43.000Z,11222214,CRMCHef админ
41017795,84180098,INSTAGRAM неразобранное,143,Закрыто и не реализовано,2026-06-23T11:25:43.000Z,11222214,CRMCHef админ
41017501,84180098,INSTAGRAM неразобранное,143,Закрыто и не реализовано,2026-06-23T11:25:43.000Z,11222214,CRMCHef админ
41015583,84180098,INSTAGRAM неразобранное,143,Закрыто и не реализовано,2026-06-23T11:25:43.000Z,11222214,CRMCHef админ
41008253,84180098,INSTAGRAM неразобранное,143,Закрыто и не реализовано,2026-06-23T11:25:42.000Z,11222214,CRMCHef админ
40996921,84180098,INSTAGRAM неразобранное,143,Закрыто и не реализовано,2026-06-23T11:25:42.000Z,11222214,CRMCHef админ
40985353,84180098,INSTAGRAM неразобранное,143,Закрыто и не реализовано,2026-06-23T11:25:42.000Z,11222214,CRMCHef админ
40978057,84180098,INSTAGRAM неразобранное,143,Закрыто и не реализовано,2026-06-23T11:25:42.000Z,11222214,CRMCHef админ
40987141,84180098,INSTAGRAM неразобранное,143,Закрыто и не реализовано,2026-06-23T11:25:42.000Z,11222214,CRMCHef админ
40977313,84180098,INSTAGRAM неразобранное,143,Закрыто и не реализовано,2026-06-23T11:25:42.000Z,11222214,CRMCHef админ
40972931,84180098,INSTAGRAM неразобранное,143,Закрыто и не реализовано,2026-06-23T11:25:42.000Z,11222214,CRMCHef админ
40972889,84180098,INSTAGRAM неразобранное,143,Закрыто и не реализовано,2026-06-23T11:25:42.000Z,11222214,CRMCHef админ
40972281,84180098,INSTAGRAM неразобранное,143,Закрыто и не реализовано,2026-06-23T11:25:42.000Z,11222214,CRMCHef админ
40970933,84180098,INSTAGRAM неразобранное,143,Закрыто и не реализовано,2026-06-23T11:25:42.000Z,11222214,CRMCHef админ
40970017,84180098,INSTAGRAM неразобранное,143,Закрыто и не реализовано,2026-06-23T11:25:42.000Z,11222214,CRMCHef админ
40965843,84180098,INSTAGRAM неразобранное,143,Закрыто и не реализовано,2026-06-23T11:25:41.000Z,11222214,CRMCHef админ
40951371,84180098,INSTAGRAM неразобранное,143,Закрыто и не реализовано,2026-06-23T11:25:41.000Z,11222214,CRMCHef админ
40964163,84180098,INSTAGRAM неразобранное,143,Закрыто и не реализовано,2026-06-23T11:25:41.000Z,11222214,CRMCHef админ
40963561,84180098,INSTAGRAM неразобранное,143,Закрыто и не реализовано,2026-06-23T11:25:41.000Z,11222214,CRMCHef админ
40959991,84180098,INSTAGRAM неразобранное,143,Закрыто и не реализовано,2026-06-23T11:25:41.000Z,11222214,CRMCHef админ
40955827,84180098,INSTAGRAM неразобранное,143,Закрыто и не реализовано,2026-06-23T11:25:41.000Z,11222214,CRMCHef админ
40953499,84180098,INSTAGRAM неразобранное,143,Закрыто и не реализовано,2026-06-23T11:25:41.000Z,11222214,CRMCHef админ
40953475,84180098,INSTAGRAM неразобранное,143,Закрыто и не реализовано,2026-06-23T11:25:41.000Z,11222214,CRMCHef админ
40953097,84180098,INSTAGRAM неразобранное,143,Закрыто и не реализовано,2026-06-23T11:25:41.000Z,11222214,CRMCHef админ
40952969,84180098,INSTAGRAM неразобранное,143,Закрыто и не реализовано,2026-06-23T11:25:41.000Z,11222214,CRMCHef админ
40952791,84180098,INSTAGRAM неразобранное,143,Закрыто и не реализовано,2026-06-23T11:25:41.000Z,11222214,CRMCHef админ
40951085,84180098,INSTAGRAM неразобранное,143,Закрыто и не реализовано,2026-06-23T11:25:41.000Z,11222214,CRMCHef админ
40952633,84180098,INSTAGRAM неразобранное,143,Закрыто и не реализовано,2026-06-23T11:25:41.000Z,11222214,CRMCHef админ
40952489,84180098,INSTAGRAM неразобранное,143,Закрыто и не реализовано,2026-06-23T11:25:41.000Z,11222214,CRMCHef админ
40952269,84180098,INSTAGRAM неразобранное,143,Закрыто и не реализовано,2026-06-23T11:25:41.000Z,11222214,CRMCHef админ
40952089,84180098,INSTAGRAM неразобранное,143,Закрыто и не реализовано,2026-06-23T11:25:41.000Z,11222214,CRMCHef админ
40950789,84180098,INSTAGRAM неразобранное,143,Закрыто и не реализовано,2026-06-23T11:25:40.000Z,11222214,CRMCHef админ
40949571,84180098,INSTAGRAM неразобранное,143,Закрыто и не реализовано,2026-06-23T11:25:40.000Z,11222214,CRMCHef админ
40947351,84180098,INSTAGRAM неразобранное,143,Закрыто и не реализовано,2026-06-23T11:25:40.000Z,11222214,CRMCHef админ
41099901,84180098,INSTAGRAM неразобранное,143,Закрыто и не реализовано,2026-06-23T11:25:40.000Z,11222214,CRMCHef админ
41092133,84180098,INSTAGRAM неразобранное,143,Закрыто и не реализовано,2026-06-23T11:25:40.000Z,11222214,CRMCHef админ
41097289,84180098,INSTAGRAM неразобранное,143,Закрыто и не реализовано,2026-06-23T11:25:40.000Z,11222214,CRMCHef админ
41092131,84180098,INSTAGRAM неразобранное,143,Закрыто и не реализовано,2026-06-23T11:25:40.000Z,11222214,CRMCHef админ
41096687,84180098,INSTAGRAM неразобранное,143,Закрыто и не реализовано,2026-06-23T11:25:40.000Z,11222214,CRMCHef админ
41093055,84180098,INSTAGRAM неразобранное,143,Закрыто и не реализовано,2026-06-23T11:25:40.000Z,11222214,CRMCHef админ
41085277,84180098,INSTAGRAM неразобранное,143,Закрыто и не реализовано,2026-06-23T11:25:39.000Z,11222214,CRMCHef админ
41090933,84180098,INSTAGRAM неразобранное,143,Закрыто и не реализовано,2026-06-23T11:25:39.000Z,11222214,CRMCHef админ
41089191,84180098,INSTAGRAM неразобранное,143,Закрыто и не реализовано,2026-06-23T11:25:39.000Z,11222214,CRMCHef админ
41089169,84180098,INSTAGRAM неразобранное,143,Закрыто и не реализовано,2026-06-23T11:25:39.000Z,11222214,CRMCHef админ
41088697,84180098,INSTAGRAM неразобранное,143,Закрыто и не реализовано,2026-06-23T11:25:39.000Z,11222214,CRMCHef админ
41087405,84180098,INSTAGRAM неразобранное,143,Закрыто и не реализовано,2026-06-23T11:25:39.000Z,11222214,CRMCHef админ
41087175,84180098,INSTAGRAM неразобранное,143,Закрыто и не реализовано,2026-06-23T11:25:39.000Z,11222214,CRMCHef админ
41084651,84180098,INSTAGRAM неразобранное,143,Закрыто и не реализовано,2026-06-23T11:25:39.000Z,11222214,CRMCHef админ
41083799,84180098,INSTAGRAM неразобранное,143,Закрыто и не реализовано,2026-06-23T11:25:39.000Z,11222214,CRMCHef админ
41086675,84180098,INSTAGRAM неразобранное,143,Закрыто и не реализовано,2026-06-23T11:25:39.000Z,11222214,CRMCHef админ
41086587,84180098,INSTAGRAM неразобранное,143,Закрыто и не реализовано,2026-06-23T11:25:39.000Z,11222214,CRMCHef админ
41086551,84180098,INSTAGRAM неразобранное,143,Закрыто и не реализовано,2026-06-23T11:25:39.000Z,11222214,CRMCHef админ
41085577,84180098,INSTAGRAM неразобранное,143,Закрыто и не реализовано,2026-06-23T11:25:39.000Z,11222214,CRMCHef админ
41081577,84180098,INSTAGRAM неразобранное,143,Закрыто и не реализовано,2026-06-23T11:25:38.000Z,11222214,CRMCHef админ
41079761,84180098,INSTAGRAM неразобранное,143,Закрыто и не реализовано,2026-06-23T11:25:38.000Z,11222214,CRMCHef админ
41079303,84180098,INSTAGRAM неразобранное,143,Закрыто и не реализовано,2026-06-23T11:25:38.000Z,11222214,CRMCHef админ
41066915,84180098,INSTAGRAM неразобранное,143,Закрыто и не реализовано,2026-06-23T11:25:38.000Z,11222214,CRMCHef админ
41079249,84180098,INSTAGRAM неразобранное,143,Закрыто и не реализовано,2026-06-23T11:25:38.000Z,11222214,CRMCHef админ
41075863,84180098,INSTAGRAM неразобранное,143,Закрыто и не реализовано,2026-06-23T11:25:38.000Z,11222214,CRMCHef админ
41075429,84180098,INSTAGRAM неразобранное,143,Закрыто и не реализовано,2026-06-23T11:25:38.000Z,11222214,CRMCHef админ
41074215,84180098,INSTAGRAM неразобранное,143,Закрыто и не реализовано,2026-06-23T11:25:38.000Z,11222214,CRMCHef админ
41073439,84180098,INSTAGRAM неразобранное,143,Закрыто и не реализовано,2026-06-23T11:25:38.000Z,11222214,CRMCHef админ
41072401,84180098,INSTAGRAM неразобранное,143,Закрыто и не реализовано,2026-06-23T11:25:38.000Z,11222214,CRMCHef админ
41069943,84180098,INSTAGRAM неразобранное,143,Закрыто и не реализовано,2026-06-23T11:25:38.000Z,11222214,CRMCHef админ
41066037,84180098,INSTAGRAM неразобранное,143,Закрыто и не реализовано,2026-06-23T11:25:38.000Z,11222214,CRMCHef админ
41068595,84180098,INSTAGRAM неразобранное,143,Закрыто и не реализовано,2026-06-23T11:25:38.000Z,11222214,CRMCHef админ
41064021,84180098,INSTAGRAM неразобранное,143,Закрыто и не реализовано,2026-06-23T11:25:37.000Z,11222214,CRMCHef админ
41062585,84180098,INSTAGRAM неразобранное,143,Закрыто и не реализовано,2026-06-23T11:25:37.000Z,11222214,CRMCHef админ
41061937,84180098,INSTAGRAM неразобранное,143,Закрыто и не реализовано,2026-06-23T11:25:37.000Z,11222214,CRMCHef админ
41061015,84180098,INSTAGRAM неразобранное,143,Закрыто и не реализовано,2026-06-23T11:25:37.000Z,11222214,CRMCHef админ
41060869,84180098,INSTAGRAM неразобранное,143,Закрыто и не реализовано,2026-06-23T11:25:37.000Z,11222214,CRMCHef админ
41060613,84180098,INSTAGRAM неразобранное,143,Закрыто и не реализовано,2026-06-23T11:25:37.000Z,11222214,CRMCHef админ
41060381,84180098,INSTAGRAM неразобранное,143,Закрыто и не реализовано,2026-06-23T11:25:37.000Z,11222214,CRMCHef админ
41060145,84180098,INSTAGRAM неразобранное,143,Закрыто и не реализовано,2026-06-23T11:25:37.000Z,11222214,CRMCHef админ
41059689,84180098,INSTAGRAM неразобранное,143,Закрыто и не реализовано,2026-06-23T11:25:37.000Z,11222214,CRMCHef админ
41059225,84180098,INSTAGRAM неразобранное,143,Закрыто и не реализовано,2026-06-23T11:25:37.000Z,11222214,CRMCHef админ
41058209,84180098,INSTAGRAM неразобранное,143,Закрыто и не реализовано,2026-06-23T11:25:37.000Z,11222214,CRMCHef админ
41057825,84180098,INSTAGRAM неразобранное,143,Закрыто и не реализовано,2026-06-23T11:25:37.000Z,11222214,CRMCHef админ
41057449,84180098,INSTAGRAM неразобранное,143,Закрыто и не реализовано,2026-06-23T11:25:36.000Z,11222214,CRMCHef админ
41057377,84180098,INSTAGRAM неразобранное,143,Закрыто и не реализовано,2026-06-23T11:25:36.000Z,11222214,CRMCHef админ
41055677,84180098,INSTAGRAM неразобранное,143,Закрыто и не реализовано,2026-06-23T11:25:36.000Z,11222214,CRMCHef админ
41052255,84180098,INSTAGRAM неразобранное,143,Закрыто и не реализовано,2026-06-23T11:25:36.000Z,11222214,CRMCHef админ
41051367,84180098,INSTAGRAM неразобранное,143,Закрыто и не реализовано,2026-06-23T11:25:36.000Z,11222214,CRMCHef админ
41051013,84180098,INSTAGRAM неразобранное,143,Закрыто и не реализовано,2026-06-23T11:25:36.000Z,11222214,CRMCHef админ
41149721,84180098,INSTAGRAM неразобранное,143,Закрыто и не реализовано,2026-06-23T11:25:36.000Z,11222214,CRMCHef админ
41148949,84180098,INSTAGRAM неразобранное,143,Закрыто и не реализовано,2026-06-23T11:25:36.000Z,11222214,CRMCHef админ
41148203,84180098,INSTAGRAM неразобранное,143,Закрыто и не реализовано,2026-06-23T11:25:36.000Z,11222214,CRMCHef админ
41147247,84180098,INSTAGRAM неразобранное,143,Закрыто и не реализовано,2026-06-23T11:25:36.000Z,11222214,CRMCHef админ
41146981,84180098,INSTAGRAM неразобранное,143,Закрыто и не реализовано,2026-06-23T11:25:35.000Z,11222214,CRMCHef админ
41146303,84180098,INSTAGRAM неразобранное,143,Закрыто и не реализовано,2026-06-23T11:25:35.000Z,11222214,CRMCHef админ
41146073,84180098,INSTAGRAM неразобранное,143,Закрыто и не реализовано,2026-06-23T11:25:35.000Z,11222214,CRMCHef админ
41146047,84180098,INSTAGRAM неразобранное,143,Закрыто и не реализовано,2026-06-23T11:25:35.000Z,11222214,CRMCHef админ
41137069,84180098,INSTAGRAM неразобранное,143,Закрыто и не реализовано,2026-06-23T11:25:35.000Z,11222214,CRMCHef админ
41144985,84180098,INSTAGRAM неразобранное,143,Закрыто и не реализовано,2026-06-23T11:25:35.000Z,11222214,CRMCHef админ
41143929,84180098,INSTAGRAM неразобранное,143,Закрыто и не реализовано,2026-06-23T11:25:35.000Z,11222214,CRMCHef админ
41143581,84180098,INSTAGRAM неразобранное,143,Закрыто и не реализовано,2026-06-23T11:25:35.000Z,11222214,CRMCHef админ
41142087,84180098,INSTAGRAM неразобранное,143,Закрыто и не реализовано,2026-06-23T11:25:35.000Z,11222214,CRMCHef админ
41141325,84180098,INSTAGRAM неразобранное,143,Закрыто и не реализовано,2026-06-23T11:25:35.000Z,11222214,CRMCHef админ
41140133,84180098,INSTAGRAM неразобранное,143,Закрыто и не реализовано,2026-06-23T11:25:35.000Z,11222214,CRMCHef админ
41139795,84180098,INSTAGRAM неразобранное,143,Закрыто и не реализовано,2026-06-23T11:25:35.000Z,11222214,CRMCHef админ
41137589,84180098,INSTAGRAM неразобранное,143,Закрыто и не реализовано,2026-06-23T11:25:35.000Z,11222214,CRMCHef админ
41136505,84180098,INSTAGRAM неразобранное,143,Закрыто и не реализовано,2026-06-23T11:25:34.000Z,11222214,CRMCHef админ
41136495,84180098,INSTAGRAM неразобранное,143,Закрыто и не реализовано,2026-06-23T11:25:34.000Z,11222214,CRMCHef админ
41136299,84180098,INSTAGRAM неразобранное,143,Закрыто и не реализовано,2026-06-23T11:25:34.000Z,11222214,CRMCHef админ
41136165,84180098,INSTAGRAM неразобранное,143,Закрыто и не реализовано,2026-06-23T11:25:34.000Z,11222214,CRMCHef админ
41135599,84180098,INSTAGRAM неразобранное,143,Закрыто и не реализовано,2026-06-23T11:25:34.000Z,11222214,CRMCHef админ
41135467,84180098,INSTAGRAM неразобранное,143,Закрыто и не реализовано,2026-06-23T11:25:34.000Z,11222214,CRMCHef админ
41134847,84180098,INSTAGRAM неразобранное,143,Закрыто и не реализовано,2026-06-23T11:25:34.000Z,11222214,CRMCHef админ
41133211,84180098,INSTAGRAM неразобранное,143,Закрыто и не реализовано,2026-06-23T11:25:34.000Z,11222214,CRMCHef админ
41126309,84180098,INSTAGRAM неразобранное,143,Закрыто и не реализовано,2026-06-23T11:25:34.000Z,11222214,CRMCHef админ
41132789,84180098,INSTAGRAM неразобранное,143,Закрыто и не реализовано,2026-06-23T11:25:34.000Z,11222214,CRMCHef админ
41128503,84180098,INSTAGRAM неразобранное,143,Закрыто и не реализовано,2026-06-23T11:25:34.000Z,11222214,CRMCHef админ
41127775,84180098,INSTAGRAM неразобранное,143,Закрыто и не реализовано,2026-06-23T11:25:34.000Z,11222214,CRMCHef админ
41127405,84180098,INSTAGRAM неразобранное,143,Закрыто и не реализовано,2026-06-23T11:25:34.000Z,11222214,CRMCHef админ
41126397,84180098,INSTAGRAM неразобранное,143,Закрыто и не реализовано,2026-06-23T11:25:34.000Z,11222214,CRMCHef админ
41126205,84180098,INSTAGRAM неразобранное,143,Закрыто и не реализовано,2026-06-23T11:25:33.000Z,11222214,CRMCHef админ
41113743,84180098,INSTAGRAM неразобранное,143,Закрыто и не реализовано,2026-06-23T11:25:33.000Z,11222214,CRMCHef админ
41125967,84180098,INSTAGRAM неразобранное,143,Закрыто и не реализовано,2026-06-23T11:25:33.000Z,11222214,CRMCHef админ
41125359,84180098,INSTAGRAM неразобранное,143,Закрыто и не реализовано,2026-06-23T11:25:33.000Z,11222214,CRMCHef админ
41123505,84180098,INSTAGRAM неразобранное,143,Закрыто и не реализовано,2026-06-23T11:25:33.000Z,11222214,CRMCHef админ
41121925,84180098,INSTAGRAM неразобранное,143,Закрыто и не реализовано,2026-06-23T11:25:33.000Z,11222214,CRMCHef админ
41111173,84180098,INSTAGRAM неразобранное,143,Закрыто и не реализовано,2026-06-23T11:25:33.000Z,11222214,CRMCHef админ
41121603,84180098,INSTAGRAM неразобранное,143,Закрыто и не реализовано,2026-06-23T11:25:33.000Z,11222214,CRMCHef админ
41108997,84180098,INSTAGRAM неразобранное,143,Закрыто и не реализовано,2026-06-23T11:25:33.000Z,11222214,CRMCHef админ
41121365,84180098,INSTAGRAM неразобранное,143,Закрыто и не реализовано,2026-06-23T11:25:33.000Z,11222214,CRMCHef админ
41121095,84180098,INSTAGRAM неразобранное,143,Закрыто и не реализовано,2026-06-23T11:25:33.000Z,11222214,CRMCHef админ
41118137,84180098,INSTAGRAM неразобранное,143,Закрыто и не реализовано,2026-06-23T11:25:33.000Z,11222214,CRMCHef админ
41117565,84180098,INSTAGRAM неразобранное,143,Закрыто и не реализовано,2026-06-23T11:25:33.000Z,11222214,CRMCHef админ
41115515,84180098,INSTAGRAM неразобранное,143,Закрыто и не реализовано,2026-06-23T11:25:33.000Z,11222214,CRMCHef админ
41114005,84180098,INSTAGRAM неразобранное,143,Закрыто и не реализовано,2026-06-23T11:25:33.000Z,11222214,CRMCHef админ
41108771,84180098,INSTAGRAM неразобранное,143,Закрыто и не реализовано,2026-06-23T11:25:32.000Z,11222214,CRMCHef админ
41105071,84180098,INSTAGRAM неразобранное,143,Закрыто и не реализовано,2026-06-23T11:25:32.000Z,11222214,CRMCHef админ
41216187,84180098,INSTAGRAM неразобранное,143,Закрыто и не реализовано,2026-06-23T11:25:32.000Z,11222214,CRMCHef админ
41104627,84180098,INSTAGRAM неразобранное,143,Закрыто и не реализовано,2026-06-23T11:25:32.000Z,11222214,CRMCHef админ
41104581,84180098,INSTAGRAM неразобранное,143,Закрыто и не реализовано,2026-06-23T11:25:32.000Z,11222214,CRMCHef админ
41216993,84180098,INSTAGRAM неразобранное,143,Закрыто и не реализовано,2026-06-23T11:25:32.000Z,11222214,CRMCHef админ
41215761,84180098,INSTAGRAM неразобранное,143,Закрыто и не реализовано,2026-06-23T11:25:32.000Z,11222214,CRMCHef админ
41216557,84180098,INSTAGRAM неразобранное,143,Закрыто и не реализовано,2026-06-23T11:25:32.000Z,11222214,CRMCHef админ
41216381,84180098,INSTAGRAM неразобранное,143,Закрыто и не реализовано,2026-06-23T11:25:32.000Z,11222214,CRMCHef админ
41215077,84180098,INSTAGRAM неразобранное,143,Закрыто и не реализовано,2026-06-23T11:25:31.000Z,11222214,CRMCHef админ
41214635,84180098,INSTAGRAM неразобранное,143,Закрыто и не реализовано,2026-06-23T11:25:31.000Z,11222214,CRMCHef админ
41214595,84180098,INSTAGRAM неразобранное,143,Закрыто и не реализовано,2026-06-23T11:25:31.000Z,11222214,CRMCHef админ
41213011,84180098,INSTAGRAM неразобранное,143,Закрыто и не реализовано,2026-06-23T11:25:31.000Z,11222214,CRMCHef админ
41212797,84180098,INSTAGRAM неразобранное,143,Закрыто и не реализовано,2026-06-23T11:25:31.000Z,11222214,CRMCHef админ
41212787,84180098,INSTAGRAM неразобранное,143,Закрыто и не реализовано,2026-06-23T11:25:31.000Z,11222214,CRMCHef админ
41212495,84180098,INSTAGRAM неразобранное,143,Закрыто и не реализовано,2026-06-23T11:25:31.000Z,11222214,CRMCHef админ
41212223,84180098,INSTAGRAM неразобранное,143,Закрыто и не реализовано,2026-06-23T11:25:31.000Z,11222214,CRMCHef админ
41212037,84180098,INSTAGRAM неразобранное,143,Закрыто и не реализовано,2026-06-23T11:25:31.000Z,11222214,CRMCHef админ
41211963,84180098,INSTAGRAM неразобранное,143,Закрыто и не реализовано,2026-06-23T11:25:31.000Z,11222214,CRMCHef админ
41211563,84180098,INSTAGRAM неразобранное,143,Закрыто и не реализовано,2026-06-23T11:25:31.000Z,11222214,CRMCHef админ
41211079,84180098,INSTAGRAM неразобранное,143,Закрыто и не реализовано,2026-06-23T11:25:31.000Z,11222214,CRMCHef админ
41204455,84180098,INSTAGRAM неразобранное,143,Закрыто и не реализовано,2026-06-23T11:25:30.000Z,11222214,CRMCHef админ
41204415,84180098,INSTAGRAM неразобранное,143,Закрыто и не реализовано,2026-06-23T11:25:30.000Z,11222214,CRMCHef админ
41203811,84180098,INSTAGRAM неразобранное,143,Закрыто и не реализовано,2026-06-23T11:25:30.000Z,11222214,CRMCHef админ
41203641,84180098,INSTAGRAM неразобранное,143,Закрыто и не реализовано,2026-06-23T11:25:30.000Z,11222214,CRMCHef админ
41187299,84180098,INSTAGRAM неразобранное,143,Закрыто и не реализовано,2026-06-23T11:25:30.000Z,11222214,CRMCHef админ
41203439,84180098,INSTAGRAM неразобранное,143,Закрыто и не реализовано,2026-06-23T11:25:30.000Z,11222214,CRMCHef админ
41203279,84180098,INSTAGRAM неразобранное,143,Закрыто и не реализовано,2026-06-23T11:25:30.000Z,11222214,CRMCHef админ
41193235,84180098,INSTAGRAM неразобранное,143,Закрыто и не реализовано,2026-06-23T11:25:30.000Z,11222214,CRMCHef админ
41191991,84180098,INSTAGRAM неразобранное,143,Закрыто и не реализовано,2026-06-23T11:25:30.000Z,11222214,CRMCHef админ
41191657,84180098,INSTAGRAM неразобранное,143,Закрыто и не реализовано,2026-06-23T11:25:30.000Z,11222214,CRMCHef админ
41191653,84180098,INSTAGRAM неразобранное,143,Закрыто и не реализовано,2026-06-23T11:25:30.000Z,11222214,CRMCHef админ
41187181,84180098,INSTAGRAM неразобранное,143,Закрыто и не реализовано,2026-06-23T11:25:30.000Z,11222214,CRMCHef админ
41190579,84180098,INSTAGRAM неразобранное,143,Закрыто и не реализовано,2026-06-23T11:25:30.000Z,11222214,CRMCHef админ
41188405,84180098,INSTAGRAM неразобранное,143,Закрыто и не реализовано,2026-06-23T11:25:30.000Z,11222214,CRMCHef админ
41186373,84180098,INSTAGRAM неразобранное,143,Закрыто и не реализовано,2026-06-23T11:25:29.000Z,11222214,CRMCHef админ
41185583,84180098,INSTAGRAM неразобранное,143,Закрыто и не реализовано,2026-06-23T11:25:29.000Z,11222214,CRMCHef админ
41182973,84180098,INSTAGRAM неразобранное,143,Закрыто и не реализовано,2026-06-23T11:25:29.000Z,11222214,CRMCHef админ
41176461,84180098,INSTAGRAM неразобранное,143,Закрыто и не реализовано,2026-06-23T11:25:29.000Z,11222214,CRMCHef админ
41174989,84180098,INSTAGRAM неразобранное,143,Закрыто и не реализовано,2026-06-23T11:25:29.000Z,11222214,CRMCHef админ
41174941,84180098,INSTAGRAM неразобранное,143,Закрыто и не реализовано,2026-06-23T11:25:29.000Z,11222214,CRMCHef админ
41172893,84180098,INSTAGRAM неразобранное,143,Закрыто и не реализовано,2026-06-23T11:25:29.000Z,11222214,CRMCHef админ
41159839,84180098,INSTAGRAM неразобранное,143,Закрыто и не реализовано,2026-06-23T11:25:29.000Z,11222214,CRMCHef админ
41168575,84180098,INSTAGRAM неразобранное,143,Закрыто и не реализовано,2026-06-23T11:25:29.000Z,11222214,CRMCHef админ
41166777,84180098,INSTAGRAM неразобранное,143,Закрыто и не реализовано,2026-06-23T11:25:29.000Z,11222214,CRMCHef админ
41161797,84180098,INSTAGRAM неразобранное,143,Закрыто и не реализовано,2026-06-23T11:25:29.000Z,11222214,CRMCHef админ
41157089,84180098,INSTAGRAM неразобранное,143,Закрыто и не реализовано,2026-06-23T11:25:29.000Z,11222214,CRMCHef админ
41161661,84180098,INSTAGRAM неразобранное,143,Закрыто и не реализовано,2026-06-23T11:25:29.000Z,11222214,CRMCHef админ
41161079,84180098,INSTAGRAM неразобранное,143,Закрыто и не реализовано,2026-06-23T11:25:29.000Z,11222214,CRMCHef админ
41156347,84180098,INSTAGRAM неразобранное,143,Закрыто и не реализовано,2026-06-23T11:25:28.000Z,11222214,CRMCHef админ
41156181,84180098,INSTAGRAM неразобранное,143,Закрыто и не реализовано,2026-06-23T11:25:28.000Z,11222214,CRMCHef админ
41155109,84180098,INSTAGRAM неразобранное,143,Закрыто и не реализовано,2026-06-23T11:25:28.000Z,11222214,CRMCHef админ
41154667,84180098,INSTAGRAM неразобранное,143,Закрыто и не реализовано,2026-06-23T11:25:28.000Z,11222214,CRMCHef админ
41152597,84180098,INSTAGRAM неразобранное,143,Закрыто и не реализовано,2026-06-23T11:25:28.000Z,11222214,CRMCHef админ
41301413,84180098,INSTAGRAM неразобранное,143,Закрыто и не реализовано,2026-06-23T11:25:28.000Z,11222214,CRMCHef админ
41306113,84180098,INSTAGRAM неразобранное,143,Закрыто и не реализовано,2026-06-23T11:25:28.000Z,11222214,CRMCHef админ
41305441,84180098,INSTAGRAM неразобранное,143,Закрыто и не реализовано,2026-06-23T11:25:28.000Z,11222214,CRMCHef админ
41302755,84180098,INSTAGRAM неразобранное,143,Закрыто и не реализовано,2026-06-23T11:25:28.000Z,11222214,CRMCHef админ
41301425,84180098,INSTAGRAM неразобранное,143,Закрыто и не реализовано,2026-06-23T11:25:28.000Z,11222214,CRMCHef админ
41300193,84180098,INSTAGRAM неразобранное,143,Закрыто и не реализовано,2026-06-23T11:25:27.000Z,11222214,CRMCHef админ
41279761,84180098,INSTAGRAM неразобранное,143,Закрыто и не реализовано,2026-06-23T11:25:27.000Z,11222214,CRMCHef админ
41279231,84180098,INSTAGRAM неразобранное,143,Закрыто и не реализовано,2026-06-23T11:25:27.000Z,11222214,CRMCHef админ
41271695,84180098,INSTAGRAM неразобранное,143,Закрыто и не реализовано,2026-06-23T11:25:27.000Z,11222214,CRMCHef админ
41266373,84180098,INSTAGRAM неразобранное,143,Закрыто и не реализовано,2026-06-23T11:25:27.000Z,11222214,CRMCHef админ
41271673,84180098,INSTAGRAM неразобранное,143,Закрыто и не реализовано,2026-06-23T11:25:27.000Z,11222214,CRMCHef админ
41269165,84180098,INSTAGRAM неразобранное,143,Закрыто и не реализовано,2026-06-23T11:25:27.000Z,11222214,CRMCHef админ
41268987,84180098,INSTAGRAM неразобранное,143,Закрыто и не реализовано,2026-06-23T11:25:27.000Z,11222214,CRMCHef админ
41268973,84180098,INSTAGRAM неразобранное,143,Закрыто и не реализовано,2026-06-23T11:25:27.000Z,11222214,CRMCHef админ
41268683,84180098,INSTAGRAM неразобранное,143,Закрыто и не реализовано,2026-06-23T11:25:27.000Z,11222214,CRMCHef админ
41268107,84180098,INSTAGRAM неразобранное,143,Закрыто и не реализовано,2026-06-23T11:25:27.000Z,11222214,CRMCHef админ
41267977,84180098,INSTAGRAM неразобранное,143,Закрыто и не реализовано,2026-06-23T11:25:27.000Z,11222214,CRMCHef админ
41267391,84180098,INSTAGRAM неразобранное,143,Закрыто и не реализовано,2026-06-23T11:25:27.000Z,11222214,CRMCHef админ
41266325,84180098,INSTAGRAM неразобранное,143,Закрыто и не реализовано,2026-06-23T11:25:27.000Z,11222214,CRMCHef админ
41266217,84180098,INSTAGRAM неразобранное,143,Закрыто и не реализовано,2026-06-23T11:25:26.000Z,11222214,CRMCHef админ
41264721,84180098,INSTAGRAM неразобранное,143,Закрыто и не реализовано,2026-06-23T11:25:26.000Z,11222214,CRMCHef админ
41261873,84180098,INSTAGRAM неразобранное,143,Закрыто и не реализовано,2026-06-23T11:25:26.000Z,11222214,CRMCHef админ
41261275,84180098,INSTAGRAM неразобранное,143,Закрыто и не реализовано,2026-06-23T11:25:26.000Z,11222214,CRMCHef админ
41260865,84180098,INSTAGRAM неразобранное,143,Закрыто и не реализовано,2026-06-23T11:25:26.000Z,11222214,CRMCHef админ
41247341,84180098,INSTAGRAM неразобранное,143,Закрыто и не реализовано,2026-06-23T11:25:26.000Z,11222214,CRMCHef админ
41260835,84180098,INSTAGRAM неразобранное,143,Закрыто и не реализовано,2026-06-23T11:25:26.000Z,11222214,CRMCHef админ
41252865,84180098,INSTAGRAM неразобранное,143,Закрыто и не реализовано,2026-06-23T11:25:26.000Z,11222214,CRMCHef админ
41252661,84180098,INSTAGRAM неразобранное,143,Закрыто и не реализовано,2026-06-23T11:25:26.000Z,11222214,CRMCHef админ
41251915,84180098,INSTAGRAM неразобранное,143,Закрыто и не реализовано,2026-06-23T11:25:26.000Z,11222214,CRMCHef админ
41245263,84180098,INSTAGRAM неразобранное,143,Закрыто и не реализовано,2026-06-23T11:25:25.000Z,11222214,CRMCHef админ
41227051,84180098,INSTAGRAM неразобранное,143,Закрыто и не реализовано,2026-06-23T11:25:25.000Z,11222214,CRMCHef админ
41245257,84180098,INSTAGRAM неразобранное,143,Закрыто и не реализовано,2026-06-23T11:25:25.000Z,11222214,CRMCHef админ
41242975,84180098,INSTAGRAM неразобранное,143,Закрыто и не реализовано,2026-06-23T11:25:25.000Z,11222214,CRMCHef админ
41242815,84180098,INSTAGRAM неразобранное,143,Закрыто и не реализовано,2026-06-23T11:25:25.000Z,11222214,CRMCHef админ
41239929,84180098,INSTAGRAM неразобранное,143,Закрыто и не реализовано,2026-06-23T11:25:25.000Z,11222214,CRMCHef админ
41235473,84180098,INSTAGRAM неразобранное,143,Закрыто и не реализовано,2026-06-23T11:25:25.000Z,11222214,CRMCHef админ
41234791,84180098,INSTAGRAM неразобранное,143,Закрыто и не реализовано,2026-06-23T11:25:25.000Z,11222214,CRMCHef админ
41234775,84180098,INSTAGRAM неразобранное,143,Закрыто и не реализовано,2026-06-23T11:25:25.000Z,11222214,CRMCHef админ
41231361,84180098,INSTAGRAM неразобранное,143,Закрыто и не реализовано,2026-06-23T11:25:25.000Z,11222214,CRMCHef админ
41228837,84180098,INSTAGRAM неразобранное,143,Закрыто и не реализовано,2026-06-23T11:25:25.000Z,11222214,CRMCHef админ
41225009,84180098,INSTAGRAM неразобранное,143,Закрыто и не реализовано,2026-06-23T11:25:24.000Z,11222214,CRMCHef админ
41222769,84180098,INSTAGRAM неразобранное,143,Закрыто и не реализовано,2026-06-23T11:25:24.000Z,11222214,CRMCHef админ
41222635,84180098,INSTAGRAM неразобранное,143,Закрыто и не реализовано,2026-06-23T11:25:24.000Z,11222214,CRMCHef админ
41221373,84180098,INSTAGRAM неразобранное,143,Закрыто и не реализовано,2026-06-23T11:25:24.000Z,11222214,CRMCHef админ
41220967,84180098,INSTAGRAM неразобранное,143,Закрыто и не реализовано,2026-06-23T11:25:24.000Z,11222214,CRMCHef админ
41218343,84180098,INSTAGRAM неразобранное,143,Закрыто и не реализовано,2026-06-23T11:25:24.000Z,11222214,CRMCHef админ
41217587,84180098,INSTAGRAM неразобранное,143,Закрыто и не реализовано,2026-06-23T11:25:24.000Z,11222214,CRMCHef админ
41217447,84180098,INSTAGRAM неразобранное,143,Закрыто и не реализовано,2026-06-23T11:25:24.000Z,11222214,CRMCHef админ
41217359,84180098,INSTAGRAM неразобранное,143,Закрыто и не реализовано,2026-06-23T11:25:24.000Z,11222214,CRMCHef админ
41217207,84180098,INSTAGRAM неразобранное,143,Закрыто и не реализовано,2026-06-23T11:25:23.000Z,11222214,CRMCHef админ
45126817,82313754,Неразобранное,86701234,Переговоры,2026-06-23T11:19:33.000Z,13268930,Комола (Rooftop hall)
45153001,82313754,Неразобранное,143,Закрыто и не реализовано,2026-06-23T11:18:25.000Z,13268930,Комола (Rooftop hall)
45149205,82313754,Неразобранное,143,Закрыто и не реализовано,2026-06-23T11:18:01.000Z,13268930,Комола (Rooftop hall)
45062247,82313754,Неразобранное,143,Закрыто и не реализовано,2026-06-23T11:13:59.000Z,13216486,Admin (тех. аккаунт)
44650699,82313754,Неразобранное,143,Закрыто и не реализовано,2026-06-23T11:07:02.000Z,13268930,Комола (Rooftop hall)
45143037,82313754,Неразобранное,143,Закрыто и не реализовано,2026-06-23T09:39:59.000Z,13268930,Комола (Rooftop hall)
44503839,82313754,Неразобранное,143,Закрыто и не реализовано,2026-06-23T08:17:37.000Z,13268930,Комола (Rooftop hall)
44503541,82313754,Неразобранное,143,Закрыто и не реализовано,2026-06-23T08:17:02.000Z,13268930,Комола (Rooftop hall)
44503453,82313754,Неразобранное,143,Закрыто и не реализовано,2026-06-23T08:16:28.000Z,13268930,Комола (Rooftop hall)
44500861,82313754,Неразобранное,143,Закрыто и не реализовано,2026-06-23T08:15:54.000Z,13268930,Комола (Rooftop hall)
44500815,82313754,Неразобранное,143,Закрыто и не реализовано,2026-06-23T08:15:04.000Z,13268930,Комола (Rooftop hall)
44497059,82313754,Неразобранное,143,Закрыто и не реализовано,2026-06-23T08:14:26.000Z,13268930,Комола (Rooftop hall)
44494867,82313754,Неразобранное,143,Закрыто и не реализовано,2026-06-23T08:13:54.000Z,13268930,Комола (Rooftop hall)
44491631,82313754,Неразобранное,143,Закрыто и не реализовано,2026-06-23T08:12:56.000Z,13268930,Комола (Rooftop hall)
44483757,82313754,Неразобранное,143,Закрыто и не реализовано,2026-06-23T08:12:10.000Z,13268930,Комола (Rooftop hall)
44482601,82313754,Неразобранное,143,Закрыто и не реализовано,2026-06-23T08:10:40.000Z,13268930,Комола (Rooftop hall)
44471985,82313754,Неразобранное,143,Закрыто и не реализовано,2026-06-23T08:09:30.000Z,13268930,Комола (Rooftop hall)
44470557,82313754,Неразобранное,143,Закрыто и не реализовано,2026-06-23T08:08:24.000Z,13268930,Комола (Rooftop hall)
44469031,82313754,Неразобранное,143,Закрыто и не реализовано,2026-06-23T08:07:35.000Z,13268930,Комола (Rooftop hall)
44466849,82313754,Неразобранное,143,Закрыто и не реализовано,2026-06-23T08:06:57.000Z,13268930,Комола (Rooftop hall)
44466187,82313754,Неразобранное,143,Закрыто и не реализовано,2026-06-23T08:04:37.000Z,13268930,Комола (Rooftop hall)
44444263,82313754,Неразобранное,143,Закрыто и не реализовано,2026-06-23T08:03:50.000Z,13268930,Комола (Rooftop hall)
44441293,82313754,Неразобранное,143,Закрыто и не реализовано,2026-06-23T08:03:06.000Z,13268930,Комола (Rooftop hall)
44437575,82313754,Неразобранное,143,Закрыто и не реализовано,2026-06-23T08:02:28.000Z,13268930,Комола (Rooftop hall)
44428133,82313754,Неразобранное,143,Закрыто и не реализовано,2026-06-23T08:01:33.000Z,13268930,Комола (Rooftop hall)
45134675,82313754,Неразобранное,143,Закрыто и не реализовано,2026-06-23T05:42:52.000Z,13268930,Комола (Rooftop hall)
44675263,82313754,Неразобранное,143,Закрыто и не реализовано,2026-06-22T10:36:37.000Z,13268930,Комола (Rooftop hall)
44439207,82313754,Неразобранное,143,Закрыто и не реализовано,2026-06-22T10:36:01.000Z,13268930,Комола (Rooftop hall)
44534589,82313754,Неразобранное,143,Закрыто и не реализовано,2026-06-22T10:35:01.000Z,13268930,Комола (Rooftop hall)
44428903,82313754,Неразобранное,143,Закрыто и не реализовано,2026-06-22T10:33:27.000Z,13268930,Комола (Rooftop hall)
44554871,82313754,Неразобранное,143,Закрыто и не реализовано,2026-06-22T10:32:28.000Z,13268930,Комола (Rooftop hall)
44678373,82313754,Неразобранное,143,Закрыто и не реализовано,2026-06-22T10:30:48.000Z,13268930,Комола (Rooftop hall)
44586679,82313754,Неразобранное,143,Закрыто и не реализовано,2026-06-22T10:30:03.000Z,13268930,Комола (Rooftop hall)
45051373,82313754,Неразобранное,143,Закрыто и не реализовано,2026-06-22T10:28:12.000Z,13268930,Комола (Rooftop hall)
44716387,82313754,Неразобранное,143,Закрыто и не реализовано,2026-06-22T09:34:56.000Z,13268930,Комола (Rooftop hall)
44595687,82313754,Неразобранное,143,Закрыто и не реализовано,2026-06-22T09:34:29.000Z,13268930,Комола (Rooftop hall)
44482159,82313754,Неразобранное,143,Закрыто и не реализовано,2026-06-22T07:52:30.000Z,13268930,Комола (Rooftop hall)
44966791,82313754,Неразобранное,143,Закрыто и не реализовано,2026-06-22T07:33:47.000Z,13268930,Комола (Rooftop hall)
44659145,82313754,Неразобранное,143,Закрыто и не реализовано,2026-06-22T07:32:26.000Z,13268930,Комола (Rooftop hall)
44447139,82313754,Неразобранное,143,Закрыто и не реализовано,2026-06-22T07:30:45.000Z,13268930,Комола (Rooftop hall)
44444883,82313754,Неразобранное,143,Закрыто и не реализовано,2026-06-22T07:25:12.000Z,13268930,Комола (Rooftop hall)
44462987,82313754,Неразобранное,143,Закрыто и не реализовано,2026-06-22T07:22:38.000Z,13268930,Комола (Rooftop hall)
44466021,82313754,Неразобранное,143,Закрыто и не реализовано,2026-06-22T07:21:04.000Z,13268930,Комола (Rooftop hall)
44517609,82313754,Неразобранное,143,Закрыто и не реализовано,2026-06-22T07:20:10.000Z,13268930,Комола (Rooftop hall)
44505237,82313754,Неразобранное,143,Закрыто и не реализовано,2026-06-22T07:17:27.000Z,13268930,Комола (Rooftop hall)
44552719,82313754,Неразобранное,143,Закрыто и не реализовано,2026-06-22T07:02:51.000Z,13268930,Комола (Rooftop hall)
44436793,82313754,Неразобранное,143,Закрыто и не реализовано,2026-06-22T07:01:01.000Z,13268930,Комола (Rooftop hall)
44557071,82313754,Неразобранное,143,Закрыто и не реализовано,2026-06-22T06:39:04.000Z,13268930,Комола (Rooftop hall)
44531981,82313754,Неразобранное,143,Закрыто и не реализовано,2026-06-22T06:38:05.000Z,13268930,Комола (Rooftop hall)
45035153,82313754,Неразобранное,143,Закрыто и не реализовано,2026-06-22T06:35:03.000Z,13268930,Комола (Rooftop hall)
44571499,82313754,Неразобранное,143,Закрыто и не реализовано,2026-06-22T06:27:53.000Z,13268930,Комола (Rooftop hall)
44562491,82313754,Неразобранное,143,Закрыто и не реализовано,2026-06-22T06:25:02.000Z,13268930,Комола (Rooftop hall)
44473599,82313754,Неразобранное,143,Закрыто и не реализовано,2026-06-22T06:24:18.000Z,13268930,Комола (Rooftop hall)
44466461,82313754,Неразобранное,143,Закрыто и не реализовано,2026-06-22T06:23:01.000Z,13268930,Комола (Rooftop hall)
44631647,82313754,Неразобранное,143,Закрыто и не реализовано,2026-06-22T06:22:09.000Z,13268930,Комола (Rooftop hall)
44478931,82313754,Неразобранное,143,Закрыто и не реализовано,2026-06-22T06:21:21.000Z,13268930,Комола (Rooftop hall)
44569363,82313754,Неразобранное,143,Закрыто и не реализовано,2026-06-22T06:20:19.000Z,13268930,Комола (Rooftop hall)
44676063,82313754,Неразобранное,143,Закрыто и не реализовано,2026-06-22T06:18:48.000Z,13268930,Комола (Rooftop hall)
44637409,82313754,Неразобранное,143,Закрыто и не реализовано,2026-06-22T06:16:58.000Z,13268930,Комола (Rooftop hall)
44679653,82313754,Неразобранное,143,Закрыто и не реализовано,2026-06-22T06:15:43.000Z,13268930,Комола (Rooftop hall)
44737195,82313754,Неразобранное,143,Закрыто и не реализовано,2026-06-22T06:14:40.000Z,13268930,Комола (Rooftop hall)
44684369,82313754,Неразобранное,143,Закрыто и не реализовано,2026-06-22T06:14:13.000Z,13268930,Комола (Rooftop hall)
44693499,82313754,Неразобранное,143,Закрыто и не реализовано,2026-06-22T06:13:50.000Z,13268930,Комола (Rooftop hall)
44677833,82313754,Неразобранное,143,Закрыто и не реализовано,2026-06-22T06:13:23.000Z,13268930,Комола (Rooftop hall)
44467471,82313754,Неразобранное,143,Закрыто и не реализовано,2026-06-22T06:13:00.000Z,13268930,Комола (Rooftop hall)
44566629,82313754,Неразобранное,143,Закрыто и не реализовано,2026-06-22T06:11:07.000Z,13268930,Комола (Rooftop hall)
44680483,82313754,Неразобранное,143,Закрыто и не реализовано,2026-06-22T06:10:20.000Z,13268930,Комола (Rooftop hall)
44584367,82313754,Неразобранное,143,Закрыто и не реализовано,2026-06-22T06:08:26.000Z,13268930,Комола (Rooftop hall)
44574409,82313754,Неразобранное,143,Закрыто и не реализовано,2026-06-22T06:05:54.000Z,13268930,Комола (Rooftop hall)
45012321,82313754,Неразобранное,143,Закрыто и не реализовано,2026-06-22T05:44:03.000Z,13268930,Комола (Rooftop hall)
44529773,82313754,Неразобранное,143,Закрыто и не реализовано,2026-06-22T05:43:43.000Z,13268930,Комола (Rooftop hall)
44435883,82313754,Неразобранное,143,Закрыто и не реализовано,2026-06-22T05:42:50.000Z,13268930,Комола (Rooftop hall)
45022227,82313754,Неразобранное,143,Закрыто и не реализовано,2026-06-22T05:26:08.000Z,13268930,Комола (Rooftop hall)
45023055,82313754,Неразобранное,143,Закрыто и не реализовано,2026-06-22T05:25:29.000Z,13268930,Комола (Rooftop hall)
44464329,82313754,Неразобранное,143,Закрыто и не реализовано,2026-06-22T05:20:10.000Z,13268930,Комола (Rooftop hall)
45017941,84174870,Неразобранное,84180098,INSTAGRAM неразобранное,2026-06-21T16:02:17.000Z,0,
45016425,84174870,Неразобранное,84180098,INSTAGRAM неразобранное,2026-06-21T15:46:24.000Z,0,
45016315,84174870,Неразобранное,84180098,INSTAGRAM неразобранное,2026-06-21T15:43:17.000Z,0,
45016051,84174870,Неразобранное,84180098,INSTAGRAM неразобранное,2026-06-21T15:35:32.000Z,0,
45015941,84174870,Неразобранное,84180098,INSTAGRAM неразобранное,2026-06-21T15:31:20.000Z,0,
45015917,84174870,Неразобранное,84180098,INSTAGRAM неразобранное,2026-06-21T15:30:24.000Z,0,
45015753,84174870,Неразобранное,84180098,INSTAGRAM неразобранное,2026-06-21T15:24:51.000Z,0,
45015739,84174870,Неразобранное,84180098,INSTAGRAM неразобранное,2026-06-21T15:24:36.000Z,0,
45015265,84174870,Неразобранное,84180098,INSTAGRAM неразобранное,2026-06-21T15:08:59.000Z,0,
45015139,84174870,Неразобранное,84180098,INSTAGRAM неразобранное,2026-06-21T15:05:23.000Z,0,
45014611,84174870,Неразобранное,84180098,INSTAGRAM неразобранное,2026-06-21T14:48:09.000Z,0,
45014383,82313754,Неразобранное,85355474,Instagram,2026-06-21T14:43:08.000Z,0,
45014443,84174870,Неразобранное,84180098,INSTAGRAM неразобранное,2026-06-21T14:42:46.000Z,0,
45014419,84174870,Неразобранное,84180098,INSTAGRAM неразобранное,2026-06-21T14:42:05.000Z,0,
45014339,84174870,Неразобранное,84180098,INSTAGRAM неразобранное,2026-06-21T14:39:57.000Z,0,
45013935,84174870,Неразобранное,84180098,INSTAGRAM неразобранное,2026-06-21T14:28:27.000Z,0,
45013747,84174870,Неразобранное,84180098,INSTAGRAM неразобранное,2026-06-21T14:20:37.000Z,0,
45013539,84174870,Неразобранное,84180098,INSTAGRAM неразобранное,2026-06-21T14:12:41.000Z,0,
45013429,84174870,Неразобранное,84180098,INSTAGRAM неразобранное,2026-06-21T14:09:39.000Z,0,
45013315,84174870,Неразобранное,84180098,INSTAGRAM неразобранное,2026-06-21T14:06:22.000Z,0,
45013243,84174870,Неразобранное,84180098,INSTAGRAM неразобранное,2026-06-21T14:03:56.000Z,0,
45012483,84174870,Неразобранное,84180098,INSTAGRAM неразобранное,2026-06-21T13:42:01.000Z,0,
45012299,84174870,Неразобранное,84180098,INSTAGRAM неразобранное,2026-06-21T13:36:42.000Z,0,
45011897,84174870,Неразобранное,84180098,INSTAGRAM неразобранное,2026-06-21T13:23:40.000Z,0,
45011427,84174870,Неразобранное,84180098,INSTAGRAM неразобранное,2026-06-21T13:10:40.000Z,0,
45011381,84174870,Неразобранное,84180098,INSTAGRAM неразобранное,2026-06-21T13:08:38.000Z,0,
45011263,84174870,Неразобранное,84180098,INSTAGRAM неразобранное,2026-06-21T13:04:45.000Z,0,
45011077,84174870,Неразобранное,84180098,INSTAGRAM неразобранное,2026-06-21T12:58:19.000Z,0,
45011029,84174870,Неразобранное,84180098,INSTAGRAM неразобранное,2026-06-21T12:56:56.000Z,0,
45009765,84174870,Неразобранное,84180098,INSTAGRAM неразобранное,2026-06-21T12:19:06.000Z,0,
45008009,84174870,Неразобранное,84180098,INSTAGRAM неразобранное,2026-06-21T11:38:45.000Z,0,
45006021,84174870,Неразобранное,84180098,INSTAGRAM неразобранное,2026-06-21T10:46:04.000Z,0,
45005859,84174870,Неразобранное,84180098,INSTAGRAM неразобранное,2026-06-21T10:42:31.000Z,0,
45004739,84174870,Неразобранное,84180098,INSTAGRAM неразобранное,2026-06-21T10:13:25.000Z,0,
45003629,84174870,Неразобранное,84180098,INSTAGRAM неразобранное,2026-06-21T09:45:23.000Z,0,
45003049,82313754,Неразобранное,85355474,Instagram,2026-06-21T09:33:10.000Z,0,
45002957,82313754,Неразобранное,85355474,Instagram,2026-06-21T09:31:10.000Z,0,
45002435,82313754,Неразобранное,85355474,Instagram,2026-06-21T09:18:10.000Z,0,
45001651,84174870,Неразобранное,84180098,INSTAGRAM неразобранное,2026-06-21T08:54:58.000Z,0,
45001299,82313754,Неразобранное,85355474,Instagram,2026-06-21T08:46:09.000Z,0,
